consumo_kwh,uso_horario_pico,quantidade_equipamentos,tipo_imovel,horas_alto_consumo,categoria
182,False,8,Casa,10,Eficiente
515,False,7,Apartamento,10,Ineficiente
350,True,12,Casa,7,Ineficiente
186,True,11,Apartamento,10,Moderado
151,True,3,Casa,5,Eficiente
100,True,15,Casa,10,Moderado
694,False,5,Apartamento,6,Moderado
201,True,5,Casa,1,Eficiente
546,True,13,Casa,4,Ineficiente
294,True,8,Casa,4,Eficiente
410,False,10,Comércio,11,Moderado
538,False,5,Apartamento,8,Ineficiente
167,True,5,Casa,2,Eficiente
452,False,8,Casa,1,Moderado
179,True,10,Comércio,7,Moderado
210,True,8,Apartamento,6,Eficiente
388,False,15,Casa,5,Moderado
423,True,14,Apartamento,8,Ineficiente
571,False,16,Apartamento,11,Ineficiente
493,False,12,Apartamento,2,Ineficiente
465,False,5,Apartamento,2,Moderado
271,False,6,Casa,9,Eficiente
356,True,3,Casa,1,Moderado
240,False,15,Comércio,6,Eficiente
539,True,10,Apartamento,3,Ineficiente
393,False,6,Casa,5,Eficiente
101,False,8,Comércio,8,Eficiente
332,False,13,Comércio,7,Ineficiente
640,False,5,Comércio,4,Moderado
554,True,13,Comércio,8,Ineficiente
138,False,14,Comércio,11,Moderado
590,False,13,Casa,11,Ineficiente
555,False,8,Apartamento,10,Ineficiente
269,False,14,Apartamento,11,Moderado
642,True,13,Casa,2,Ineficiente
646,True,11,Casa,7,Ineficiente
323,False,11,Comércio,5,Moderado
584,False,12,Casa,11,Ineficiente
210,True,5,Comércio,6,Eficiente
564,False,5,Casa,3,Moderado
100,True,6,Casa,11,Moderado
246,False,14,Apartamento,10,Moderado
353,True,9,Casa,7,Moderado
467,True,5,Apartamento,7,Ineficiente
680,True,12,Apartamento,2,Ineficiente
395,True,10,Casa,1,Moderado
93,True,13,Casa,10,Moderado
321,True,10,Casa,2,Moderado
425,True,8,Casa,8,Moderado
644,False,6,Apartamento,11,Ineficiente
419,False,13,Casa,10,Moderado
171,True,14,Casa,3,Moderado
446,False,13,Apartamento,11,Moderado
534,True,7,Casa,4,Ineficiente
507,False,14,Casa,8,Ineficiente
588,False,4,Casa,3,Moderado
114,True,15,Comércio,6,Moderado
285,True,8,Comércio,2,Eficiente
160,True,5,Apartamento,3,Eficiente
641,True,17,Casa,1,Ineficiente
467,False,8,Casa,9,Ineficiente
81,True,14,Apartamento,4,Moderado
469,True,7,Apartamento,6,Ineficiente
645,True,16,Comércio,7,Ineficiente
185,True,4,Casa,2,Eficiente
556,True,17,Casa,8,Ineficiente
481,True,14,Apartamento,9,Ineficiente
635,False,15,Apartamento,10,Ineficiente
241,True,16,Apartamento,11,Moderado
281,True,7,Apartamento,2,Eficiente
349,False,7,Comércio,5,Eficiente
350,True,16,Apartamento,2,Moderado
535,False,11,Comércio,11,Ineficiente
541,False,13,Comércio,5,Ineficiente
331,True,10,Apartamento,7,Moderado
375,True,14,Casa,6,Moderado
417,True,14,Casa,4,Moderado
132,True,9,Apartamento,2,Eficiente
296,True,17,Apartamento,7,Moderado
267,True,17,Comércio,10,Ineficiente
459,True,14,Casa,9,Ineficiente
572,True,15,Casa,1,Ineficiente
120,False,17,Apartamento,3,Eficiente
236,False,16,Casa,7,Moderado
94,True,5,Casa,9,Moderado
144,True,12,Casa,5,Moderado
600,False,6,Apartamento,7,Ineficiente
423,False,8,Casa,10,Moderado
208,False,5,Comércio,7,Eficiente
551,True,13,Casa,4,Ineficiente
142,False,11,Comércio,5,Eficiente
218,True,10,Apartamento,2,Eficiente
578,True,8,Casa,8,Ineficiente
672,True,6,Casa,1,Ineficiente
471,True,9,Casa,2,Ineficiente
498,True,15,Apartamento,3,Ineficiente
368,True,17,Casa,7,Ineficiente
458,False,13,Casa,6,Ineficiente
569,False,5,Apartamento,7,Ineficiente
310,True,12,Casa,11,Ineficiente
120,True,17,Casa,5,Moderado
107,True,10,Apartamento,4,Eficiente
214,False,3,Comércio,7,Eficiente
280,True,5,Casa,3,Eficiente
112,False,13,Casa,10,Moderado
127,True,7,Comércio,7,Moderado
582,True,7,Casa,2,Ineficiente
486,False,12,Comércio,8,Ineficiente
653,False,16,Casa,6,Ineficiente
178,True,4,Comércio,3,Eficiente
626,True,12,Casa,3,Ineficiente
692,False,10,Comércio,5,Moderado
541,True,7,Casa,3,Ineficiente
84,False,9,Apartamento,6,Eficiente
297,True,17,Casa,2,Moderado
582,False,9,Casa,8,Ineficiente
477,False,16,Apartamento,11,Ineficiente
472,True,7,Apartamento,11,Ineficiente
286,False,10,Comércio,9,Eficiente
94,True,11,Casa,7,Moderado
633,True,6,Comércio,3,Ineficiente
540,False,6,Casa,11,Ineficiente
654,True,10,Comércio,10,Ineficiente
320,False,3,Comércio,4,Eficiente
643,True,17,Casa,10,Ineficiente
175,True,6,Comércio,2,Eficiente
564,True,8,Apartamento,9,Ineficiente
486,True,15,Casa,5,Ineficiente
310,True,6,Apartamento,2,Moderado
250,False,8,Casa,10,Eficiente
620,False,7,Apartamento,6,Moderado
115,False,16,Casa,7,Moderado
604,True,11,Casa,2,Ineficiente
239,True,12,Casa,1,Moderado
322,True,11,Apartamento,7,Ineficiente
165,True,6,Comércio,1,Eficiente
657,True,15,Comércio,3,Ineficiente
636,True,16,Casa,4,Ineficiente
653,True,6,Casa,2,Ineficiente
107,False,14,Apartamento,7,Moderado
699,True,10,Apartamento,5,Ineficiente
635,True,12,Casa,1,Ineficiente
419,True,17,Casa,8,Ineficiente
410,True,6,Apartamento,10,Moderado
585,False,4,Casa,7,Ineficiente
427,True,15,Apartamento,4,Moderado
552,True,15,Apartamento,2,Ineficiente
310,True,16,Comércio,7,Ineficiente
269,True,17,Apartamento,11,Moderado
304,True,4,Casa,2,Moderado
464,False,3,Comércio,6,Moderado
456,False,7,Apartamento,1,Moderado
362,False,17,Casa,7,Moderado
338,True,8,Apartamento,7,Moderado
438,False,11,Casa,4,Moderado
535,True,7,Apartamento,4,Ineficiente
490,True,15,Apartamento,10,Ineficiente
397,False,8,Apartamento,5,Eficiente
304,True,8,Casa,2,Moderado
313,True,5,Casa,9,Moderado
453,False,14,Comércio,10,Ineficiente
687,True,6,Apartamento,4,Ineficiente
551,False,3,Casa,11,Ineficiente
312,True,6,Casa,9,Moderado
192,False,3,Casa,3,Eficiente
576,False,17,Apartamento,9,Ineficiente
521,False,7,Apartamento,1,Moderado
643,True,13,Apartamento,7,Ineficiente
347,True,13,Apartamento,4,Moderado
589,True,10,Apartamento,7,Ineficiente
465,True,10,Casa,10,Ineficiente
466,True,7,Casa,6,Ineficiente
192,False,16,Apartamento,4,Eficiente
692,True,12,Comércio,4,Ineficiente
160,False,4,Apartamento,8,Eficiente
192,True,14,Apartamento,7,Moderado
81,True,8,Apartamento,4,Eficiente
299,True,3,Comércio,11,Moderado
645,False,9,Casa,6,Moderado
304,False,13,Casa,6,Moderado
464,False,6,Comércio,1,Moderado
482,False,7,Comércio,2,Moderado
209,True,8,Casa,4,Eficiente
132,True,13,Apartamento,6,Moderado
495,True,3,Casa,6,Ineficiente
326,False,11,Casa,1,Moderado
518,True,12,Comércio,8,Ineficiente
282,True,6,Casa,2,Eficiente
263,False,10,Comércio,5,Eficiente
202,False,7,Casa,4,Eficiente
480,False,13,Apartamento,5,Ineficiente
373,False,10,Casa,5,Eficiente
359,False,17,Apartamento,10,Moderado
689,True,3,Apartamento,8,Ineficiente
277,True,10,Apartamento,10,Moderado
590,False,13,Casa,7,Ineficiente
223,False,15,Casa,9,Moderado
688,True,13,Casa,11,Ineficiente
280,False,6,Casa,1,Eficiente
203,True,4,Apartamento,6,Eficiente
266,True,13,Apartamento,6,Moderado
405,False,8,Apartamento,2,Eficiente
543,True,4,Apartamento,11,Ineficiente
428,True,7,Casa,8,Moderado
482,True,4,Casa,6,Ineficiente
425,False,5,Casa,11,Moderado
590,True,13,Apartamento,10,Ineficiente
226,False,8,Apartamento,9,Eficiente
227,False,3,Casa,10,Eficiente
568,True,8,Casa,5,Ineficiente
630,False,5,Comércio,7,Ineficiente
417,True,9,Apartamento,6,Moderado
552,False,4,Apartamento,11,Ineficiente
230,True,16,Casa,5,Moderado
494,False,8,Casa,6,Moderado
377,True,10,Comércio,4,Moderado
690,True,17,Apartamento,3,Ineficiente
342,True,17,Casa,1,Moderado
223,True,17,Apartamento,1,Moderado
425,False,3,Apartamento,6,Eficiente
651,True,13,Casa,9,Ineficiente
81,False,13,Casa,8,Moderado
383,True,15,Casa,2,Moderado
333,True,11,Casa,9,Ineficiente
532,False,7,Apartamento,8,Ineficiente
116,True,7,Casa,9,Moderado
239,False,15,Apartamento,4,Eficiente
88,False,14,Comércio,9,Moderado
312,False,7,Casa,2,Eficiente
178,True,8,Apartamento,1,Eficiente
287,False,4,Apartamento,9,Eficiente
210,False,8,Apartamento,10,Eficiente
483,False,16,Apartamento,8,Ineficiente
231,True,13,Casa,7,Moderado
133,False,6,Apartamento,8,Eficiente
199,False,10,Apartamento,1,Eficiente
666,False,15,Comércio,9,Ineficiente
499,True,13,Casa,10,Ineficiente
501,True,11,Comércio,11,Ineficiente
183,False,11,Casa,9,Moderado
333,True,10,Comércio,11,Ineficiente
306,False,5,Apartamento,9,Moderado
191,True,12,Apartamento,6,Moderado
589,True,13,Apartamento,4,Ineficiente
552,True,13,Casa,2,Ineficiente
178,True,6,Casa,11,Moderado
232,False,3,Casa,4,Eficiente
417,False,11,Casa,7,Moderado
242,False,7,Casa,1,Eficiente
240,True,8,Apartamento,9,Moderado
659,False,5,Apartamento,3,Moderado
477,False,13,Casa,4,Ineficiente
356,False,12,Comércio,5,Moderado
583,True,10,Apartamento,3,Ineficiente
471,False,17,Comércio,4,Ineficiente
214,False,9,Apartamento,5,Eficiente
274,False,3,Casa,1,Eficiente
480,True,12,Apartamento,9,Ineficiente
112,False,14,Apartamento,10,Moderado
539,False,7,Casa,10,Ineficiente
549,True,12,Casa,4,Ineficiente
454,True,11,Casa,9,Ineficiente
101,True,14,Casa,4,Moderado
117,True,13,Casa,1,Moderado
309,True,14,Apartamento,5,Moderado
444,False,8,Casa,9,Moderado
642,False,10,Apartamento,3,Moderado
517,False,12,Apartamento,5,Ineficiente
362,False,3,Casa,3,Eficiente
106,True,12,Casa,3,Moderado
305,True,13,Casa,1,Moderado
356,False,9,Casa,2,Eficiente
688,True,5,Casa,2,Ineficiente
363,True,11,Casa,9,Ineficiente
560,True,8,Apartamento,7,Ineficiente
532,True,7,Apartamento,8,Ineficiente
595,False,10,Casa,2,Moderado
626,True,10,Casa,9,Ineficiente
271,True,14,Apartamento,3,Moderado
128,True,14,Comércio,10,Ineficiente
591,False,5,Apartamento,2,Moderado
96,True,4,Apartamento,1,Eficiente
251,False,17,Casa,9,Moderado
299,True,4,Casa,8,Moderado
237,True,16,Comércio,11,Ineficiente
556,True,7,Casa,4,Ineficiente
125,True,12,Comércio,7,Ineficiente
452,True,14,Apartamento,3,Ineficiente
597,True,9,Apartamento,3,Ineficiente
178,False,10,Casa,4,Eficiente
116,True,12,Apartamento,2,Moderado
359,False,17,Apartamento,10,Moderado
428,True,10,Casa,4,Moderado
576,True,15,Casa,10,Ineficiente
381,True,14,Comércio,3,Ineficiente
260,False,10,Apartamento,8,Eficiente
686,True,17,Casa,11,Ineficiente
178,True,12,Casa,2,Moderado
195,True,14,Apartamento,11,Moderado
270,True,13,Apartamento,9,Moderado
332,True,5,Apartamento,3,Moderado
240,False,16,Apartamento,4,Eficiente
335,True,13,Casa,10,Ineficiente
402,True,4,Apartamento,10,Moderado
207,False,15,Casa,3,Eficiente
97,True,6,Comércio,3,Eficiente
645,True,17,Apartamento,8,Ineficiente
649,True,3,Casa,8,Ineficiente
402,False,5,Casa,6,Eficiente
367,True,13,Apartamento,4,Moderado
234,True,11,Casa,1,Moderado
569,True,9,Casa,4,Ineficiente
465,False,9,Apartamento,8,Ineficiente
183,True,3,Casa,6,Eficiente
472,False,9,Apartamento,2,Moderado
325,False,12,Casa,3,Moderado
255,False,9,Apartamento,7,Eficiente
118,True,6,Casa,11,Moderado
556,True,9,Casa,11,Ineficiente
617,True,10,Comércio,4,Ineficiente
487,True,5,Apartamento,4,Ineficiente
604,True,15,Casa,5,Ineficiente
585,False,12,Casa,8,Ineficiente
115,True,4,Apartamento,7,Moderado
99,True,9,Apartamento,9,Moderado
400,False,7,Comércio,5,Eficiente
591,False,7,Comércio,1,Moderado
479,True,16,Apartamento,4,Ineficiente
550,False,7,Casa,6,Moderado
222,True,17,Apartamento,6,Moderado
171,False,9,Apartamento,9,Eficiente
433,False,11,Casa,10,Moderado
130,False,13,Casa,5,Eficiente
654,False,10,Casa,5,Moderado
269,True,8,Casa,6,Eficiente
204,True,9,Casa,11,Moderado
229,False,11,Apartamento,6,Eficiente
393,True,16,Apartamento,3,Moderado
649,False,13,Apartamento,6,Ineficiente
421,True,8,Casa,8,Moderado
384,True,3,Casa,6,Moderado
133,True,6,Apartamento,11,Moderado
523,True,10,Casa,5,Ineficiente
692,False,9,Apartamento,3,Moderado
343,False,5,Comércio,1,Eficiente
132,False,12,Casa,5,Eficiente
651,False,5,Casa,6,Moderado
699,False,13,Apartamento,6,Ineficiente
84,False,5,Comércio,6,Eficiente
182,True,14,Apartamento,3,Moderado
275,False,17,Comércio,4,Eficiente
429,True,3,Casa,3,Moderado
126,True,17,Comércio,2,Moderado
348,False,12,Casa,8,Moderado
449,True,3,Casa,7,Moderado
185,True,8,Comércio,11,Moderado
199,True,16,Comércio,8,Ineficiente
683,True,16,Casa,6,Ineficiente
137,False,3,Casa,11,Eficiente
425,True,7,Casa,7,Moderado
553,True,6,Casa,1,Ineficiente
196,True,7,Casa,10,Moderado
206,True,9,Comércio,5,Eficiente
472,False,8,Apartamento,4,Moderado
137,True,14,Apartamento,10,Moderado
592,True,11,Apartamento,3,Ineficiente
175,False,8,Apartamento,2,Eficiente
197,False,11,Apartamento,9,Moderado
639,False,6,Apartamento,8,Ineficiente
680,False,3,Casa,10,Ineficiente
567,True,3,Apartamento,2,Ineficiente
316,True,12,Apartamento,6,Moderado
351,True,9,Apartamento,3,Moderado
268,False,15,Comércio,3,Eficiente
526,True,15,Casa,5,Ineficiente
660,True,15,Apartamento,7,Ineficiente
326,True,5,Casa,7,Moderado
155,True,4,Apartamento,11,Moderado
233,True,16,Casa,10,Moderado
514,False,8,Casa,1,Moderado
165,True,8,Casa,11,Moderado
364,False,15,Apartamento,7,Moderado
299,False,9,Casa,7,Eficiente
148,True,7,Comércio,6,Eficiente
126,True,10,Casa,6,Eficiente
173,True,9,Comércio,2,Eficiente
532,True,4,Apartamento,3,Ineficiente
283,False,17,Casa,3,Eficiente
297,True,3,Casa,3,Eficiente
553,True,15,Apartamento,2,Ineficiente
511,True,16,Apartamento,9,Ineficiente
420,False,11,Apartamento,6,Moderado
630,False,7,Casa,2,Moderado
691,False,14,Apartamento,3,Ineficiente
368,False,13,Comércio,10,Ineficiente
333,True,7,Casa,6,Moderado
436,False,14,Casa,4,Moderado
102,True,12,Casa,7,Moderado
601,False,6,Apartamento,6,Moderado
179,False,4,Apartamento,6,Eficiente
259,True,7,Casa,3,Eficiente
302,False,4,Casa,11,Moderado
521,False,14,Casa,8,Ineficiente
687,True,9,Casa,9,Ineficiente
404,False,13,Casa,6,Moderado
595,True,11,Comércio,2,Ineficiente
95,False,11,Apartamento,1,Eficiente
415,True,13,Casa,3,Moderado
337,True,8,Comércio,3,Moderado
576,False,3,Apartamento,8,Ineficiente
239,False,15,Apartamento,5,Eficiente
554,False,8,Casa,1,Moderado
459,True,7,Casa,11,Ineficiente
624,False,6,Comércio,4,Moderado
506,True,14,Apartamento,7,Ineficiente
692,False,8,Casa,5,Moderado
347,True,8,Apartamento,10,Moderado
656,True,16,Comércio,6,Ineficiente
496,False,8,Casa,10,Ineficiente
247,True,4,Apartamento,4,Eficiente
122,True,17,Comércio,2,Moderado
635,True,16,Casa,9,Ineficiente
364,True,9,Apartamento,2,Moderado
476,True,16,Apartamento,2,Ineficiente
91,True,6,Apartamento,2,Eficiente
686,True,15,Casa,1,Ineficiente
381,True,17,Casa,3,Moderado
332,False,14,Apartamento,6,Moderado
578,True,11,Casa,7,Ineficiente
114,False,12,Casa,1,Eficiente
169,False,4,Casa,5,Eficiente
684,True,7,Casa,5,Ineficiente
681,False,16,Comércio,1,Ineficiente
497,False,6,Casa,4,Moderado
194,False,11,Comércio,10,Moderado
696,False,6,Casa,1,Moderado
275,True,10,Apartamento,1,Eficiente
580,False,10,Casa,7,Ineficiente
572,False,8,Apartamento,7,Ineficiente
154,False,8,Apartamento,3,Eficiente
492,True,13,Casa,7,Ineficiente
455,False,10,Comércio,3,Moderado
499,False,14,Casa,2,Ineficiente
356,True,15,Apartamento,10,Ineficiente
473,True,14,Comércio,4,Ineficiente
536,True,12,Comércio,10,Ineficiente
271,False,11,Comércio,3,Eficiente
178,False,17,Casa,7,Moderado
627,False,7,Casa,1,Moderado
175,True,13,Casa,6,Moderado
269,False,3,Apartamento,2,Eficiente
116,True,3,Apartamento,8,Moderado
448,True,17,Casa,5,Moderado
604,False,4,Apartamento,3,Moderado
358,False,12,Casa,10,Moderado
296,False,12,Casa,7,Moderado
352,False,7,Apartamento,11,Moderado
141,True,6,Apartamento,2,Eficiente
675,True,3,Apartamento,5,Ineficiente
421,False,6,Casa,11,Moderado
476,False,6,Apartamento,8,Ineficiente
98,True,12,Casa,11,Moderado
256,True,6,Casa,1,Eficiente
691,True,3,Apartamento,1,Ineficiente
475,False,11,Comércio,3,Ineficiente
524,True,16,Casa,3,Ineficiente
312,True,5,Casa,7,Moderado
155,True,15,Apartamento,6,Moderado
344,True,6,Casa,7,Moderado
534,False,7,Apartamento,4,Moderado
463,True,15,Apartamento,11,Ineficiente
643,False,15,Casa,2,Ineficiente
585,False,9,Apartamento,2,Moderado
446,False,8,Apartamento,10,Moderado
223,True,7,Casa,1,Eficiente
148,False,10,Apartamento,9,Eficiente
178,False,16,Casa,7,Moderado
475,False,3,Apartamento,10,Ineficiente
104,False,9,Casa,3,Eficiente
548,True,14,Apartamento,2,Ineficiente
563,True,8,Casa,3,Ineficiente
644,True,13,Casa,7,Ineficiente
230,True,7,Apartamento,5,Eficiente
223,True,9,Casa,3,Eficiente
648,True,5,Casa,9,Ineficiente
118,True,3,Casa,2,Eficiente
188,True,11,Casa,7,Moderado
121,True,4,Comércio,10,Moderado
265,True,15,Apartamento,6,Moderado
477,True,12,Casa,6,Ineficiente
302,True,17,Apartamento,7,Ineficiente
212,True,5,Apartamento,6,Eficiente
242,True,10,Comércio,2,Eficiente
294,False,14,Casa,11,Moderado
314,True,12,Apartamento,5,Moderado
667,True,11,Apartamento,3,Ineficiente
88,True,15,Apartamento,9,Moderado
153,False,5,Apartamento,8,Eficiente
571,False,8,Casa,10,Ineficiente
332,False,9,Apartamento,11,Moderado
309,False,17,Apartamento,2,Moderado
598,True,3,Comércio,1,Ineficiente
253,True,16,Casa,4,Moderado
247,True,9,Apartamento,4,Eficiente
249,False,6,Comércio,10,Eficiente
472,False,7,Apartamento,11,Ineficiente
273,False,10,Comércio,2,Eficiente
596,True,6,Apartamento,7,Ineficiente
108,False,17,Casa,3,Eficiente
244,True,6,Apartamento,7,Moderado
501,True,10,Casa,7,Ineficiente
418,True,17,Apartamento,1,Moderado
575,False,7,Casa,6,Moderado
444,True,15,Apartamento,4,Moderado
421,False,8,Apartamento,11,Moderado
579,True,14,Casa,8,Ineficiente
590,False,13,Casa,8,Ineficiente
406,True,16,Comércio,3,Ineficiente
296,True,7,Casa,4,Eficiente
380,False,3,Casa,1,Eficiente
211,False,9,Casa,10,Eficiente
149,False,8,Comércio,2,Eficiente
331,False,4,Comércio,7,Moderado
494,False,13,Apartamento,11,Ineficiente
524,True,9,Comércio,7,Ineficiente
261,False,8,Casa,9,Eficiente
246,True,7,Comércio,10,Moderado
170,True,10,Casa,9,Moderado
610,True,7,Casa,9,Ineficiente
118,False,13,Casa,6,Eficiente
205,False,4,Apartamento,8,Eficiente
530,True,8,Apartamento,9,Ineficiente
252,False,16,Casa,7,Moderado
299,False,14,Comércio,4,Eficiente
137,True,3,Casa,4,Eficiente
555,True,7,Casa,6,Ineficiente
535,False,16,Apartamento,11,Ineficiente
440,True,8,Apartamento,4,Moderado
80,False,17,Apartamento,11,Moderado
466,True,9,Apartamento,7,Ineficiente
427,True,16,Apartamento,8,Ineficiente
269,False,4,Casa,8,Eficiente
584,False,3,Apartamento,8,Ineficiente
270,False,8,Comércio,2,Eficiente
587,False,5,Casa,10,Ineficiente
448,False,7,Comércio,2,Eficiente
488,False,14,Apartamento,2,Ineficiente
196,True,17,Casa,2,Moderado
213,True,13,Comércio,4,Moderado
137,True,15,Apartamento,5,Moderado
635,False,17,Casa,4,Ineficiente
252,True,4,Casa,5,Eficiente
228,False,17,Casa,4,Eficiente
159,True,3,Apartamento,7,Moderado
292,False,3,Apartamento,10,Eficiente
282,False,15,Comércio,1,Eficiente
308,True,13,Casa,1,Moderado
306,False,6,Casa,2,Eficiente
611,True,12,Casa,1,Ineficiente
520,True,15,Apartamento,10,Ineficiente
481,False,4,Comércio,10,Ineficiente
126,True,3,Apartamento,11,Moderado
312,False,8,Casa,3,Eficiente
384,True,16,Comércio,6,Ineficiente
605,True,6,Apartamento,10,Ineficiente
222,False,12,Casa,11,Moderado
494,True,15,Apartamento,6,Ineficiente
592,False,14,Casa,1,Ineficiente
452,False,17,Casa,6,Ineficiente
645,True,9,Casa,5,Ineficiente
338,True,13,Apartamento,7,Ineficiente
550,True,8,Casa,6,Ineficiente
91,True,7,Casa,7,Moderado
409,True,12,Casa,2,Moderado
437,True,14,Apartamento,1,Moderado
487,True,15,Comércio,7,Ineficiente
452,True,14,Apartamento,9,Ineficiente
87,False,14,Casa,2,Eficiente
201,False,14,Casa,7,Moderado
427,False,4,Casa,3,Eficiente
169,True,7,Casa,6,Eficiente
395,False,11,Apartamento,3,Moderado
257,True,11,Apartamento,10,Moderado
619,False,4,Apartamento,11,Ineficiente
120,False,9,Apartamento,11,Eficiente
581,True,12,Casa,11,Ineficiente
224,False,16,Casa,5,Eficiente
280,False,6,Apartamento,2,Eficiente
540,False,15,Casa,8,Ineficiente
637,False,15,Casa,8,Ineficiente
626,True,5,Casa,7,Ineficiente
332,True,13,Casa,6,Moderado
469,True,3,Casa,1,Ineficiente
673,False,5,Apartamento,8,Ineficiente
335,True,13,Comércio,1,Ineficiente
529,False,11,Casa,8,Ineficiente
89,True,16,Casa,11,Moderado
321,True,17,Apartamento,2,Moderado
330,True,11,Casa,8,Ineficiente
84,False,9,Casa,10,Eficiente
198,True,5,Casa,4,Eficiente
453,True,15,Casa,7,Ineficiente
144,True,5,Apartamento,5,Eficiente
225,True,6,Apartamento,8,Moderado
303,True,9,Casa,6,Moderado
318,False,9,Casa,5,Eficiente
256,True,14,Casa,1,Moderado
361,True,14,Casa,3,Moderado
142,False,16,Comércio,10,Moderado
296,False,4,Apartamento,9,Eficiente
540,False,14,Apartamento,9,Ineficiente
689,True,17,Apartamento,5,Ineficiente
184,False,7,Apartamento,3,Eficiente
178,False,9,Apartamento,6,Eficiente
590,False,9,Casa,5,Moderado
464,True,8,Casa,1,Ineficiente
484,False,12,Apartamento,2,Ineficiente
597,False,12,Casa,5,Ineficiente
555,True,14,Comércio,9,Ineficiente
516,True,10,Apartamento,4,Ineficiente
102,False,5,Comércio,9,Eficiente
644,False,17,Casa,3,Ineficiente
537,True,3,Comércio,1,Ineficiente
162,False,5,Casa,6,Eficiente
224,True,13,Comércio,10,Ineficiente
164,True,4,Casa,7,Moderado
157,False,4,Apartamento,4,Eficiente
536,True,16,Apartamento,10,Ineficiente
80,True,16,Casa,5,Moderado
130,False,4,Apartamento,4,Eficiente
525,True,7,Comércio,3,Ineficiente
528,True,15,Casa,1,Ineficiente
567,False,3,Apartamento,6,Moderado
113,False,12,Casa,10,Moderado
427,False,6,Apartamento,5,Eficiente
174,False,16,Apartamento,11,Moderado
151,True,12,Casa,1,Moderado
630,False,7,Casa,5,Moderado
233,True,4,Apartamento,6,Eficiente
329,False,7,Casa,10,Moderado
517,True,12,Casa,5,Ineficiente
197,False,17,Apartamento,1,Eficiente
385,True,6,Casa,5,Moderado
347,True,10,Casa,10,Moderado
133,False,3,Apartamento,1,Eficiente
315,False,17,Casa,11,Moderado
468,False,14,Casa,3,Ineficiente
480,True,7,Casa,2,Ineficiente
382,True,16,Apartamento,1,Moderado
286,False,16,Apartamento,4,Eficiente
308,False,13,Apartamento,2,Moderado
657,False,14,Casa,5,Ineficiente
154,False,12,Casa,10,Moderado
514,False,3,Casa,1,Moderado
182,False,12,Casa,10,Moderado
501,False,12,Comércio,1,Ineficiente
385,False,6,Casa,11,Moderado
177,False,10,Casa,10,Eficiente
414,False,3,Casa,4,Eficiente
514,False,13,Apartamento,7,Ineficiente
526,False,17,Apartamento,2,Ineficiente
387,True,4,Apartamento,2,Moderado
328,True,3,Comércio,1,Moderado
245,False,13,Apartamento,5,Eficiente
560,False,9,Casa,6,Moderado
414,False,4,Casa,6,Eficiente
621,False,3,Apartamento,2,Moderado
185,False,17,Apartamento,7,Moderado
642,True,14,Apartamento,6,Ineficiente
160,False,8,Apartamento,8,Eficiente
212,False,8,Apartamento,6,Eficiente
217,True,12,Comércio,9,Ineficiente
263,True,4,Apartamento,10,Moderado
480,True,17,Apartamento,2,Ineficiente
409,True,3,Casa,7,Moderado
587,True,16,Apartamento,5,Ineficiente
148,True,12,Comércio,1,Moderado
625,True,5,Casa,3,Ineficiente
132,True,12,Apartamento,4,Moderado
529,True,16,Apartamento,2,Ineficiente
284,False,7,Casa,7,Eficiente
205,False,8,Apartamento,1,Eficiente
122,False,5,Casa,3,Eficiente
190,True,11,Comércio,9,Ineficiente
262,True,13,Apartamento,11,Moderado
174,True,7,Casa,2,Eficiente
453,True,15,Casa,5,Ineficiente
599,True,4,Apartamento,4,Ineficiente
439,True,12,Casa,3,Moderado
360,True,8,Casa,5,Moderado
274,False,14,Apartamento,6,Eficiente
274,True,10,Casa,1,Eficiente
172,True,13,Casa,2,Moderado
140,False,8,Apartamento,1,Eficiente
130,True,6,Comércio,3,Eficiente
482,True,8,Apartamento,8,Ineficiente
84,False,10,Apartamento,8,Eficiente
545,False,10,Casa,4,Moderado
683,False,15,Casa,6,Ineficiente
613,True,12,Casa,9,Ineficiente
484,True,4,Apartamento,7,Ineficiente
592,True,10,Comércio,2,Ineficiente
312,True,8,Apartamento,11,Moderado
603,False,4,Comércio,2,Moderado
425,False,3,Apartamento,3,Eficiente
125,True,8,Casa,8,Moderado
625,False,15,Casa,10,Ineficiente
157,True,9,Casa,9,Moderado
152,False,16,Casa,3,Eficiente
328,True,16,Apartamento,9,Ineficiente
126,True,12,Casa,10,Moderado
200,True,7,Apartamento,8,Moderado
293,False,16,Apartamento,5,Eficiente
318,False,12,Casa,11,Moderado
135,True,10,Apartamento,10,Moderado
429,True,13,Apartamento,3,Moderado
186,True,15,Casa,11,Moderado
127,True,14,Apartamento,7,Moderado
652,False,11,Apartamento,9,Ineficiente
416,True,6,Apartamento,6,Moderado
105,True,9,Comércio,3,Eficiente
336,False,10,Comércio,5,Eficiente
87,True,15,Comércio,7,Ineficiente
332,False,8,Casa,8,Moderado
382,False,4,Casa,4,Eficiente
135,True,9,Casa,2,Eficiente
605,False,15,Casa,10,Ineficiente
553,False,11,Comércio,2,Ineficiente
107,True,7,Apartamento,3,Eficiente
157,True,17,Casa,8,Moderado
295,True,4,Casa,1,Eficiente
465,False,6,Casa,7,Ineficiente
444,False,5,Apartamento,6,Eficiente
605,False,6,Apartamento,2,Moderado
391,False,12,Comércio,9,Ineficiente
86,False,9,Comércio,5,Eficiente
82,False,12,Casa,2,Eficiente
442,True,10,Casa,3,Moderado
587,True,3,Casa,7,Ineficiente
353,True,15,Casa,7,Ineficiente
585,False,10,Comércio,10,Ineficiente
94,True,7,Apartamento,1,Eficiente
271,True,14,Apartamento,10,Moderado
564,True,9,Apartamento,11,Ineficiente
107,True,13,Casa,11,Moderado
118,False,13,Casa,4,Eficiente
352,True,3,Apartamento,6,Moderado
310,False,4,Apartamento,8,Moderado
165,True,3,Casa,3,Eficiente
553,False,7,Apartamento,3,Moderado
205,True,16,Apartamento,8,Moderado
616,True,16,Casa,8,Ineficiente
224,False,8,Apartamento,8,Eficiente
604,True,12,Casa,1,Ineficiente
291,True,11,Apartamento,8,Moderado
104,True,10,Apartamento,8,Moderado
659,True,9,Comércio,2,Ineficiente
473,True,14,Casa,9,Ineficiente
146,True,7,Casa,7,Moderado
312,False,16,Casa,8,Moderado
188,False,17,Casa,2,Eficiente
225,True,5,Apartamento,4,Eficiente
190,False,11,Comércio,7,Moderado
307,True,15,Casa,6,Moderado
190,False,7,Casa,7,Eficiente
549,False,5,Casa,1,Moderado
113,False,5,Apartamento,8,Eficiente
448,True,5,Casa,7,Moderado
674,True,16,Casa,4,Ineficiente
633,True,8,Apartamento,1,Ineficiente
504,True,3,Casa,8,Ineficiente
692,True,13,Apartamento,10,Ineficiente
597,True,6,Apartamento,7,Ineficiente
361,True,15,Casa,8,Ineficiente
399,True,10,Apartamento,10,Moderado
522,False,5,Apartamento,1,Moderado
394,False,7,Apartamento,5,Eficiente
456,False,4,Casa,9,Ineficiente
368,True,17,Casa,5,Moderado
516,False,4,Apartamento,10,Ineficiente
356,False,13,Apartamento,3,Moderado
661,True,15,Casa,9,Ineficiente
582,True,9,Casa,9,Ineficiente
595,False,12,Casa,4,Ineficiente
429,True,5,Casa,4,Moderado
525,True,7,Apartamento,11,Ineficiente
429,True,5,Casa,8,Moderado
686,True,8,Casa,7,Ineficiente
216,False,15,Apartamento,11,Moderado
322,False,12,Casa,5,Moderado
622,True,5,Apartamento,6,Ineficiente
119,True,10,Apartamento,3,Eficiente
308,False,4,Casa,6,Eficiente
627,False,5,Apartamento,8,Ineficiente
302,True,10,Apartamento,10,Moderado
85,False,10,Casa,11,Eficiente
401,True,3,Casa,9,Moderado
547,True,10,Apartamento,3,Ineficiente
154,False,12,Comércio,8,Moderado
83,True,4,Apartamento,3,Eficiente
197,False,14,Casa,2,Eficiente
685,False,9,Apartamento,5,Moderado
583,False,8,Casa,4,Moderado
653,True,4,Apartamento,5,Ineficiente
520,True,7,Apartamento,6,Ineficiente
273,True,9,Apartamento,3,Eficiente
471,True,10,Apartamento,1,Ineficiente
105,False,5,Apartamento,4,Eficiente
514,False,3,Apartamento,6,Moderado
252,False,15,Casa,2,Eficiente
379,False,9,Apartamento,2,Eficiente
405,False,15,Comércio,1,Moderado
489,True,7,Casa,9,Ineficiente
197,True,7,Apartamento,3,Eficiente
304,False,9,Casa,2,Eficiente
611,True,3,Apartamento,4,Ineficiente
192,True,10,Apartamento,6,Eficiente
219,True,14,Casa,1,Moderado
638,False,16,Comércio,9,Ineficiente
80,True,12,Casa,9,Moderado
169,False,17,Apartamento,8,Moderado
399,False,7,Apartamento,6,Eficiente
629,True,10,Casa,4,Ineficiente
218,True,12,Casa,2,Moderado
590,True,17,Casa,8,Ineficiente
338,False,12,Apartamento,7,Moderado
89,False,7,Apartamento,4,Eficiente
340,False,14,Casa,3,Moderado
251,False,9,Casa,6,Eficiente
92,True,12,Casa,1,Moderado
247,True,5,Apartamento,2,Eficiente
675,False,4,Apartamento,7,Ineficiente
400,True,8,Casa,11,Moderado
398,True,7,Apartamento,3,Moderado
692,True,11,Casa,1,Ineficiente
408,True,12,Comércio,2,Ineficiente
629,True,6,Comércio,10,Ineficiente
498,True,13,Apartamento,10,Ineficiente
685,True,5,Comércio,9,Ineficiente
174,True,11,Apartamento,7,Moderado
660,False,10,Apartamento,7,Ineficiente
397,False,8,Apartamento,10,Moderado
315,True,3,Casa,8,Moderado
413,False,16,Casa,8,Moderado
455,True,12,Casa,9,Ineficiente
538,True,15,Apartamento,2,Ineficiente
216,False,14,Casa,8,Moderado
667,False,13,Casa,8,Ineficiente
626,False,3,Apartamento,5,Moderado
592,True,14,Casa,5,Ineficiente
375,True,8,Apartamento,4,Moderado
399,False,15,Comércio,5,Moderado
651,True,5,Apartamento,2,Ineficiente
428,True,5,Apartamento,2,Moderado
308,False,8,Apartamento,5,Eficiente
349,False,15,Apartamento,11,Moderado
370,False,5,Casa,3,Eficiente
244,True,15,Comércio,1,Moderado
84,False,13,Casa,9,Moderado
458,True,12,Casa,2,Ineficiente
157,True,8,Apartamento,10,Moderado
489,False,7,Casa,2,Moderado
653,True,6,Casa,4,Ineficiente
211,True,10,Casa,2,Eficiente
680,False,4,Casa,7,Ineficiente
121,True,17,Casa,10,Moderado
168,True,14,Casa,1,Moderado
481,True,16,Apartamento,11,Ineficiente
375,True,13,Apartamento,2,Moderado
374,True,9,Casa,11,Moderado
695,False,6,Comércio,5,Moderado
605,False,4,Casa,2,Moderado
501,True,17,Casa,9,Ineficiente
102,False,9,Casa,4,Eficiente
654,True,15,Apartamento,9,Ineficiente
222,True,3,Casa,11,Moderado
224,False,6,Apartamento,1,Eficiente
304,True,11,Apartamento,1,Moderado
582,False,16,Apartamento,1,Ineficiente
695,True,6,Apartamento,4,Ineficiente
183,False,14,Comércio,9,Moderado
118,True,15,Casa,8,Moderado
277,True,5,Casa,7,Moderado
658,True,12,Apartamento,1,Ineficiente
470,False,12,Apartamento,3,Ineficiente
258,True,4,Casa,9,Moderado
633,False,16,Casa,9,Ineficiente
527,True,17,Apartamento,5,Ineficiente
579,True,5,Casa,6,Ineficiente
94,True,3,Casa,11,Moderado
368,False,12,Comércio,6,Moderado
557,False,10,Apartamento,10,Ineficiente
310,True,3,Apartamento,4,Moderado
499,False,5,Apartamento,1,Moderado
236,True,16,Comércio,5,Moderado
629,False,5,Casa,1,Moderado
520,False,15,Casa,1,Ineficiente
176,True,17,Apartamento,11,Moderado
490,True,4,Apartamento,5,Ineficiente
368,False,16,Casa,5,Moderado
333,False,7,Comércio,7,Moderado
275,False,12,Apartamento,2,Eficiente
677,True,5,Casa,6,Ineficiente
601,True,5,Casa,2,Ineficiente
596,True,10,Casa,10,Ineficiente
197,False,6,Apartamento,5,Eficiente
238,False,6,Comércio,4,Eficiente
307,True,5,Casa,11,Moderado
295,True,13,Comércio,10,Ineficiente
94,True,3,Apartamento,5,Eficiente
236,True,10,Apartamento,2,Eficiente
340,True,17,Apartamento,8,Ineficiente
236,True,3,Casa,8,Moderado
126,True,9,Apartamento,6,Eficiente
403,True,7,Casa,3,Moderado
209,True,6,Apartamento,4,Eficiente
490,True,6,Casa,1,Ineficiente
174,True,10,Apartamento,9,Moderado
371,True,13,Apartamento,10,Ineficiente
362,True,13,Casa,5,Moderado
148,True,15,Casa,8,Moderado
90,True,16,Apartamento,3,Moderado
333,False,8,Apartamento,4,Eficiente
629,False,16,Casa,4,Ineficiente
213,False,14,Apartamento,8,Moderado
102,True,3,Casa,9,Moderado
425,False,16,Casa,3,Moderado
381,False,12,Casa,7,Moderado
442,True,10,Casa,9,Moderado
475,True,15,Apartamento,2,Ineficiente
297,False,16,Comércio,4,Eficiente
220,True,4,Casa,3,Eficiente
695,True,8,Apartamento,8,Ineficiente
289,False,11,Casa,4,Eficiente
695,False,3,Apartamento,9,Ineficiente
539,True,8,Casa,1,Ineficiente
435,True,10,Apartamento,1,Moderado
403,True,12,Comércio,4,Ineficiente
212,False,15,Casa,3,Eficiente
206,True,4,Apartamento,3,Eficiente
185,True,7,Casa,10,Moderado
683,False,8,Casa,2,Moderado
457,True,7,Casa,10,Ineficiente
130,False,5,Casa,10,Eficiente
108,True,6,Casa,2,Eficiente
541,True,9,Casa,8,Ineficiente
375,False,6,Casa,1,Eficiente
376,True,11,Casa,8,Ineficiente
486,True,13,Apartamento,10,Ineficiente
692,True,14,Comércio,3,Ineficiente
484,False,16,Casa,2,Ineficiente
425,False,15,Casa,9,Moderado
499,False,15,Casa,5,Ineficiente
261,True,12,Comércio,5,Moderado
80,True,4,Apartamento,6,Eficiente
646,True,7,Apartamento,4,Ineficiente
450,False,10,Casa,7,Moderado
510,True,16,Casa,7,Ineficiente
388,False,7,Casa,11,Moderado
216,True,12,Comércio,9,Ineficiente
281,False,14,Comércio,6,Eficiente
515,False,10,Casa,1,Moderado
392,False,10,Apartamento,9,Moderado
196,True,11,Casa,10,Moderado
654,True,12,Casa,9,Ineficiente
323,True,8,Comércio,5,Moderado
616,True,14,Apartamento,7,Ineficiente
681,True,6,Casa,1,Ineficiente
154,True,14,Casa,4,Moderado
465,True,13,Apartamento,10,Ineficiente
289,False,5,Apartamento,4,Eficiente
554,False,17,Apartamento,5,Ineficiente
497,True,14,Casa,6,Ineficiente
426,False,16,Casa,4,Moderado
608,True,7,Comércio,6,Ineficiente
258,True,8,Apartamento,10,Moderado
261,True,5,Casa,7,Moderado
104,False,4,Apartamento,3,Eficiente
259,True,9,Apartamento,9,Moderado
580,True,13,Casa,8,Ineficiente
240,False,7,Casa,1,Eficiente
256,True,11,Apartamento,2,Moderado
364,False,17,Apartamento,2,Moderado
142,False,5,Apartamento,10,Eficiente
235,False,16,Comércio,9,Moderado
548,True,17,Casa,9,Ineficiente
128,True,10,Casa,9,Moderado
163,True,8,Comércio,1,Eficiente
440,True,6,Casa,7,Moderado
227,True,14,Apartamento,11,Moderado
421,True,14,Apartamento,3,Moderado
555,False,17,Apartamento,11,Ineficiente
142,False,11,Casa,9,Moderado
439,True,7,Apartamento,8,Moderado
640,True,17,Apartamento,3,Ineficiente
406,True,12,Apartamento,1,Moderado
220,True,8,Apartamento,9,Moderado
294,False,16,Casa,10,Moderado
514,False,17,Casa,1,Ineficiente
397,False,17,Casa,3,Moderado
111,False,15,Casa,6,Eficiente
364,True,11,Comércio,6,Ineficiente
384,False,9,Apartamento,11,Moderado
508,True,14,Apartamento,10,Ineficiente
556,False,7,Apartamento,4,Moderado
365,True,4,Casa,2,Moderado
223,True,6,Comércio,10,Moderado
503,True,4,Casa,6,Ineficiente
98,True,5,Casa,10,Moderado
97,False,12,Apartamento,5,Eficiente
669,True,14,Comércio,6,Ineficiente
450,True,5,Comércio,7,Ineficiente
254,True,6,Casa,11,Moderado
273,False,8,Comércio,9,Eficiente
581,True,14,Casa,7,Ineficiente
192,False,5,Casa,4,Eficiente
193,False,12,Apartamento,10,Moderado
301,False,16,Comércio,5,Moderado
343,False,3,Apartamento,6,Eficiente
134,True,3,Apartamento,9,Moderado
537,True,11,Apartamento,5,Ineficiente
241,False,11,Apartamento,5,Eficiente
459,True,7,Comércio,7,Ineficiente
166,True,11,Apartamento,2,Moderado
134,False,13,Comércio,3,Eficiente
555,True,9,Comércio,2,Ineficiente
257,False,11,Casa,10,Moderado
470,True,14,Apartamento,10,Ineficiente
428,False,9,Apartamento,2,Eficiente
87,True,11,Casa,3,Moderado
392,False,17,Apartamento,6,Moderado
522,True,4,Casa,5,Ineficiente
407,True,13,Apartamento,11,Ineficiente
133,False,13,Comércio,5,Eficiente
318,True,10,Casa,2,Moderado
308,True,9,Casa,2,Moderado
658,True,8,Comércio,1,Ineficiente
130,False,7,Casa,3,Eficiente
688,True,6,Casa,11,Ineficiente
683,False,9,Casa,7,Ineficiente
343,True,5,Apartamento,11,Moderado
497,True,10,Apartamento,5,Ineficiente
175,False,4,Apartamento,7,Eficiente
167,False,3,Apartamento,9,Eficiente
157,False,13,Apartamento,6,Eficiente
367,False,4,Apartamento,2,Eficiente
199,True,11,Casa,1,Moderado
570,True,7,Apartamento,1,Ineficiente
531,True,13,Apartamento,10,Ineficiente
579,False,10,Apartamento,9,Ineficiente
244,False,5,Casa,6,Eficiente
261,True,9,Casa,6,Eficiente
548,True,17,Casa,4,Ineficiente
86,True,4,Casa,2,Eficiente
409,False,10,Apartamento,10,Moderado
230,True,16,Casa,3,Moderado
164,True,9,Apartamento,3,Eficiente
226,True,14,Casa,8,Moderado
460,False,7,Casa,6,Moderado
627,False,14,Apartamento,7,Ineficiente
364,False,13,Casa,9,Moderado
161,True,6,Comércio,1,Eficiente
593,True,3,Casa,2,Ineficiente
602,False,7,Casa,9,Ineficiente
465,False,14,Apartamento,5,Ineficiente
550,True,11,Apartamento,4,Ineficiente
198,True,12,Casa,1,Moderado
475,True,6,Casa,9,Ineficiente
611,True,15,Apartamento,11,Ineficiente
340,False,11,Comércio,9,Ineficiente
335,True,14,Comércio,4,Ineficiente
305,True,4,Casa,9,Moderado
132,True,6,Comércio,10,Moderado
579,True,11,Casa,1,Ineficiente
585,True,6,Casa,5,Ineficiente
443,True,7,Apartamento,1,Moderado
359,True,13,Casa,4,Moderado
672,False,10,Casa,5,Moderado
237,True,3,Casa,11,Moderado
138,True,3,Casa,3,Eficiente
207,False,11,Apartamento,2,Eficiente
194,False,11,Apartamento,6,Eficiente
288,False,6,Casa,11,Eficiente
605,True,15,Apartamento,3,Ineficiente
600,True,4,Comércio,10,Ineficiente
631,True,15,Apartamento,1,Ineficiente
316,True,11,Casa,11,Ineficiente
360,True,16,Comércio,5,Ineficiente
438,False,6,Apartamento,2,Eficiente
280,True,8,Casa,2,Eficiente
357,True,14,Casa,4,Moderado
314,False,3,Casa,4,Eficiente
573,True,14,Apartamento,4,Ineficiente
83,False,11,Casa,7,Moderado
521,False,7,Apartamento,1,Moderado
108,False,17,Casa,8,Moderado
188,False,5,Comércio,10,Eficiente
689,True,6,Casa,9,Ineficiente
154,True,3,Comércio,10,Moderado
225,False,16,Comércio,6,Eficiente
207,False,11,Casa,4,Eficiente
121,True,16,Apartamento,6,Moderado
435,False,10,Casa,10,Moderado
120,True,6,Comércio,7,Moderado
113,False,4,Apartamento,6,Eficiente
96,True,16,Casa,11,Moderado
232,True,11,Casa,1,Moderado
457,False,6,Casa,5,Moderado
667,True,11,Comércio,8,Ineficiente
678,True,12,Apartamento,8,Ineficiente
421,True,5,Comércio,10,Ineficiente
106,False,9,Casa,9,Eficiente
366,False,9,Casa,4,Eficiente
247,False,12,Comércio,10,Moderado
689,False,15,Casa,6,Ineficiente
347,False,6,Comércio,7,Moderado
534,True,4,Casa,5,Ineficiente
480,True,13,Casa,11,Ineficiente
555,False,11,Apartamento,8,Ineficiente
637,True,6,Comércio,3,Ineficiente
655,True,10,Comércio,8,Ineficiente
209,True,16,Casa,5,Moderado
442,True,4,Casa,1,Moderado
371,False,10,Apartamento,6,Eficiente
450,True,13,Apartamento,2,Moderado
108,False,12,Apartamento,7,Moderado
228,True,7,Casa,9,Moderado
375,True,9,Comércio,3,Moderado
90,True,9,Apartamento,10,Moderado
591,False,14,Apartamento,4,Ineficiente
192,False,11,Apartamento,4,Eficiente
266,False,5,Casa,4,Eficiente
306,False,12,Comércio,3,Moderado
389,False,6,Apartamento,5,Eficiente
177,False,12,Comércio,9,Moderado
134,False,6,Comércio,11,Eficiente
485,False,17,Apartamento,8,Ineficiente
148,True,15,Apartamento,10,Moderado
391,True,12,Casa,2,Moderado
368,False,7,Casa,9,Moderado
627,False,16,Casa,10,Ineficiente
227,True,8,Casa,2,Eficiente
546,False,17,Casa,7,Ineficiente
323,False,5,Casa,5,Eficiente
570,True,15,Casa,7,Ineficiente
586,False,6,Casa,5,Moderado
444,True,5,Casa,6,Moderado
561,True,4,Casa,8,Ineficiente
280,True,12,Apartamento,1,Moderado
233,True,14,Apartamento,11,Moderado
529,False,11,Casa,1,Ineficiente
580,True,3,Apartamento,5,Ineficiente
152,True,4,Apartamento,1,Eficiente
375,True,10,Casa,3,Moderado
96,True,17,Apartamento,10,Moderado
296,True,9,Comércio,9,Moderado
140,False,14,Apartamento,7,Moderado
695,True,3,Casa,6,Ineficiente
121,False,7,Apartamento,8,Eficiente
104,False,12,Casa,8,Moderado
118,True,8,Apartamento,6,Eficiente
210,False,7,Comércio,4,Eficiente
577,True,6,Apartamento,4,Ineficiente
308,True,16,Comércio,4,Ineficiente
187,True,15,Casa,6,Moderado
251,True,3,Comércio,1,Eficiente
514,True,9,Apartamento,2,Ineficiente
557,False,11,Casa,6,Ineficiente
181,True,8,Apartamento,11,Moderado
603,False,5,Casa,1,Moderado
354,True,17,Casa,9,Ineficiente
692,False,12,Apartamento,6,Ineficiente
123,True,16,Casa,7,Moderado
96,True,6,Apartamento,1,Eficiente
409,True,12,Casa,8,Ineficiente
648,True,7,Casa,5,Ineficiente
576,True,17,Comércio,5,Ineficiente
91,False,14,Casa,6,Eficiente
397,True,14,Apartamento,7,Ineficiente
671,False,3,Apartamento,7,Ineficiente
295,False,7,Apartamento,5,Eficiente
418,False,3,Comércio,1,Eficiente
160,True,11,Apartamento,11,Moderado
564,True,9,Casa,9,Ineficiente
453,False,5,Comércio,6,Moderado
279,False,11,Casa,9,Moderado
616,True,4,Apartamento,11,Ineficiente
545,True,14,Comércio,4,Ineficiente
168,True,9,Apartamento,2,Eficiente
347,False,11,Apartamento,3,Moderado
650,False,8,Apartamento,4,Moderado
568,True,12,Apartamento,10,Ineficiente
617,False,7,Comércio,8,Ineficiente
126,False,14,Casa,3,Eficiente
367,True,9,Casa,8,Moderado
95,False,16,Apartamento,6,Eficiente
480,False,17,Apartamento,4,Ineficiente
165,True,17,Casa,7,Moderado
329,False,8,Casa,11,Moderado
470,True,7,Casa,5,Ineficiente
414,True,16,Comércio,5,Ineficiente
598,True,4,Apartamento,9,Ineficiente
216,True,10,Casa,3,Eficiente
577,True,17,Casa,10,Ineficiente
556,True,15,Casa,4,Ineficiente
673,False,9,Casa,5,Moderado
302,True,8,Casa,1,Moderado
451,False,7,Comércio,7,Ineficiente
481,True,7,Comércio,8,Ineficiente
522,False,11,Casa,6,Ineficiente
569,False,3,Casa,9,Ineficiente
694,True,11,Casa,3,Ineficiente
352,False,8,Apartamento,2,Eficiente
605,True,6,Casa,5,Ineficiente
238,False,12,Casa,9,Moderado
231,True,16,Casa,11,Moderado
699,False,9,Apartamento,1,Moderado
267,False,11,Apartamento,1,Eficiente
177,True,7,Apartamento,10,Moderado
210,True,16,Casa,3,Moderado
250,False,7,Comércio,10,Eficiente
262,True,10,Comércio,3,Eficiente
443,True,9,Casa,5,Moderado
118,True,15,Casa,4,Moderado
606,True,15,Apartamento,6,Ineficiente
576,False,10,Casa,8,Ineficiente
595,True,13,Casa,8,Ineficiente
428,True,14,Apartamento,11,Ineficiente
476,False,12,Apartamento,4,Ineficiente
240,False,4,Casa,1,Eficiente
95,True,11,Apartamento,7,Moderado
572,True,5,Comércio,6,Ineficiente
505,False,8,Casa,5,Moderado
187,False,8,Apartamento,4,Eficiente
529,True,4,Casa,6,Ineficiente
390,True,14,Casa,8,Ineficiente
249,True,15,Apartamento,6,Moderado
625,True,9,Casa,3,Ineficiente
493,True,11,Casa,9,Ineficiente
330,False,14,Casa,3,Moderado
220,True,12,Apartamento,4,Moderado
353,False,13,Apartamento,5,Moderado
495,True,3,Casa,11,Ineficiente
687,False,10,Apartamento,2,Moderado
118,False,4,Casa,11,Eficiente
108,True,16,Apartamento,10,Moderado
556,True,3,Casa,11,Ineficiente
397,True,10,Apartamento,10,Moderado
324,False,4,Comércio,2,Eficiente
351,False,8,Comércio,6,Eficiente
519,True,17,Casa,2,Ineficiente
318,True,8,Comércio,10,Ineficiente
456,True,7,Casa,1,Ineficiente
345,False,10,Comércio,8,Moderado
438,True,5,Casa,10,Moderado
419,True,15,Casa,10,Ineficiente
468,True,12,Casa,1,Ineficiente
656,True,17,Casa,10,Ineficiente
82,False,6,Apartamento,6,Eficiente
508,True,9,Comércio,1,Ineficiente
221,False,17,Apartamento,8,Moderado
455,True,9,Apartamento,5,Ineficiente
403,True,15,Apartamento,3,Moderado
225,False,14,Casa,5,Eficiente
372,False,16,Casa,1,Moderado
511,False,10,Casa,1,Moderado
664,True,4,Casa,4,Ineficiente
478,True,13,Casa,9,Ineficiente
423,False,14,Casa,9,Moderado
219,True,4,Casa,1,Eficiente
266,True,6,Casa,3,Eficiente
140,False,15,Comércio,4,Eficiente
459,False,12,Casa,2,Ineficiente
519,False,15,Apartamento,7,Ineficiente
398,False,11,Apartamento,3,Moderado
381,False,12,Apartamento,1,Moderado
423,True,14,Casa,1,Moderado
90,True,11,Casa,3,Moderado
141,False,15,Casa,6,Eficiente
305,True,15,Casa,4,Moderado
232,True,6,Casa,1,Eficiente
643,True,11,Apartamento,7,Ineficiente
650,True,17,Apartamento,2,Ineficiente
663,False,16,Apartamento,5,Ineficiente
654,True,5,Casa,8,Ineficiente
389,True,14,Casa,7,Ineficiente
322,True,7,Apartamento,11,Moderado
572,False,12,Casa,8,Ineficiente
445,True,11,Apartamento,10,Ineficiente
409,True,8,Apartamento,11,Moderado
186,False,5,Casa,6,Eficiente
305,True,12,Casa,7,Ineficiente
297,True,11,Apartamento,9,Moderado
585,True,8,Casa,6,Ineficiente
338,True,6,Casa,9,Moderado
596,False,16,Casa,2,Ineficiente
133,True,6,Casa,2,Eficiente
126,False,10,Apartamento,2,Eficiente
600,True,9,Apartamento,6,Ineficiente
178,True,3,Casa,2,Eficiente
99,False,8,Comércio,3,Eficiente
652,True,10,Comércio,8,Ineficiente
569,True,5,Comércio,8,Ineficiente
498,True,16,Apartamento,11,Ineficiente
141,True,11,Casa,4,Moderado
224,False,12,Casa,9,Moderado
295,True,4,Apartamento,8,Moderado
82,False,16,Apartamento,1,Eficiente
239,False,8,Apartamento,8,Eficiente
199,True,14,Comércio,1,Moderado
168,True,3,Apartamento,4,Eficiente
408,True,14,Casa,10,Ineficiente
659,False,13,Casa,6,Ineficiente
436,True,17,Casa,7,Ineficiente
689,False,4,Apartamento,10,Ineficiente
346,True,15,Apartamento,4,Moderado
696,False,7,Apartamento,8,Ineficiente
402,True,3,Apartamento,8,Moderado
620,False,10,Comércio,9,Ineficiente
274,True,3,Apartamento,6,Eficiente
411,True,15,Apartamento,4,Moderado
249,True,11,Casa,2,Moderado
600,True,12,Comércio,7,Ineficiente
542,False,13,Apartamento,10,Ineficiente
119,True,5,Casa,3,Eficiente
616,True,14,Casa,11,Ineficiente
340,False,4,Comércio,3,Eficiente
474,True,17,Casa,3,Ineficiente
305,True,3,Apartamento,4,Moderado
203,False,11,Casa,2,Eficiente
117,True,17,Apartamento,5,Moderado
407,False,6,Apartamento,3,Eficiente
330,True,14,Casa,10,Ineficiente
255,True,3,Casa,5,Eficiente
681,False,3,Comércio,7,Ineficiente
533,False,9,Apartamento,9,Ineficiente
116,True,4,Comércio,2,Eficiente
395,False,9,Casa,9,Moderado
672,True,14,Casa,10,Ineficiente
193,True,17,Casa,6,Moderado
119,False,9,Apartamento,6,Eficiente
380,True,17,Casa,11,Ineficiente
303,True,12,Casa,3,Moderado
397,False,16,Casa,10,Moderado
428,False,11,Casa,9,Moderado
194,True,15,Apartamento,4,Moderado
402,True,9,Casa,5,Moderado
647,False,15,Apartamento,3,Ineficiente
119,False,16,Comércio,5,Eficiente
119,False,3,Casa,8,Eficiente
368,True,14,Apartamento,8,Ineficiente
341,True,15,Comércio,8,Ineficiente
295,True,10,Comércio,6,Eficiente
226,False,10,Casa,1,Eficiente
415,False,6,Casa,11,Moderado
247,False,15,Casa,10,Moderado
171,False,10,Apartamento,6,Eficiente
432,True,6,Apartamento,11,Moderado
650,True,17,Apartamento,10,Ineficiente
650,True,10,Casa,7,Ineficiente
442,True,7,Casa,9,Moderado
636,True,6,Apartamento,8,Ineficiente
424,True,8,Apartamento,11,Moderado
249,False,4,Apartamento,8,Eficiente
435,False,14,Casa,7,Moderado
270,True,4,Casa,2,Eficiente
501,True,4,Casa,1,Ineficiente
86,True,11,Casa,2,Moderado
212,False,17,Casa,6,Eficiente
636,False,16,Casa,2,Ineficiente
110,False,12,Casa,10,Moderado
614,True,5,Casa,4,Ineficiente
505,True,17,Casa,10,Ineficiente
473,True,12,Apartamento,3,Ineficiente
442,False,6,Casa,6,Eficiente
516,False,12,Apartamento,8,Ineficiente
630,False,14,Apartamento,11,Ineficiente
161,True,10,Apartamento,6,Eficiente
435,False,6,Comércio,2,Eficiente
337,False,13,Casa,5,Moderado
668,True,12,Apartamento,11,Ineficiente
603,True,12,Comércio,6,Ineficiente
374,False,15,Comércio,9,Ineficiente
303,True,9,Casa,6,Moderado
604,False,7,Casa,10,Ineficiente
125,False,11,Casa,5,Eficiente
192,False,6,Apartamento,1,Eficiente
312,False,5,Apartamento,10,Moderado
96,False,15,Casa,5,Eficiente
439,False,4,Apartamento,5,Eficiente
302,True,3,Apartamento,6,Moderado
527,True,13,Casa,7,Ineficiente
444,True,8,Comércio,4,Moderado
405,False,12,Apartamento,7,Moderado
546,True,4,Casa,5,Ineficiente
493,True,10,Apartamento,6,Ineficiente
534,True,8,Casa,4,Ineficiente
665,False,14,Apartamento,8,Ineficiente
312,False,14,Comércio,9,Ineficiente
303,False,7,Comércio,2,Eficiente
491,True,15,Casa,11,Ineficiente
651,False,4,Casa,4,Moderado
414,False,9,Casa,11,Moderado
301,True,4,Apartamento,8,Moderado
116,False,15,Casa,8,Moderado
357,True,16,Apartamento,9,Ineficiente
275,False,7,Casa,3,Eficiente
563,True,4,Casa,1,Ineficiente
321,True,13,Casa,9,Ineficiente
403,False,12,Comércio,1,Moderado
271,True,13,Apartamento,3,Moderado
96,True,13,Casa,3,Moderado
603,False,4,Casa,9,Ineficiente
480,True,17,Apartamento,1,Ineficiente
101,False,9,Casa,7,Eficiente
553,True,11,Apartamento,2,Ineficiente
199,False,7,Apartamento,7,Eficiente
289,False,9,Apartamento,1,Eficiente
385,True,6,Apartamento,10,Moderado
349,False,4,Apartamento,10,Moderado
364,False,5,Comércio,8,Moderado
306,False,4,Comércio,10,Moderado
460,False,7,Apartamento,10,Ineficiente
539,False,8,Casa,2,Moderado
86,True,17,Apartamento,3,Moderado
108,True,17,Casa,8,Moderado
112,False,9,Apartamento,3,Eficiente
158,True,5,Apartamento,1,Eficiente
538,True,6,Casa,9,Ineficiente
649,True,10,Casa,8,Ineficiente
617,True,6,Apartamento,4,Ineficiente
561,True,9,Comércio,8,Ineficiente
509,False,14,Apartamento,5,Ineficiente
364,True,8,Apartamento,3,Moderado
595,True,9,Casa,1,Ineficiente
178,False,3,Apartamento,10,Eficiente
476,False,5,Casa,5,Moderado
568,True,8,Apartamento,11,Ineficiente
118,True,5,Casa,6,Eficiente
350,False,17,Apartamento,4,Moderado
236,False,16,Casa,7,Moderado
154,False,17,Casa,3,Eficiente
209,False,16,Comércio,7,Moderado
163,False,9,Casa,1,Eficiente
101,True,11,Casa,7,Moderado
538,False,5,Apartamento,1,Moderado
618,True,16,Comércio,11,Ineficiente
461,False,3,Casa,1,Moderado
519,False,12,Apartamento,2,Ineficiente
683,True,17,Comércio,2,Ineficiente
100,True,15,Casa,4,Moderado
382,True,8,Casa,1,Moderado
163,True,14,Casa,4,Moderado
532,False,3,Apartamento,2,Moderado
466,True,3,Casa,4,Ineficiente
586,False,16,Casa,4,Ineficiente
336,True,10,Apartamento,9,Moderado
649,False,11,Apartamento,9,Ineficiente
606,False,4,Casa,1,Moderado
241,False,11,Apartamento,5,Eficiente
242,True,7,Casa,7,Moderado
603,False,15,Casa,4,Ineficiente
350,True,10,Apartamento,5,Moderado
571,True,9,Comércio,2,Ineficiente
287,True,9,Casa,3,Eficiente
618,True,6,Comércio,7,Ineficiente
663,False,4,Apartamento,10,Ineficiente
139,True,7,Casa,7,Moderado
509,False,16,Apartamento,4,Ineficiente
684,False,13,Casa,1,Ineficiente
388,True,13,Comércio,1,Ineficiente
599,False,5,Comércio,4,Moderado
670,True,17,Casa,4,Ineficiente
106,True,16,Casa,6,Moderado
641,True,11,Casa,7,Ineficiente
278,False,8,Casa,9,Eficiente
466,False,3,Casa,9,Ineficiente
428,True,5,Casa,10,Moderado
615,True,14,Apartamento,5,Ineficiente
457,False,6,Casa,10,Ineficiente
637,True,11,Apartamento,11,Ineficiente
606,False,13,Apartamento,3,Ineficiente
232,False,8,Apartamento,3,Eficiente
285,True,6,Comércio,6,Eficiente
534,False,3,Casa,1,Moderado
352,True,10,Casa,7,Moderado
315,False,16,Apartamento,3,Moderado
600,False,13,Apartamento,5,Ineficiente
580,True,4,Apartamento,7,Ineficiente
196,True,13,Comércio,7,Ineficiente
465,False,17,Comércio,9,Ineficiente
423,False,13,Apartamento,1,Moderado
663,True,10,Apartamento,3,Ineficiente
474,False,8,Casa,9,Ineficiente
143,True,10,Casa,8,Moderado
151,True,8,Apartamento,2,Eficiente
353,False,7,Casa,8,Moderado
399,True,7,Casa,8,Moderado
417,False,16,Casa,2,Moderado
445,True,16,Apartamento,8,Ineficiente
574,False,12,Casa,3,Ineficiente
686,True,12,Apartamento,7,Ineficiente
245,True,13,Casa,9,Moderado
623,False,10,Casa,4,Moderado
90,True,9,Casa,11,Moderado
380,True,10,Casa,6,Moderado
181,True,14,Comércio,9,Ineficiente
504,True,10,Casa,11,Ineficiente
471,False,9,Casa,11,Ineficiente
293,True,4,Apartamento,5,Eficiente
167,False,13,Apartamento,1,Eficiente
632,True,17,Casa,3,Ineficiente
480,True,11,Casa,11,Ineficiente
667,True,15,Comércio,9,Ineficiente
125,True,9,Apartamento,3,Eficiente
542,True,14,Casa,11,Ineficiente
671,False,13,Apartamento,11,Ineficiente
389,False,17,Casa,10,Moderado
165,True,8,Casa,2,Eficiente
171,True,11,Apartamento,4,Moderado
321,True,15,Comércio,5,Ineficiente
81,True,3,Casa,7,Moderado
304,True,13,Apartamento,7,Ineficiente
668,True,4,Casa,9,Ineficiente
195,True,15,Casa,8,Moderado
182,True,3,Casa,2,Eficiente
273,True,12,Casa,8,Moderado
245,True,14,Comércio,8,Ineficiente
169,True,5,Apartamento,5,Eficiente
201,True,13,Casa,3,Moderado
222,True,7,Comércio,9,Moderado
185,True,3,Comércio,7,Moderado
507,True,6,Apartamento,1,Ineficiente
384,True,16,Comércio,8,Ineficiente
396,True,15,Casa,10,Ineficiente
88,True,10,Apartamento,5,Eficiente
152,True,8,Apartamento,6,Eficiente
438,True,15,Comércio,9,Ineficiente
302,False,3,Apartamento,10,Moderado
495,True,14,Casa,8,Ineficiente
632,True,3,Apartamento,11,Ineficiente
449,False,5,Casa,3,Eficiente
343,True,16,Casa,5,Moderado
397,True,12,Casa,4,Moderado
163,False,17,Comércio,1,Eficiente
397,False,10,Casa,5,Eficiente
190,True,13,Apartamento,10,Moderado
330,True,13,Casa,7,Ineficiente
462,True,16,Comércio,1,Ineficiente
86,True,10,Casa,4,Eficiente
538,False,15,Apartamento,6,Ineficiente
163,True,5,Comércio,11,Moderado
287,True,9,Casa,9,Moderado
469,False,14,Casa,11,Ineficiente
393,False,5,Apartamento,8,Moderado
101,True,6,Comércio,2,Eficiente
489,False,11,Apartamento,11,Ineficiente
594,True,15,Casa,3,Ineficiente
206,False,6,Comércio,10,Eficiente
93,True,5,Casa,5,Eficiente
91,True,7,Apartamento,11,Moderado
166,True,9,Apartamento,7,Moderado
603,True,7,Casa,3,Ineficiente
616,True,6,Apartamento,7,Ineficiente
380,False,10,Apartamento,5,Eficiente
322,False,6,Comércio,10,Moderado
201,True,4,Casa,6,Eficiente
226,True,12,Casa,6,Moderado
646,True,15,Apartamento,11,Ineficiente
435,False,16,Casa,11,Moderado
388,False,8,Casa,4,Eficiente
367,False,4,Comércio,8,Moderado
386,False,5,Casa,9,Moderado
673,True,3,Comércio,2,Ineficiente
628,True,7,Casa,9,Ineficiente
431,False,11,Casa,11,Moderado
391,False,4,Apartamento,4,Eficiente
138,True,14,Apartamento,6,Moderado
114,True,9,Apartamento,7,Moderado
524,False,7,Apartamento,4,Moderado
172,True,4,Apartamento,8,Moderado
286,True,10,Casa,10,Moderado
432,False,13,Casa,8,Moderado
411,True,17,Casa,1,Moderado
238,True,15,Apartamento,8,Moderado
103,False,15,Casa,10,Moderado
483,False,8,Casa,3,Moderado
595,False,6,Apartamento,5,Moderado
443,True,15,Casa,10,Ineficiente
461,True,6,Casa,8,Ineficiente
611,False,4,Apartamento,11,Ineficiente
231,True,5,Casa,6,Eficiente
641,True,17,Comércio,4,Ineficiente
687,False,9,Apartamento,4,Moderado
696,True,5,Casa,4,Ineficiente
499,True,15,Apartamento,6,Ineficiente
329,True,7,Casa,7,Moderado
196,True,12,Apartamento,5,Moderado
591,True,8,Comércio,10,Ineficiente
657,True,8,Apartamento,8,Ineficiente
414,False,16,Apartamento,7,Moderado
497,False,6,Casa,8,Ineficiente
374,True,8,Casa,4,Moderado
450,True,5,Comércio,8,Ineficiente
265,True,9,Casa,6,Eficiente
325,True,9,Casa,3,Moderado
347,False,6,Casa,8,Moderado
316,False,4,Apartamento,7,Moderado
609,False,13,Casa,10,Ineficiente
631,True,9,Comércio,5,Ineficiente
100,True,5,Casa,11,Moderado
599,True,17,Casa,4,Ineficiente
179,True,3,Apartamento,1,Eficiente
557,False,4,Casa,10,Ineficiente
678,False,12,Apartamento,3,Ineficiente
377,True,11,Casa,2,Moderado
605,False,14,Casa,8,Ineficiente
413,True,17,Casa,8,Ineficiente
81,True,10,Comércio,5,Eficiente
454,False,17,Apartamento,5,Ineficiente
372,True,17,Apartamento,11,Ineficiente
632,True,16,Casa,4,Ineficiente
397,False,8,Apartamento,1,Eficiente
581,False,16,Apartamento,1,Ineficiente
460,True,8,Comércio,6,Ineficiente
93,True,16,Apartamento,4,Moderado
583,False,3,Apartamento,4,Moderado
310,False,4,Casa,3,Eficiente
163,False,6,Apartamento,9,Eficiente
209,True,5,Apartamento,3,Eficiente
224,False,16,Comércio,8,Moderado
107,True,3,Casa,2,Eficiente
145,False,10,Casa,4,Eficiente
242,True,9,Casa,1,Eficiente
308,False,6,Casa,11,Moderado
340,True,14,Casa,5,Moderado
528,True,14,Comércio,2,Ineficiente
503,True,11,Apartamento,11,Ineficiente
539,True,13,Comércio,1,Ineficiente
380,False,16,Apartamento,1,Moderado
382,False,6,Casa,2,Eficiente
366,False,3,Apartamento,5,Eficiente
474,True,17,Casa,9,Ineficiente
89,False,12,Comércio,6,Eficiente
349,False,17,Casa,4,Moderado
671,True,3,Casa,3,Ineficiente
684,True,3,Casa,8,Ineficiente
440,False,3,Apartamento,3,Eficiente
336,False,6,Casa,1,Eficiente
212,False,3,Casa,4,Eficiente
355,True,4,Apartamento,11,Moderado
592,True,6,Apartamento,5,Ineficiente
392,True,9,Casa,5,Moderado
655,False,4,Apartamento,5,Moderado
363,False,10,Comércio,8,Moderado
200,True,15,Casa,8,Moderado
186,False,9,Comércio,4,Eficiente
283,True,11,Casa,9,Moderado
244,False,16,Apartamento,1,Eficiente
384,True,8,Apartamento,5,Moderado
576,True,6,Apartamento,5,Ineficiente
635,True,8,Comércio,5,Ineficiente
235,True,17,Casa,8,Moderado
446,True,6,Casa,9,Moderado
699,False,9,Apartamento,3,Moderado
330,False,11,Apartamento,9,Moderado
413,False,5,Casa,11,Moderado
590,True,5,Apartamento,8,Ineficiente
372,True,4,Casa,3,Moderado
99,True,3,Casa,2,Eficiente
361,False,16,Apartamento,4,Moderado
80,True,3,Casa,2,Eficiente
198,False,15,Apartamento,4,Eficiente
114,False,5,Casa,5,Eficiente
277,True,16,Casa,2,Moderado
564,True,9,Apartamento,8,Ineficiente
138,True,17,Apartamento,1,Moderado
240,True,13,Casa,3,Moderado
285,False,11,Casa,7,Moderado
91,False,16,Casa,10,Moderado
569,True,4,Apartamento,1,Ineficiente
355,False,9,Comércio,11,Moderado
321,False,3,Comércio,2,Eficiente
295,False,4,Casa,3,Eficiente
330,True,8,Casa,2,Moderado
205,True,13,Comércio,2,Moderado
296,True,7,Apartamento,11,Moderado
385,False,10,Apartamento,6,Eficiente
264,True,14,Apartamento,7,Moderado
118,True,13,Casa,6,Moderado
302,False,4,Apartamento,11,Moderado
263,False,3,Comércio,6,Eficiente
574,False,9,Apartamento,9,Ineficiente
506,True,8,Casa,8,Ineficiente
257,True,10,Casa,8,Moderado
507,False,13,Casa,6,Ineficiente
373,True,17,Apartamento,5,Moderado
230,True,17,Casa,9,Moderado
463,True,15,Casa,2,Ineficiente
387,True,16,Comércio,7,Ineficiente
415,True,10,Casa,6,Moderado
454,False,4,Casa,7,Ineficiente
87,False,16,Casa,4,Eficiente
420,False,10,Casa,9,Moderado
208,True,8,Casa,7,Moderado
431,True,11,Comércio,2,Ineficiente
437,True,14,Comércio,4,Ineficiente
596,False,9,Apartamento,5,Moderado
574,True,4,Casa,2,Ineficiente
165,False,10,Apartamento,10,Eficiente
254,False,11,Casa,8,Moderado
272,True,9,Casa,1,Eficiente
390,True,6,Comércio,3,Moderado
198,False,11,Casa,1,Eficiente
297,False,6,Casa,5,Eficiente
506,True,14,Apartamento,8,Ineficiente
493,True,6,Apartamento,7,Ineficiente
193,False,11,Casa,9,Moderado
224,True,16,Casa,2,Moderado
617,True,10,Casa,8,Ineficiente
382,True,6,Apartamento,8,Moderado
667,True,16,Casa,6,Ineficiente
424,True,10,Casa,3,Moderado
80,True,17,Apartamento,2,Moderado
226,True,10,Comércio,8,Moderado
366,True,9,Casa,6,Moderado
132,False,12,Casa,4,Eficiente
383,False,15,Apartamento,5,Moderado
148,False,8,Apartamento,5,Eficiente
440,False,10,Casa,9,Moderado
681,True,9,Casa,9,Ineficiente
299,True,7,Casa,8,Moderado
654,False,14,Casa,8,Ineficiente
664,True,15,Apartamento,2,Ineficiente
240,True,15,Casa,3,Moderado
168,False,6,Apartamento,8,Eficiente
664,True,16,Apartamento,5,Ineficiente
668,True,14,Apartamento,7,Ineficiente
238,False,4,Casa,8,Eficiente
568,False,13,Apartamento,6,Ineficiente
403,True,10,Casa,5,Moderado
689,False,11,Comércio,8,Ineficiente
460,False,6,Comércio,1,Moderado
181,False,6,Casa,1,Eficiente
573,True,7,Casa,1,Ineficiente
693,True,4,Casa,3,Ineficiente
98,False,9,Apartamento,10,Eficiente
533,False,17,Apartamento,6,Ineficiente
561,False,7,Apartamento,6,Moderado
673,True,8,Apartamento,5,Ineficiente
476,True,6,Casa,7,Ineficiente
358,False,10,Apartamento,5,Eficiente
444,True,10,Apartamento,2,Moderado
410,True,14,Apartamento,4,Moderado
423,True,7,Apartamento,1,Moderado
534,True,14,Apartamento,7,Ineficiente
680,False,8,Apartamento,4,Moderado
144,False,5,Apartamento,4,Eficiente
155,True,3,Apartamento,4,Eficiente
222,True,11,Apartamento,3,Moderado
684,False,11,Apartamento,8,Ineficiente
552,True,5,Apartamento,4,Ineficiente
496,True,6,Apartamento,8,Ineficiente
384,False,15,Casa,9,Moderado
576,True,9,Casa,1,Ineficiente
370,False,4,Casa,4,Eficiente
181,True,14,Apartamento,6,Moderado
346,False,5,Apartamento,8,Moderado
82,True,8,Comércio,6,Eficiente
164,False,13,Casa,6,Eficiente
407,True,10,Casa,10,Moderado
529,True,17,Casa,4,Ineficiente
533,False,3,Casa,9,Ineficiente
300,True,6,Apartamento,7,Moderado
233,True,17,Casa,11,Moderado
91,True,3,Apartamento,6,Eficiente
212,False,4,Apartamento,1,Eficiente
383,True,10,Apartamento,2,Moderado
372,True,8,Comércio,6,Moderado
379,False,11,Casa,11,Moderado
122,True,4,Casa,1,Eficiente
422,False,5,Comércio,11,Moderado
405,False,11,Comércio,5,Moderado
577,False,11,Casa,1,Ineficiente
443,False,15,Casa,3,Moderado
506,False,8,Casa,7,Ineficiente
100,True,16,Casa,5,Moderado
486,False,17,Comércio,10,Ineficiente
698,True,5,Apartamento,1,Ineficiente
415,True,7,Casa,1,Moderado
196,False,17,Comércio,8,Moderado
203,True,4,Apartamento,11,Moderado
478,False,9,Casa,9,Ineficiente
130,True,12,Comércio,7,Ineficiente
403,False,13,Apartamento,3,Moderado
220,True,10,Apartamento,6,Eficiente
549,False,8,Apartamento,3,Moderado
413,False,10,Apartamento,10,Moderado
452,False,4,Casa,4,Moderado
643,True,5,Apartamento,4,Ineficiente
573,True,9,Comércio,3,Ineficiente
618,True,12,Casa,10,Ineficiente
235,False,14,Apartamento,6,Eficiente
370,False,3,Apartamento,5,Eficiente
223,True,9,Casa,11,Moderado
185,False,8,Apartamento,9,Eficiente
499,False,10,Casa,9,Ineficiente
81,True,9,Apartamento,3,Eficiente
668,False,6,Casa,9,Ineficiente
169,False,5,Comércio,3,Eficiente
424,True,5,Casa,4,Moderado
429,True,17,Casa,1,Moderado
538,True,6,Casa,5,Ineficiente
342,False,17,Comércio,9,Ineficiente
430,False,11,Apartamento,2,Moderado
187,False,11,Apartamento,4,Eficiente
665,True,15,Apartamento,10,Ineficiente
118,True,4,Apartamento,2,Eficiente
238,True,7,Casa,8,Moderado
662,True,3,Apartamento,9,Ineficiente
391,False,6,Casa,3,Eficiente
320,False,4,Comércio,9,Moderado
524,False,10,Apartamento,6,Moderado
377,False,6,Casa,6,Eficiente
115,True,7,Casa,7,Moderado
163,True,13,Apartamento,5,Moderado
531,True,6,Casa,6,Ineficiente
464,False,7,Casa,11,Ineficiente
251,False,7,Casa,1,Eficiente
455,True,7,Apartamento,3,Ineficiente
441,True,13,Apartamento,9,Ineficiente
638,True,5,Casa,5,Ineficiente
220,True,9,Casa,5,Eficiente
197,True,5,Apartamento,8,Moderado
356,True,4,Apartamento,11,Moderado
299,True,5,Casa,11,Moderado
105,False,13,Casa,2,Eficiente
600,False,5,Comércio,7,Ineficiente
89,True,10,Comércio,9,Moderado
457,True,6,Comércio,7,Ineficiente
663,True,5,Apartamento,5,Ineficiente
231,True,12,Casa,6,Moderado
128,True,7,Casa,4,Eficiente
233,True,6,Casa,7,Moderado
372,False,11,Casa,1,Moderado
659,False,10,Comércio,4,Moderado
129,True,13,Apartamento,3,Moderado
610,False,9,Apartamento,4,Moderado
691,True,17,Casa,1,Ineficiente
139,True,10,Comércio,2,Eficiente
246,False,15,Apartamento,11,Moderado
281,False,7,Casa,9,Eficiente
225,False,6,Comércio,7,Eficiente
518,False,9,Casa,6,Moderado
321,False,3,Casa,2,Eficiente
660,False,8,Apartamento,1,Moderado
640,False,17,Apartamento,2,Ineficiente
562,True,10,Casa,7,Ineficiente
187,False,9,Casa,2,Eficiente
305,False,4,Comércio,3,Eficiente
511,False,16,Apartamento,8,Ineficiente
498,True,15,Apartamento,7,Ineficiente
534,False,16,Casa,11,Ineficiente
239,True,9,Casa,11,Moderado
602,True,15,Casa,11,Ineficiente
669,True,8,Casa,9,Ineficiente
156,False,15,Casa,4,Eficiente
588,False,7,Casa,7,Ineficiente
520,True,6,Apartamento,1,Ineficiente
333,True,3,Casa,11,Moderado
399,True,15,Apartamento,11,Ineficiente
342,False,4,Casa,2,Eficiente
676,True,17,Apartamento,7,Ineficiente
633,True,9,Casa,2,Ineficiente
453,True,12,Apartamento,6,Ineficiente
246,True,5,Casa,10,Moderado
538,True,7,Comércio,9,Ineficiente
359,False,10,Apartamento,11,Moderado
381,True,15,Apartamento,5,Moderado
610,False,15,Casa,10,Ineficiente
659,True,10,Apartamento,7,Ineficiente
297,True,8,Apartamento,1,Eficiente
181,True,7,Casa,8,Moderado
633,False,15,Apartamento,9,Ineficiente
367,False,4,Apartamento,5,Eficiente
246,False,11,Apartamento,6,Eficiente
115,False,3,Apartamento,11,Eficiente
432,True,13,Comércio,8,Ineficiente
152,False,4,Comércio,4,Eficiente
432,False,15,Casa,2,Moderado
149,True,3,Apartamento,10,Moderado
504,False,14,Apartamento,8,Ineficiente
640,True,6,Apartamento,2,Ineficiente
596,True,6,Comércio,5,Ineficiente
507,True,7,Casa,6,Ineficiente
618,True,7,Casa,5,Ineficiente
239,True,10,Casa,6,Eficiente
228,True,13,Casa,6,Moderado
309,True,17,Casa,3,Moderado
641,True,13,Apartamento,11,Ineficiente
146,False,5,Casa,11,Eficiente
460,False,8,Apartamento,3,Moderado
137,True,14,Apartamento,9,Moderado
338,True,15,Casa,3,Moderado
421,True,14,Casa,3,Moderado
209,False,5,Apartamento,11,Eficiente
251,True,15,Apartamento,2,Moderado
693,True,4,Comércio,7,Ineficiente
288,True,10,Comércio,10,Moderado
433,False,3,Comércio,10,Moderado
550,True,11,Apartamento,4,Ineficiente
195,True,13,Comércio,1,Moderado
343,True,9,Apartamento,6,Moderado
521,True,14,Comércio,5,Ineficiente
627,False,12,Casa,11,Ineficiente
532,False,15,Comércio,2,Ineficiente
556,False,17,Apartamento,6,Ineficiente
366,False,14,Apartamento,1,Moderado
382,True,13,Casa,3,Moderado
390,False,6,Casa,4,Eficiente
287,False,5,Casa,3,Eficiente
697,True,8,Casa,6,Ineficiente
525,False,11,Casa,11,Ineficiente
134,True,17,Apartamento,4,Moderado
91,True,11,Casa,1,Moderado
479,False,6,Casa,5,Moderado
594,False,12,Casa,5,Ineficiente
621,False,7,Apartamento,9,Ineficiente
316,True,13,Casa,8,Ineficiente
358,False,15,Casa,8,Moderado
427,True,11,Apartamento,5,Moderado
183,True,4,Apartamento,8,Moderado
596,False,4,Casa,10,Ineficiente
327,False,7,Casa,7,Moderado
443,True,3,Casa,1,Moderado
400,False,10,Comércio,7,Moderado
365,True,7,Casa,11,Moderado
228,True,14,Apartamento,8,Moderado
163,True,12,Casa,3,Moderado
485,False,4,Apartamento,9,Ineficiente
535,True,14,Casa,8,Ineficiente
240,False,11,Casa,2,Eficiente
539,True,4,Apartamento,6,Ineficiente
629,False,9,Casa,4,Moderado
579,True,10,Casa,3,Ineficiente
588,False,16,Apartamento,11,Ineficiente
560,True,8,Comércio,6,Ineficiente
193,False,16,Casa,10,Moderado
657,False,13,Apartamento,9,Ineficiente
440,False,9,Comércio,2,Eficiente
420,True,13,Apartamento,10,Ineficiente
528,False,3,Apartamento,10,Ineficiente
259,True,6,Apartamento,10,Moderado
486,False,15,Casa,5,Ineficiente
275,False,9,Apartamento,6,Eficiente
545,True,3,Casa,4,Ineficiente
390,True,15,Casa,7,Ineficiente
341,True,3,Casa,2,Moderado
498,False,13,Casa,7,Ineficiente
485,False,8,Apartamento,2,Moderado
222,True,6,Apartamento,1,Eficiente
421,True,5,Apartamento,11,Moderado
395,True,14,Casa,5,Moderado
180,True,17,Casa,2,Moderado
323,True,7,Apartamento,8,Moderado
569,False,11,Comércio,8,Ineficiente
91,True,12,Casa,1,Moderado
318,False,12,Casa,4,Moderado
640,False,14,Comércio,9,Ineficiente
121,True,16,Casa,5,Moderado
673,False,16,Comércio,11,Ineficiente
508,True,14,Apartamento,10,Ineficiente
237,True,13,Casa,6,Moderado
295,True,12,Casa,3,Moderado
541,True,5,Casa,5,Ineficiente
213,True,7,Casa,1,Eficiente
146,True,12,Comércio,8,Ineficiente
86,True,7,Apartamento,11,Moderado
605,True,11,Apartamento,6,Ineficiente
152,True,13,Apartamento,2,Moderado
478,True,14,Casa,4,Ineficiente
484,True,12,Apartamento,4,Ineficiente
657,True,13,Apartamento,9,Ineficiente
209,False,6,Apartamento,9,Eficiente
545,True,3,Casa,5,Ineficiente
285,False,12,Apartamento,3,Eficiente
345,True,7,Comércio,1,Moderado
616,False,3,Casa,6,Moderado
332,True,8,Casa,8,Moderado
368,False,14,Apartamento,1,Moderado
243,False,12,Casa,11,Moderado
174,True,12,Apartamento,1,Moderado
189,False,17,Comércio,11,Moderado
415,True,9,Apartamento,7,Moderado
317,True,3,Apartamento,7,Moderado
460,False,12,Apartamento,2,Ineficiente
515,False,6,Casa,3,Moderado
562,True,11,Casa,2,Ineficiente
104,True,15,Comércio,6,Moderado
196,False,3,Apartamento,8,Eficiente
561,False,11,Casa,8,Ineficiente
471,False,10,Casa,1,Moderado
616,False,7,Apartamento,11,Ineficiente
158,True,8,Apartamento,9,Moderado
659,False,9,Apartamento,11,Ineficiente
252,True,6,Casa,8,Moderado
91,True,16,Comércio,9,Ineficiente
207,True,16,Apartamento,9,Moderado
687,False,8,Apartamento,11,Ineficiente
171,True,9,Apartamento,6,Eficiente
622,False,13,Casa,3,Ineficiente
611,True,17,Comércio,1,Ineficiente
526,True,8,Casa,11,Ineficiente
469,False,13,Casa,8,Ineficiente
122,True,15,Apartamento,10,Moderado
333,True,17,Apartamento,3,Moderado
209,True,14,Apartamento,7,Moderado
139,False,8,Apartamento,10,Eficiente
546,True,4,Casa,6,Ineficiente
366,True,7,Comércio,3,Moderado
596,True,5,Casa,6,Ineficiente
546,True,9,Comércio,3,Ineficiente
424,True,6,Casa,9,Moderado
461,True,3,Apartamento,1,Ineficiente
332,True,14,Casa,8,Ineficiente
135,False,14,Apartamento,5,Eficiente
542,True,8,Comércio,4,Ineficiente
536,True,8,Apartamento,1,Ineficiente
162,True,9,Apartamento,9,Moderado
178,True,17,Apartamento,9,Moderado
228,False,13,Apartamento,5,Eficiente
408,True,10,Comércio,11,Ineficiente
235,True,17,Casa,9,Moderado
269,False,5,Casa,10,Eficiente
573,True,16,Casa,9,Ineficiente
342,True,8,Casa,7,Moderado
159,True,12,Casa,8,Moderado
479,True,4,Apartamento,1,Ineficiente
688,True,15,Casa,4,Ineficiente
339,True,16,Casa,10,Ineficiente
694,False,11,Casa,10,Ineficiente
631,False,4,Apartamento,4,Moderado
180,True,5,Apartamento,9,Moderado
438,True,14,Casa,3,Moderado
459,True,17,Comércio,10,Ineficiente
300,True,17,Casa,10,Moderado
499,True,15,Comércio,1,Ineficiente
203,False,12,Apartamento,11,Moderado
501,False,14,Casa,5,Ineficiente
310,False,14,Apartamento,7,Moderado
142,False,4,Apartamento,4,Eficiente
564,True,11,Casa,9,Ineficiente
653,True,3,Comércio,6,Ineficiente
562,True,7,Casa,6,Ineficiente
598,True,3,Casa,3,Ineficiente
234,False,7,Casa,10,Eficiente
171,True,10,Casa,10,Moderado
605,False,10,Casa,5,Moderado
534,True,13,Comércio,10,Ineficiente
677,False,10,Casa,6,Moderado
589,False,4,Casa,4,Moderado
262,False,10,Apartamento,3,Eficiente
465,False,14,Comércio,5,Ineficiente
653,True,7,Comércio,7,Ineficiente
484,False,17,Apartamento,11,Ineficiente
325,False,3,Comércio,6,Eficiente
670,False,9,Apartamento,2,Moderado
550,False,15,Comércio,1,Ineficiente
502,False,8,Apartamento,5,Moderado
144,False,7,Casa,5,Eficiente
92,True,3,Casa,6,Eficiente
292,False,16,Apartamento,3,Eficiente
321,True,16,Casa,1,Moderado
572,True,3,Casa,4,Ineficiente
292,True,8,Apartamento,4,Eficiente
417,True,12,Comércio,10,Ineficiente
252,True,14,Casa,2,Moderado
243,True,9,Apartamento,8,Moderado
544,True,12,Apartamento,6,Ineficiente
576,True,12,Comércio,3,Ineficiente
474,True,3,Comércio,1,Ineficiente
387,False,11,Apartamento,11,Moderado
262,False,17,Apartamento,3,Eficiente
589,False,6,Casa,8,Ineficiente
625,False,7,Apartamento,4,Moderado
643,False,4,Apartamento,3,Moderado
673,True,16,Comércio,11,Ineficiente
306,False,14,Apartamento,4,Moderado
515,False,12,Casa,11,Ineficiente
501,True,15,Apartamento,4,Ineficiente
633,True,10,Casa,2,Ineficiente
100,False,16,Casa,4,Eficiente
633,True,4,Casa,11,Ineficiente
476,False,5,Casa,9,Ineficiente
184,True,17,Apartamento,4,Moderado
271,False,14,Casa,1,Eficiente
96,True,17,Casa,1,Moderado
199,True,11,Comércio,1,Moderado
472,True,4,Casa,5,Ineficiente
504,False,16,Casa,6,Ineficiente
208,False,8,Casa,6,Eficiente
209,False,14,Casa,6,Eficiente
651,True,6,Casa,9,Ineficiente
639,False,9,Casa,1,Moderado
108,True,16,Apartamento,10,Moderado
176,True,16,Casa,6,Moderado
89,True,8,Casa,8,Moderado
321,False,12,Comércio,8,Ineficiente
311,True,16,Casa,3,Moderado
363,True,11,Comércio,5,Ineficiente
279,False,16,Apartamento,10,Moderado
158,False,11,Casa,4,Eficiente
252,True,12,Apartamento,1,Moderado
546,True,6,Casa,9,Ineficiente
660,True,3,Casa,5,Ineficiente
495,True,4,Apartamento,2,Ineficiente
528,False,10,Apartamento,2,Moderado
166,True,16,Apartamento,11,Moderado
180,False,12,Comércio,7,Moderado
87,False,10,Casa,4,Eficiente
279,True,16,Apartamento,1,Moderado
584,False,17,Apartamento,5,Ineficiente
166,True,4,Comércio,2,Eficiente
122,True,6,Apartamento,7,Moderado
464,True,3,Comércio,9,Ineficiente
514,True,9,Casa,1,Ineficiente
487,True,6,Apartamento,2,Ineficiente
562,True,13,Casa,11,Ineficiente
96,False,16,Casa,6,Eficiente
227,False,10,Comércio,8,Eficiente
356,False,11,Casa,7,Moderado
311,True,14,Comércio,9,Ineficiente
445,False,11,Casa,2,Moderado
307,False,5,Apartamento,9,Moderado
515,False,7,Casa,4,Moderado
478,False,8,Casa,11,Ineficiente
290,False,8,Casa,3,Eficiente
470,True,12,Apartamento,7,Ineficiente
578,False,10,Casa,5,Moderado
619,True,8,Apartamento,5,Ineficiente
642,False,8,Casa,2,Moderado
570,True,6,Casa,6,Ineficiente
521,True,9,Casa,6,Ineficiente
340,True,16,Casa,4,Moderado
429,False,16,Apartamento,5,Moderado
431,True,10,Comércio,7,Ineficiente
599,True,5,Casa,8,Ineficiente
399,False,9,Apartamento,6,Eficiente
217,False,5,Apartamento,5,Eficiente
629,True,10,Casa,3,Ineficiente
447,True,3,Casa,7,Moderado
299,False,3,Apartamento,8,Eficiente
416,False,16,Casa,3,Moderado
302,True,8,Casa,5,Moderado
439,False,12,Casa,11,Moderado
408,True,11,Apartamento,2,Moderado
542,False,14,Casa,10,Ineficiente
640,False,16,Casa,10,Ineficiente
461,True,6,Casa,4,Ineficiente
669,True,8,Casa,4,Ineficiente
696,False,14,Casa,8,Ineficiente
248,False,7,Comércio,3,Eficiente
296,True,14,Casa,5,Moderado
457,False,17,Apartamento,11,Ineficiente
198,False,3,Casa,5,Eficiente
269,True,8,Apartamento,2,Eficiente
449,False,11,Apartamento,9,Moderado
228,False,17,Casa,4,Eficiente
567,False,17,Apartamento,9,Ineficiente
453,True,14,Apartamento,9,Ineficiente
239,True,5,Apartamento,2,Eficiente
430,True,13,Casa,9,Ineficiente
367,False,17,Comércio,9,Ineficiente
367,False,5,Apartamento,2,Eficiente
305,False,16,Comércio,11,Ineficiente
602,False,4,Apartamento,6,Moderado
601,True,15,Apartamento,9,Ineficiente
352,False,6,Apartamento,4,Eficiente
481,True,12,Comércio,2,Ineficiente
262,False,5,Comércio,7,Eficiente
567,True,14,Casa,9,Ineficiente
203,False,4,Apartamento,6,Eficiente
493,False,3,Casa,11,Ineficiente
251,False,5,Apartamento,11,Eficiente
367,True,12,Casa,4,Moderado
514,True,8,Casa,1,Ineficiente
192,False,11,Comércio,4,Eficiente
201,False,13,Casa,3,Eficiente
623,True,7,Apartamento,7,Ineficiente
301,False,17,Apartamento,11,Moderado
118,True,5,Casa,11,Moderado
576,True,16,Casa,10,Ineficiente
312,False,7,Apartamento,5,Eficiente
609,False,7,Casa,3,Moderado
228,False,7,Apartamento,2,Eficiente
476,False,14,Comércio,2,Ineficiente
381,True,14,Casa,5,Moderado
439,True,9,Casa,8,Moderado
317,True,7,Apartamento,8,Moderado
315,True,9,Apartamento,5,Moderado
282,False,11,Casa,2,Eficiente
335,True,7,Casa,4,Moderado
677,True,4,Apartamento,7,Ineficiente
314,True,7,Comércio,6,Moderado
424,True,10,Casa,10,Moderado
613,True,14,Casa,7,Ineficiente
545,False,6,Comércio,5,Moderado
620,False,4,Apartamento,2,Moderado
292,False,12,Apartamento,8,Moderado
542,False,5,Apartamento,2,Moderado
515,True,11,Comércio,8,Ineficiente
362,False,11,Apartamento,7,Moderado
641,True,10,Comércio,3,Ineficiente
686,True,10,Apartamento,4,Ineficiente
542,False,10,Apartamento,7,Ineficiente
486,True,10,Casa,4,Ineficiente
167,False,10,Casa,9,Eficiente
123,True,3,Apartamento,7,Moderado
540,False,8,Casa,1,Moderado
357,True,14,Apartamento,1,Moderado
500,True,11,Casa,4,Ineficiente
432,False,10,Apartamento,9,Moderado
594,True,5,Casa,4,Ineficiente
98,True,13,Apartamento,5,Moderado
102,True,3,Apartamento,1,Eficiente
492,False,4,Casa,2,Moderado
109,False,13,Apartamento,11,Moderado
187,True,17,Casa,4,Moderado
446,False,4,Casa,4,Eficiente
360,False,9,Casa,11,Moderado
207,False,14,Casa,10,Moderado
308,False,8,Comércio,6,Eficiente
190,True,13,Casa,6,Moderado
215,False,4,Apartamento,8,Eficiente
441,True,10,Casa,9,Moderado
265,True,17,Apartamento,1,Moderado
663,False,11,Casa,1,Ineficiente
208,False,17,Apartamento,6,Eficiente
340,True,9,Apartamento,4,Moderado
594,True,6,Apartamento,11,Ineficiente
528,False,15,Casa,4,Ineficiente
183,True,15,Apartamento,1,Moderado
562,True,3,Casa,9,Ineficiente
303,True,6,Casa,11,Moderado
570,True,6,Casa,3,Ineficiente
552,False,10,Casa,5,Moderado
89,True,6,Apartamento,10,Moderado
484,False,6,Apartamento,1,Moderado
381,True,15,Casa,8,Ineficiente
310,False,4,Casa,3,Eficiente
145,False,14,Casa,1,Eficiente
191,False,12,Apartamento,10,Moderado
92,False,9,Apartamento,6,Eficiente
472,False,17,Casa,1,Ineficiente
579,True,6,Apartamento,3,Ineficiente
677,False,13,Apartamento,5,Ineficiente
313,False,8,Apartamento,4,Eficiente
681,True,5,Apartamento,7,Ineficiente
393,True,9,Apartamento,6,Moderado
645,False,8,Apartamento,3,Moderado
91,False,5,Casa,11,Eficiente
288,True,6,Casa,8,Moderado
93,True,12,Casa,8,Moderado
497,False,16,Apartamento,2,Ineficiente
516,True,7,Comércio,7,Ineficiente
456,False,11,Casa,1,Ineficiente
99,False,16,Casa,2,Eficiente
666,False,8,Apartamento,8,Ineficiente
149,True,15,Apartamento,1,Moderado
290,False,6,Comércio,2,Eficiente
180,False,13,Apartamento,1,Eficiente
211,False,13,Comércio,5,Eficiente
460,True,9,Casa,7,Ineficiente
211,True,4,Casa,6,Eficiente
99,False,6,Casa,6,Eficiente
615,True,7,Apartamento,6,Ineficiente
306,True,6,Casa,8,Moderado
233,True,6,Apartamento,5,Eficiente
548,False,13,Apartamento,10,Ineficiente
484,True,15,Casa,7,Ineficiente
281,True,11,Comércio,3,Moderado
117,True,16,Casa,9,Moderado
267,False,13,Casa,10,Moderado
136,True,15,Apartamento,3,Moderado
99,True,4,Casa,6,Eficiente
352,True,8,Apartamento,3,Moderado
198,False,16,Apartamento,1,Eficiente
662,True,10,Comércio,1,Ineficiente
595,True,10,Comércio,3,Ineficiente
300,True,13,Casa,4,Moderado
605,False,9,Apartamento,2,Moderado
594,False,12,Casa,9,Ineficiente
415,False,13,Casa,11,Moderado
134,False,6,Casa,8,Eficiente
579,True,9,Casa,3,Ineficiente
615,False,15,Comércio,7,Ineficiente
241,True,12,Casa,4,Moderado
673,False,8,Apartamento,5,Moderado
238,True,13,Casa,4,Moderado
267,True,8,Apartamento,9,Moderado
139,False,4,Comércio,11,Eficiente
398,True,10,Casa,7,Moderado
290,False,10,Apartamento,4,Eficiente
485,True,16,Casa,8,Ineficiente
188,True,13,Casa,2,Moderado
155,False,9,Apartamento,7,Eficiente
621,False,13,Apartamento,11,Ineficiente
393,False,11,Casa,1,Moderado
196,True,10,Casa,8,Moderado
98,True,16,Casa,6,Moderado
511,False,11,Apartamento,5,Ineficiente
429,False,17,Apartamento,9,Moderado
262,True,11,Apartamento,9,Moderado
192,False,8,Apartamento,3,Eficiente
262,False,4,Comércio,9,Eficiente
560,False,14,Apartamento,9,Ineficiente
225,False,9,Apartamento,2,Eficiente
192,False,5,Apartamento,5,Eficiente
555,True,15,Apartamento,11,Ineficiente
382,True,9,Apartamento,2,Moderado
197,False,11,Comércio,1,Eficiente
240,True,12,Comércio,7,Ineficiente
480,True,16,Casa,4,Ineficiente
277,True,12,Casa,5,Moderado
339,True,4,Comércio,4,Moderado
126,False,16,Casa,6,Eficiente
478,False,15,Comércio,11,Ineficiente
638,True,8,Casa,2,Ineficiente
157,True,15,Casa,8,Moderado
203,False,8,Casa,4,Eficiente
154,False,11,Casa,8,Moderado
216,False,15,Casa,3,Eficiente
681,False,11,Apartamento,11,Ineficiente
479,True,17,Apartamento,5,Ineficiente
584,True,15,Comércio,3,Ineficiente
579,False,7,Casa,7,Ineficiente
652,False,16,Apartamento,3,Ineficiente
217,False,7,Apartamento,8,Eficiente
129,True,11,Apartamento,9,Moderado
698,False,10,Apartamento,2,Moderado
333,False,9,Casa,3,Eficiente
642,True,10,Casa,7,Ineficiente
505,True,8,Casa,5,Ineficiente
626,True,5,Casa,10,Ineficiente
381,True,9,Apartamento,7,Moderado
660,True,10,Casa,2,Ineficiente
428,True,17,Comércio,4,Ineficiente
128,False,10,Comércio,1,Eficiente
153,True,3,Comércio,5,Eficiente
340,True,9,Comércio,8,Ineficiente
435,False,5,Casa,1,Eficiente
661,False,4,Apartamento,7,Ineficiente
681,False,16,Casa,7,Ineficiente
339,True,4,Apartamento,7,Moderado
374,False,16,Comércio,1,Moderado
392,True,17,Comércio,11,Ineficiente
691,False,16,Casa,3,Ineficiente
261,True,10,Apartamento,11,Moderado
443,False,11,Casa,2,Moderado
267,True,5,Casa,5,Eficiente
648,False,16,Apartamento,2,Ineficiente
622,True,5,Casa,5,Ineficiente
675,True,8,Comércio,5,Ineficiente
627,True,13,Casa,4,Ineficiente
487,False,12,Comércio,11,Ineficiente
697,False,3,Apartamento,7,Ineficiente
493,False,8,Apartamento,10,Ineficiente
421,True,14,Apartamento,6,Moderado
299,True,5,Comércio,2,Eficiente
242,False,13,Casa,4,Eficiente
299,True,6,Comércio,11,Moderado
349,False,11,Casa,7,Moderado
479,False,5,Casa,9,Ineficiente
261,False,3,Casa,9,Eficiente
697,True,5,Apartamento,3,Ineficiente
284,True,9,Apartamento,1,Eficiente
661,True,15,Apartamento,9,Ineficiente
635,False,9,Apartamento,8,Ineficiente
307,True,13,Casa,7,Ineficiente
698,True,7,Comércio,6,Ineficiente
675,True,16,Casa,10,Ineficiente
329,True,3,Comércio,7,Ineficiente
520,False,13,Casa,11,Ineficiente
612,False,10,Apartamento,9,Ineficiente
275,True,12,Casa,6,Moderado
598,True,10,Casa,10,Ineficiente
149,False,12,Casa,3,Eficiente
478,True,14,Casa,3,Ineficiente
282,False,12,Casa,4,Eficiente
227,False,15,Casa,10,Moderado
551,True,12,Apartamento,10,Ineficiente
278,False,4,Apartamento,8,Eficiente
505,False,12,Apartamento,10,Ineficiente
571,True,5,Comércio,9,Ineficiente
221,True,6,Apartamento,8,Moderado
392,True,3,Apartamento,11,Moderado
244,True,6,Apartamento,10,Moderado
393,False,7,Casa,2,Eficiente
100,False,5,Apartamento,4,Eficiente
161,False,16,Casa,4,Eficiente
660,True,13,Comércio,2,Ineficiente
210,True,17,Apartamento,8,Moderado
678,False,12,Casa,3,Ineficiente
384,True,4,Apartamento,2,Moderado
450,False,15,Casa,7,Moderado
463,True,8,Casa,1,Ineficiente
524,False,10,Casa,6,Moderado
504,False,9,Apartamento,3,Moderado
240,True,13,Apartamento,3,Moderado
257,True,16,Apartamento,5,Moderado
569,True,3,Casa,3,Ineficiente
406,True,6,Apartamento,4,Moderado
677,False,5,Apartamento,3,Moderado
368,False,8,Casa,7,Moderado
672,False,11,Apartamento,3,Ineficiente
652,False,11,Casa,10,Ineficiente
652,True,9,Casa,4,Ineficiente
433,True,17,Apartamento,2,Moderado
107,True,14,Apartamento,2,Moderado
122,False,11,Casa,9,Moderado
502,True,10,Casa,11,Ineficiente
677,False,7,Casa,1,Moderado
256,True,11,Casa,1,Moderado
608,False,16,Casa,10,Ineficiente
689,False,9,Casa,1,Moderado
573,True,7,Apartamento,3,Ineficiente
277,True,17,Casa,2,Moderado
689,False,10,Apartamento,3,Moderado
656,True,17,Apartamento,5,Ineficiente
596,True,9,Casa,9,Ineficiente
593,False,11,Casa,2,Ineficiente
101,True,12,Comércio,11,Ineficiente
191,False,3,Casa,1,Eficiente
136,False,17,Casa,11,Moderado
145,True,15,Casa,6,Moderado
177,True,11,Apartamento,3,Moderado
223,True,17,Apartamento,7,Moderado
514,False,9,Comércio,6,Moderado
165,True,3,Comércio,11,Moderado
667,False,3,Casa,7,Ineficiente
423,True,7,Casa,5,Moderado
373,True,10,Casa,1,Moderado
650,True,11,Casa,3,Ineficiente
690,True,14,Casa,3,Ineficiente
322,True,8,Casa,7,Moderado
640,False,14,Casa,3,Ineficiente
111,True,15,Casa,11,Moderado
470,True,12,Casa,5,Ineficiente
356,True,14,Comércio,4,Ineficiente
611,False,10,Apartamento,4,Moderado
233,False,17,Comércio,7,Moderado
462,True,8,Casa,1,Ineficiente
147,False,13,Apartamento,7,Moderado
293,True,8,Casa,8,Moderado
455,False,6,Casa,3,Moderado
292,True,13,Casa,3,Moderado
158,True,7,Comércio,4,Eficiente
683,False,16,Comércio,6,Ineficiente
460,True,4,Casa,7,Ineficiente
137,False,5,Casa,1,Eficiente
105,True,5,Casa,4,Eficiente
526,False,16,Casa,7,Ineficiente
145,False,14,Casa,11,Moderado
333,True,13,Casa,2,Moderado
123,False,7,Apartamento,1,Eficiente
176,False,16,Casa,1,Eficiente
633,False,7,Casa,10,Ineficiente
306,True,8,Casa,6,Moderado
515,False,7,Casa,5,Moderado
680,True,14,Comércio,1,Ineficiente
458,True,8,Casa,10,Ineficiente
257,False,10,Comércio,3,Eficiente
506,False,17,Apartamento,11,Ineficiente
386,True,4,Comércio,7,Ineficiente
583,True,6,Apartamento,9,Ineficiente
347,True,15,Apartamento,9,Ineficiente
665,True,8,Comércio,6,Ineficiente
87,True,14,Casa,3,Moderado
587,False,7,Apartamento,1,Moderado
555,True,3,Comércio,3,Ineficiente
376,False,11,Apartamento,10,Moderado
243,False,5,Comércio,2,Eficiente
564,True,4,Apartamento,11,Ineficiente
676,True,11,Comércio,5,Ineficiente
151,True,9,Apartamento,8,Moderado
646,True,7,Apartamento,5,Ineficiente
638,False,14,Apartamento,1,Ineficiente
317,True,8,Comércio,3,Moderado
183,False,14,Apartamento,5,Eficiente
289,True,13,Apartamento,7,Moderado
633,True,6,Apartamento,5,Ineficiente
547,True,3,Casa,10,Ineficiente
533,True,6,Casa,5,Ineficiente
347,True,11,Comércio,7,Ineficiente
465,True,3,Apartamento,8,Ineficiente
466,False,12,Casa,8,Ineficiente
338,False,5,Casa,7,Moderado
362,True,17,Apartamento,3,Moderado
119,True,17,Apartamento,11,Moderado
565,True,7,Apartamento,2,Ineficiente
299,True,9,Apartamento,1,Eficiente
208,True,11,Casa,6,Moderado
599,True,8,Casa,9,Ineficiente
692,True,5,Casa,3,Ineficiente
698,True,15,Apartamento,5,Ineficiente
692,True,9,Casa,9,Ineficiente
339,True,17,Apartamento,9,Ineficiente
445,False,16,Apartamento,7,Moderado
623,True,6,Apartamento,4,Ineficiente
603,True,5,Comércio,11,Ineficiente
95,False,16,Casa,2,Eficiente
208,False,9,Apartamento,2,Eficiente
654,False,13,Casa,4,Ineficiente
188,False,13,Casa,1,Eficiente
612,True,9,Casa,4,Ineficiente
348,False,6,Casa,11,Moderado
241,False,14,Apartamento,6,Eficiente
339,True,9,Apartamento,6,Moderado
181,True,13,Casa,7,Moderado
585,False,16,Casa,5,Ineficiente
650,True,4,Apartamento,9,Ineficiente
326,True,3,Apartamento,2,Moderado
616,True,14,Casa,2,Ineficiente
210,True,17,Apartamento,4,Moderado
432,True,4,Apartamento,4,Moderado
275,False,6,Apartamento,4,Eficiente
461,False,10,Casa,1,Moderado
306,True,5,Apartamento,4,Moderado
555,False,17,Apartamento,5,Ineficiente
556,True,12,Apartamento,9,Ineficiente
344,True,17,Apartamento,3,Moderado
451,False,8,Comércio,3,Moderado
565,False,8,Casa,5,Moderado
513,False,15,Comércio,10,Ineficiente
290,False,11,Apartamento,6,Eficiente
651,False,11,Apartamento,3,Ineficiente
456,False,6,Casa,1,Moderado
474,True,11,Casa,10,Ineficiente
529,False,17,Apartamento,8,Ineficiente
443,False,17,Apartamento,1,Moderado
536,False,15,Casa,2,Ineficiente
305,True,8,Apartamento,3,Moderado
210,True,4,Casa,6,Eficiente
667,False,12,Comércio,4,Ineficiente
555,True,16,Comércio,4,Ineficiente
356,False,13,Casa,9,Moderado
235,True,8,Comércio,6,Eficiente
297,True,4,Comércio,2,Eficiente
269,False,10,Casa,7,Eficiente
496,True,6,Apartamento,3,Ineficiente
625,True,7,Casa,9,Ineficiente
120,False,10,Apartamento,6,Eficiente
386,False,16,Casa,8,Moderado
417,True,13,Casa,1,Moderado
393,False,10,Casa,2,Eficiente
154,True,14,Casa,6,Moderado
358,False,16,Apartamento,3,Moderado
255,True,14,Casa,1,Moderado
352,False,8,Casa,6,Eficiente
699,True,6,Comércio,5,Ineficiente
368,True,17,Apartamento,9,Ineficiente
351,True,3,Apartamento,6,Moderado
145,False,14,Comércio,5,Eficiente
562,True,9,Comércio,1,Ineficiente
327,False,10,Casa,1,Eficiente
235,False,11,Apartamento,11,Moderado
126,True,4,Comércio,1,Eficiente
533,True,3,Casa,7,Ineficiente
280,True,6,Casa,6,Eficiente
203,False,15,Casa,5,Eficiente
80,True,7,Casa,4,Eficiente
270,True,12,Apartamento,11,Moderado
658,False,14,Apartamento,11,Ineficiente
595,False,3,Comércio,8,Ineficiente
521,True,7,Apartamento,11,Ineficiente
222,True,8,Casa,8,Moderado
270,False,5,Casa,5,Eficiente
612,False,14,Comércio,4,Ineficiente
306,False,17,Casa,2,Moderado
392,False,9,Casa,7,Moderado
381,True,16,Comércio,5,Ineficiente
539,True,8,Apartamento,3,Ineficiente
480,True,6,Casa,9,Ineficiente
630,True,5,Comércio,9,Ineficiente
472,False,7,Comércio,11,Ineficiente
286,True,5,Casa,11,Moderado
289,True,12,Comércio,10,Ineficiente
194,False,11,Casa,11,Moderado
330,True,11,Apartamento,8,Ineficiente
298,True,8,Comércio,1,Eficiente
486,True,15,Comércio,3,Ineficiente
522,False,13,Casa,2,Ineficiente
682,False,8,Casa,4,Moderado
433,True,14,Casa,2,Moderado
637,True,16,Apartamento,11,Ineficiente
629,False,6,Casa,8,Ineficiente
221,False,6,Casa,1,Eficiente
691,False,4,Casa,4,Moderado
580,False,12,Casa,5,Ineficiente
626,False,6,Casa,10,Ineficiente
621,True,10,Apartamento,4,Ineficiente
586,True,15,Casa,8,Ineficiente
675,True,12,Casa,2,Ineficiente
360,False,4,Comércio,9,Moderado
503,False,11,Apartamento,2,Ineficiente
349,True,16,Casa,2,Moderado
233,True,3,Casa,2,Eficiente
693,True,15,Apartamento,10,Ineficiente
162,False,4,Casa,8,Eficiente
505,False,17,Apartamento,3,Ineficiente
354,False,4,Casa,10,Moderado
363,False,13,Casa,11,Moderado
252,False,15,Apartamento,10,Moderado
406,False,17,Apartamento,8,Moderado
142,False,16,Comércio,7,Moderado
152,True,8,Casa,10,Moderado
454,True,17,Apartamento,4,Ineficiente
587,True,16,Casa,7,Ineficiente
477,True,9,Apartamento,11,Ineficiente
199,False,15,Comércio,8,Moderado
516,True,17,Casa,6,Ineficiente
544,False,17,Comércio,6,Ineficiente
365,True,5,Apartamento,3,Moderado
344,True,13,Comércio,5,Ineficiente
399,False,11,Apartamento,10,Moderado
455,True,7,Casa,2,Ineficiente
168,True,7,Casa,5,Eficiente
282,True,13,Casa,5,Moderado
413,False,14,Casa,7,Moderado
301,True,6,Apartamento,4,Moderado
120,False,11,Apartamento,11,Moderado
147,False,10,Comércio,6,Eficiente
593,False,14,Casa,9,Ineficiente
677,False,6,Apartamento,4,Moderado
206,True,6,Comércio,11,Moderado
334,True,4,Comércio,6,Moderado
95,False,11,Casa,9,Moderado
556,True,5,Apartamento,10,Ineficiente
141,True,6,Casa,1,Eficiente
511,True,16,Casa,8,Ineficiente
347,False,9,Casa,1,Eficiente
114,True,12,Apartamento,4,Moderado
655,True,10,Apartamento,3,Ineficiente
573,False,10,Apartamento,4,Moderado
641,False,6,Comércio,7,Ineficiente
548,True,17,Casa,9,Ineficiente
404,True,9,Apartamento,9,Moderado
383,False,12,Apartamento,10,Moderado
355,False,3,Casa,1,Eficiente
280,False,8,Apartamento,10,Eficiente
524,True,8,Casa,1,Ineficiente
403,True,8,Comércio,9,Ineficiente
114,False,14,Casa,4,Eficiente
561,False,4,Casa,3,Moderado
559,True,10,Apartamento,9,Ineficiente
144,True,16,Casa,5,Moderado
87,False,17,Casa,6,Eficiente
380,True,17,Casa,1,Moderado
422,True,7,Casa,1,Moderado
510,True,7,Apartamento,7,Ineficiente
503,True,4,Apartamento,10,Ineficiente
411,True,6,Apartamento,8,Moderado
517,False,14,Apartamento,11,Ineficiente
667,True,11,Casa,8,Ineficiente
253,True,11,Casa,7,Moderado
638,True,8,Apartamento,11,Ineficiente
606,True,13,Comércio,9,Ineficiente
105,True,17,Casa,1,Moderado
684,True,11,Casa,2,Ineficiente
485,False,6,Apartamento,3,Moderado
311,True,17,Apartamento,5,Moderado
612,True,13,Apartamento,4,Ineficiente
629,True,3,Casa,4,Ineficiente
584,True,4,Apartamento,8,Ineficiente
258,False,15,Casa,8,Moderado
211,True,3,Apartamento,11,Moderado
534,False,10,Apartamento,7,Ineficiente
427,True,11,Apartamento,1,Moderado
619,False,12,Casa,10,Ineficiente
485,True,14,Comércio,4,Ineficiente
155,False,8,Comércio,1,Eficiente
658,True,4,Apartamento,11,Ineficiente
571,True,8,Casa,5,Ineficiente
273,False,11,Casa,3,Eficiente
241,False,14,Comércio,3,Eficiente
426,True,5,Apartamento,4,Moderado
440,True,11,Comércio,2,Ineficiente
663,True,4,Casa,7,Ineficiente
166,False,13,Casa,4,Eficiente
341,True,7,Comércio,5,Moderado
293,True,13,Apartamento,2,Moderado
652,False,4,Casa,6,Moderado
341,False,9,Casa,9,Moderado
362,False,13,Apartamento,8,Moderado
546,False,12,Casa,8,Ineficiente
459,False,17,Apartamento,2,Ineficiente
441,True,11,Casa,4,Moderado
528,True,9,Apartamento,8,Ineficiente
520,False,14,Casa,11,Ineficiente
172,True,7,Comércio,1,Eficiente
503,False,17,Casa,8,Ineficiente
221,True,6,Apartamento,3,Eficiente
370,True,14,Casa,8,Ineficiente
511,False,6,Apartamento,6,Moderado
128,False,17,Comércio,7,Moderado
381,True,12,Apartamento,2,Moderado
269,False,10,Apartamento,1,Eficiente
215,False,12,Apartamento,6,Eficiente
634,True,15,Apartamento,3,Ineficiente
483,True,12,Comércio,4,Ineficiente
681,False,16,Comércio,9,Ineficiente
420,False,12,Casa,3,Moderado
397,True,12,Comércio,2,Ineficiente
697,False,12,Casa,2,Ineficiente
442,False,3,Casa,2,Eficiente
461,True,7,Casa,6,Ineficiente
312,False,16,Casa,2,Moderado
423,True,4,Apartamento,11,Moderado
628,True,15,Comércio,7,Ineficiente
632,False,13,Apartamento,7,Ineficiente
608,False,11,Apartamento,7,Ineficiente
650,False,9,Apartamento,2,Moderado
262,True,12,Apartamento,7,Moderado
120,True,10,Casa,10,Moderado
630,True,8,Apartamento,8,Ineficiente
476,True,11,Apartamento,8,Ineficiente
573,True,8,Apartamento,2,Ineficiente
412,False,9,Apartamento,5,Eficiente
206,True,9,Comércio,6,Eficiente
637,False,11,Casa,9,Ineficiente
636,True,13,Casa,6,Ineficiente
80,False,10,Apartamento,10,Eficiente
247,True,15,Apartamento,6,Moderado
699,True,3,Comércio,10,Ineficiente
98,True,6,Casa,10,Moderado
411,True,9,Casa,6,Moderado
663,False,13,Comércio,9,Ineficiente
535,True,10,Apartamento,10,Ineficiente
188,False,9,Apartamento,7,Eficiente
347,False,14,Casa,1,Moderado
524,False,5,Casa,1,Moderado
319,True,17,Apartamento,4,Moderado
380,False,6,Casa,2,Eficiente
681,True,14,Comércio,3,Ineficiente
182,True,9,Apartamento,7,Moderado
329,False,10,Casa,7,Moderado
532,False,9,Apartamento,3,Moderado
599,True,8,Apartamento,2,Ineficiente
232,True,11,Casa,1,Moderado
253,True,11,Casa,9,Moderado
422,True,13,Casa,10,Ineficiente
510,True,15,Apartamento,3,Ineficiente
403,False,9,Apartamento,9,Moderado
499,False,10,Apartamento,4,Moderado
673,False,8,Apartamento,10,Ineficiente
564,True,3,Apartamento,6,Ineficiente
491,False,3,Apartamento,7,Ineficiente
163,False,8,Apartamento,10,Eficiente
192,False,4,Casa,6,Eficiente
411,True,16,Comércio,1,Ineficiente
457,True,10,Apartamento,6,Ineficiente
120,True,3,Apartamento,11,Moderado
184,False,15,Apartamento,6,Eficiente
281,False,4,Casa,5,Eficiente
529,False,10,Apartamento,3,Moderado
345,True,14,Casa,10,Ineficiente
289,True,8,Apartamento,3,Eficiente
642,True,14,Apartamento,11,Ineficiente
197,True,12,Apartamento,10,Moderado
456,True,4,Apartamento,7,Ineficiente
630,False,4,Apartamento,8,Ineficiente
619,True,13,Casa,3,Ineficiente
163,False,16,Comércio,3,Eficiente
533,True,9,Apartamento,7,Ineficiente
593,True,7,Apartamento,10,Ineficiente
684,True,7,Casa,7,Ineficiente
466,False,10,Apartamento,11,Ineficiente
429,True,14,Casa,9,Ineficiente
375,False,14,Apartamento,6,Moderado
337,True,9,Casa,7,Moderado
160,False,14,Apartamento,11,Moderado
347,False,16,Apartamento,10,Moderado
498,True,11,Casa,1,Ineficiente
314,False,6,Apartamento,7,Moderado
390,True,12,Comércio,2,Ineficiente
436,False,6,Casa,7,Moderado
292,True,4,Apartamento,3,Eficiente
653,True,5,Casa,9,Ineficiente
128,False,3,Casa,5,Eficiente
206,False,3,Casa,7,Eficiente
302,True,9,Apartamento,8,Moderado
358,False,16,Casa,2,Moderado
487,True,16,Comércio,11,Ineficiente
584,True,7,Apartamento,1,Ineficiente
373,False,5,Casa,7,Moderado
356,True,9,Apartamento,6,Moderado
517,True,16,Casa,6,Ineficiente
186,False,4,Apartamento,2,Eficiente
499,True,5,Casa,3,Ineficiente
690,False,3,Casa,4,Moderado
508,True,10,Apartamento,3,Ineficiente
454,True,4,Comércio,2,Ineficiente
152,True,17,Casa,3,Moderado
109,False,9,Apartamento,6,Eficiente
267,False,13,Casa,9,Moderado
443,True,11,Apartamento,4,Moderado
530,True,8,Apartamento,6,Ineficiente
274,False,4,Casa,1,Eficiente
235,True,4,Casa,6,Eficiente
251,False,11,Casa,3,Eficiente
120,True,12,Casa,9,Moderado
142,False,10,Casa,4,Eficiente
102,True,16,Apartamento,7,Moderado
439,False,16,Comércio,4,Moderado
154,False,16,Casa,11,Moderado
639,True,11,Apartamento,6,Ineficiente
197,True,6,Apartamento,7,Moderado
691,False,6,Comércio,2,Moderado
459,False,17,Apartamento,10,Ineficiente
369,True,17,Apartamento,6,Moderado
519,True,4,Apartamento,8,Ineficiente
86,False,16,Casa,6,Eficiente
275,True,12,Casa,2,Moderado
500,False,3,Casa,4,Moderado
647,True,12,Casa,1,Ineficiente
272,False,15,Apartamento,7,Moderado
638,False,6,Casa,8,Ineficiente
227,False,12,Apartamento,10,Moderado
281,True,12,Casa,2,Moderado
523,False,13,Comércio,10,Ineficiente
498,True,10,Comércio,5,Ineficiente
506,False,4,Casa,11,Ineficiente
558,True,15,Casa,8,Ineficiente
554,True,14,Apartamento,11,Ineficiente
205,False,13,Casa,8,Moderado
474,True,10,Casa,5,Ineficiente
655,False,3,Casa,8,Ineficiente
404,False,17,Comércio,6,Moderado
471,False,3,Comércio,5,Moderado
519,True,6,Apartamento,11,Ineficiente
283,True,9,Apartamento,4,Eficiente
565,False,11,Comércio,5,Ineficiente
110,True,7,Comércio,4,Eficiente
467,True,4,Comércio,1,Ineficiente
513,True,14,Casa,3,Ineficiente
455,True,9,Casa,8,Ineficiente
423,False,13,Apartamento,7,Moderado
522,True,4,Apartamento,7,Ineficiente
658,False,11,Casa,11,Ineficiente
154,True,11,Casa,3,Moderado
636,True,5,Comércio,9,Ineficiente
234,True,15,Comércio,6,Moderado
509,True,10,Casa,8,Ineficiente
442,True,13,Comércio,8,Ineficiente
527,False,6,Apartamento,3,Moderado
313,True,5,Apartamento,4,Moderado
642,True,3,Casa,6,Ineficiente
341,True,7,Casa,2,Moderado
204,True,15,Casa,11,Moderado
324,False,16,Apartamento,7,Moderado
621,True,13,Apartamento,2,Ineficiente
564,True,6,Casa,11,Ineficiente
201,True,3,Comércio,5,Eficiente
204,False,12,Casa,4,Eficiente
628,True,10,Casa,9,Ineficiente
249,False,10,Apartamento,2,Eficiente
203,True,15,Apartamento,7,Moderado
114,False,10,Casa,7,Eficiente
166,False,5,Apartamento,7,Eficiente
280,False,8,Apartamento,1,Eficiente
448,True,14,Apartamento,8,Ineficiente
156,True,14,Apartamento,2,Moderado
138,True,9,Casa,5,Eficiente
510,True,11,Apartamento,2,Ineficiente
579,True,7,Comércio,5,Ineficiente
188,True,11,Casa,7,Moderado
357,False,8,Casa,6,Eficiente
147,True,12,Comércio,5,Moderado
148,True,12,Casa,4,Moderado
244,True,12,Apartamento,8,Moderado
568,False,6,Comércio,11,Ineficiente
384,True,15,Casa,8,Ineficiente
444,False,3,Casa,1,Eficiente
458,True,3,Comércio,10,Ineficiente
422,True,16,Comércio,2,Ineficiente
633,True,12,Apartamento,3,Ineficiente
433,True,7,Apartamento,1,Moderado
495,False,15,Apartamento,11,Ineficiente
188,False,16,Apartamento,3,Eficiente
642,True,5,Casa,10,Ineficiente
576,False,7,Casa,8,Ineficiente
420,True,7,Apartamento,4,Moderado
462,False,3,Comércio,7,Ineficiente
612,False,16,Comércio,7,Ineficiente
379,True,10,Comércio,11,Ineficiente
218,True,7,Comércio,5,Eficiente
438,True,7,Apartamento,1,Moderado
578,False,11,Casa,10,Ineficiente
464,True,10,Apartamento,4,Ineficiente
683,False,15,Apartamento,7,Ineficiente
359,False,3,Apartamento,5,Eficiente
562,True,5,Casa,2,Ineficiente
190,True,14,Comércio,8,Ineficiente
218,False,9,Apartamento,2,Eficiente
514,True,3,Casa,11,Ineficiente
588,False,3,Apartamento,8,Ineficiente
352,True,7,Apartamento,11,Moderado
178,True,11,Casa,2,Moderado
183,True,8,Apartamento,11,Moderado
293,False,12,Casa,5,Eficiente
244,True,4,Casa,4,Eficiente
599,False,13,Casa,1,Ineficiente
363,True,11,Apartamento,8,Ineficiente
596,False,8,Comércio,10,Ineficiente
692,False,7,Apartamento,3,Moderado
243,True,7,Comércio,4,Eficiente
143,False,17,Casa,4,Eficiente
170,True,14,Casa,5,Moderado
196,True,5,Apartamento,3,Eficiente
346,True,16,Casa,9,Ineficiente
638,False,8,Apartamento,4,Moderado
219,False,17,Apartamento,10,Moderado
325,False,17,Comércio,11,Ineficiente
474,True,15,Casa,11,Ineficiente
566,False,6,Apartamento,4,Moderado
555,True,15,Apartamento,6,Ineficiente
596,False,14,Casa,8,Ineficiente
263,True,12,Apartamento,7,Moderado
99,False,16,Casa,4,Eficiente
637,False,17,Casa,4,Ineficiente
603,False,4,Casa,5,Moderado
661,False,15,Casa,10,Ineficiente
608,True,5,Apartamento,5,Ineficiente
226,False,11,Casa,1,Eficiente
383,True,13,Casa,8,Ineficiente
699,False,13,Casa,10,Ineficiente
661,False,11,Casa,5,Ineficiente
307,False,8,Casa,3,Eficiente
181,True,12,Casa,3,Moderado
666,True,12,Apartamento,4,Ineficiente
496,True,16,Apartamento,7,Ineficiente
295,False,11,Apartamento,5,Eficiente
486,True,6,Apartamento,1,Ineficiente
478,True,13,Apartamento,5,Ineficiente
578,False,7,Apartamento,5,Moderado
544,False,12,Apartamento,6,Ineficiente
161,True,8,Casa,7,Moderado
683,True,15,Apartamento,5,Ineficiente
444,False,17,Casa,11,Moderado
242,True,11,Casa,2,Moderado
127,False,15,Apartamento,2,Eficiente
590,True,7,Casa,4,Ineficiente
408,False,10,Casa,1,Eficiente
195,True,13,Casa,7,Moderado
416,True,3,Casa,1,Moderado
226,False,7,Casa,3,Eficiente
654,False,12,Apartamento,10,Ineficiente
402,True,3,Apartamento,7,Moderado
522,False,12,Apartamento,11,Ineficiente
92,True,16,Casa,6,Moderado
573,False,8,Comércio,7,Ineficiente
366,False,9,Apartamento,5,Eficiente
193,True,14,Casa,8,Moderado
559,False,16,Apartamento,6,Ineficiente
101,True,7,Apartamento,4,Eficiente
428,True,3,Apartamento,11,Moderado
645,False,8,Casa,1,Moderado
399,False,12,Apartamento,2,Moderado
205,True,7,Comércio,6,Eficiente
356,True,8,Apartamento,4,Moderado
283,True,13,Apartamento,3,Moderado
273,False,12,Apartamento,7,Moderado
626,True,17,Apartamento,7,Ineficiente
365,True,9,Casa,2,Moderado
136,True,9,Apartamento,8,Moderado
382,True,4,Casa,11,Moderado
242,True,17,Apartamento,1,Moderado
98,True,14,Apartamento,11,Moderado
449,True,5,Casa,10,Moderado
343,True,14,Apartamento,7,Ineficiente
192,False,8,Casa,10,Eficiente
567,True,5,Casa,1,Ineficiente
406,False,4,Casa,3,Eficiente
621,False,6,Casa,3,Moderado
658,False,7,Casa,10,Ineficiente
144,False,13,Casa,2,Eficiente
371,True,12,Apartamento,10,Ineficiente
104,True,11,Apartamento,5,Moderado
628,True,5,Apartamento,4,Ineficiente
80,True,5,Casa,6,Eficiente
628,False,8,Comércio,2,Moderado
220,False,7,Apartamento,4,Eficiente
267,False,8,Casa,7,Eficiente
207,True,9,Apartamento,1,Eficiente
280,False,13,Casa,11,Moderado
206,True,5,Apartamento,3,Eficiente
336,True,17,Apartamento,1,Moderado
626,True,15,Casa,2,Ineficiente
273,False,7,Comércio,9,Eficiente
183,True,10,Casa,10,Moderado
614,False,6,Casa,5,Moderado
344,False,12,Comércio,4,Moderado
463,False,4,Comércio,4,Moderado
339,True,6,Apartamento,8,Moderado
493,False,4,Apartamento,3,Moderado
437,False,5,Casa,4,Eficiente
154,True,6,Apartamento,2,Eficiente
434,True,6,Casa,6,Moderado
663,True,12,Casa,9,Ineficiente
267,True,11,Apartamento,4,Moderado
369,True,12,Casa,11,Ineficiente
124,False,8,Casa,6,Eficiente
652,True,11,Casa,4,Ineficiente
162,True,6,Casa,2,Eficiente
202,False,11,Casa,6,Eficiente
437,True,13,Casa,7,Ineficiente
607,False,15,Casa,4,Ineficiente
145,True,11,Apartamento,11,Moderado
454,False,8,Apartamento,7,Ineficiente
241,True,7,Apartamento,11,Moderado
459,False,5,Apartamento,8,Ineficiente
437,True,16,Casa,11,Ineficiente
267,False,17,Casa,3,Eficiente
401,True,7,Casa,2,Moderado
529,False,17,Apartamento,5,Ineficiente
553,True,5,Apartamento,2,Ineficiente
92,True,7,Apartamento,10,Moderado
263,False,7,Casa,5,Eficiente
190,True,4,Casa,10,Moderado
587,False,16,Apartamento,6,Ineficiente
369,False,16,Casa,8,Moderado
374,False,11,Apartamento,6,Moderado
530,True,17,Apartamento,4,Ineficiente
294,False,9,Apartamento,3,Eficiente
646,False,16,Comércio,2,Ineficiente
106,False,8,Comércio,1,Eficiente
310,True,7,Apartamento,2,Moderado
644,True,17,Apartamento,2,Ineficiente
400,True,6,Casa,5,Moderado
312,True,10,Comércio,9,Ineficiente
516,True,4,Apartamento,1,Ineficiente
612,True,10,Casa,4,Ineficiente
482,False,3,Casa,10,Ineficiente
132,False,12,Casa,7,Moderado
392,False,3,Apartamento,11,Moderado
360,True,5,Apartamento,10,Moderado
110,True,7,Casa,3,Eficiente
416,False,16,Casa,8,Moderado
262,False,8,Comércio,3,Eficiente
102,False,6,Apartamento,8,Eficiente
623,False,9,Apartamento,2,Moderado
525,True,9,Casa,5,Ineficiente
153,False,4,Apartamento,4,Eficiente
89,True,4,Apartamento,11,Moderado
563,True,4,Casa,9,Ineficiente
535,False,17,Casa,3,Ineficiente
645,True,16,Casa,11,Ineficiente
643,True,17,Casa,5,Ineficiente
239,True,4,Comércio,10,Moderado
93,True,15,Casa,9,Moderado
257,False,11,Casa,6,Eficiente
491,True,16,Apartamento,2,Ineficiente
132,True,7,Casa,1,Eficiente
487,True,13,Apartamento,11,Ineficiente
101,True,10,Casa,1,Eficiente
109,True,7,Apartamento,7,Moderado
339,False,15,Casa,2,Moderado
284,True,13,Apartamento,7,Moderado
138,False,7,Apartamento,1,Eficiente
550,False,3,Comércio,4,Moderado
545,False,8,Apartamento,10,Ineficiente
91,True,6,Apartamento,11,Moderado
369,True,17,Casa,4,Moderado
433,False,5,Apartamento,5,Eficiente
154,True,8,Apartamento,10,Moderado
640,False,4,Comércio,1,Moderado
670,False,10,Casa,7,Ineficiente
520,False,3,Casa,11,Ineficiente
320,False,14,Apartamento,2,Moderado
233,False,11,Casa,11,Moderado
175,True,10,Casa,11,Moderado
373,False,3,Casa,2,Eficiente
288,True,12,Apartamento,8,Moderado
422,True,14,Comércio,9,Ineficiente
167,False,17,Apartamento,6,Eficiente
469,False,11,Casa,11,Ineficiente
404,False,4,Casa,1,Eficiente
236,False,5,Casa,1,Eficiente
656,True,4,Apartamento,11,Ineficiente
698,False,15,Apartamento,7,Ineficiente
216,False,16,Casa,8,Moderado
507,False,10,Apartamento,3,Moderado
531,True,4,Apartamento,9,Ineficiente
691,True,12,Casa,4,Ineficiente
220,False,4,Casa,4,Eficiente
162,True,17,Comércio,3,Moderado
256,True,3,Casa,8,Moderado
277,False,9,Apartamento,9,Eficiente
647,True,14,Apartamento,1,Ineficiente
500,True,4,Apartamento,2,Ineficiente
480,True,12,Apartamento,1,Ineficiente
550,True,7,Apartamento,4,Ineficiente
297,False,7,Comércio,10,Eficiente
254,True,5,Comércio,7,Moderado
102,True,5,Apartamento,7,Moderado
314,False,15,Casa,6,Moderado
92,False,14,Casa,11,Moderado
180,False,5,Apartamento,5,Eficiente
615,True,8,Apartamento,11,Ineficiente
602,True,16,Casa,4,Ineficiente
531,False,6,Casa,8,Ineficiente
510,True,15,Apartamento,7,Ineficiente
685,False,5,Casa,11,Ineficiente
612,True,4,Apartamento,11,Ineficiente
372,True,15,Apartamento,10,Ineficiente
180,False,5,Apartamento,1,Eficiente
581,False,6,Casa,6,Moderado
383,False,8,Casa,2,Eficiente
619,True,6,Casa,4,Ineficiente
632,True,10,Casa,5,Ineficiente
434,False,5,Apartamento,8,Moderado
382,False,14,Apartamento,6,Moderado
575,True,5,Casa,11,Ineficiente
306,True,5,Casa,2,Moderado
315,True,10,Casa,5,Moderado
534,False,6,Comércio,5,Moderado
92,False,3,Apartamento,6,Eficiente
289,False,4,Comércio,1,Eficiente
476,True,15,Apartamento,8,Ineficiente
179,False,16,Apartamento,3,Eficiente
110,True,12,Apartamento,5,Moderado
607,True,15,Casa,7,Ineficiente
408,False,15,Apartamento,3,Moderado
245,True,16,Casa,10,Moderado
538,True,4,Apartamento,6,Ineficiente
179,True,16,Casa,5,Moderado
252,True,5,Apartamento,7,Moderado
241,False,8,Casa,10,Eficiente
342,False,10,Comércio,11,Moderado
353,False,14,Casa,3,Moderado
82,False,3,Apartamento,2,Eficiente
107,False,11,Apartamento,4,Eficiente
405,True,3,Casa,3,Moderado
228,True,12,Apartamento,4,Moderado
619,False,4,Comércio,7,Ineficiente
567,True,5,Casa,5,Ineficiente
517,False,9,Comércio,4,Moderado
144,True,11,Apartamento,6,Moderado
435,False,5,Apartamento,7,Moderado
612,False,10,Casa,11,Ineficiente
331,True,17,Apartamento,5,Moderado
314,True,11,Comércio,7,Ineficiente
306,False,12,Casa,3,Moderado
604,True,9,Apartamento,7,Ineficiente
392,True,6,Casa,3,Moderado
128,False,6,Casa,6,Eficiente
197,True,6,Apartamento,8,Moderado
133,False,8,Apartamento,6,Eficiente
644,True,6,Apartamento,10,Ineficiente
123,True,7,Casa,11,Moderado
132,False,11,Casa,3,Eficiente
665,True,14,Casa,5,Ineficiente
637,True,9,Apartamento,9,Ineficiente
604,True,10,Comércio,8,Ineficiente
181,True,7,Apartamento,6,Eficiente
477,True,7,Casa,9,Ineficiente
217,True,15,Comércio,2,Moderado
466,True,13,Apartamento,11,Ineficiente
190,True,9,Apartamento,9,Moderado
693,False,13,Casa,10,Ineficiente
96,False,15,Apartamento,10,Moderado
261,True,16,Casa,6,Moderado
615,False,14,Casa,9,Ineficiente
620,False,10,Casa,4,Moderado
250,False,11,Casa,5,Eficiente
488,False,17,Casa,2,Ineficiente
457,True,16,Casa,3,Ineficiente
267,False,4,Casa,1,Eficiente
309,True,5,Apartamento,4,Moderado
198,True,14,Casa,2,Moderado
235,False,14,Apartamento,2,Eficiente
544,True,4,Casa,1,Ineficiente
183,True,12,Comércio,10,Ineficiente
683,False,9,Comércio,2,Moderado
581,False,14,Casa,4,Ineficiente
254,False,4,Apartamento,6,Eficiente
500,False,14,Casa,7,Ineficiente
213,True,16,Comércio,7,Ineficiente
470,True,17,Apartamento,7,Ineficiente
580,False,4,Casa,4,Moderado
112,True,16,Casa,5,Moderado
134,False,16,Casa,11,Moderado
598,True,4,Casa,3,Ineficiente
91,True,17,Apartamento,1,Moderado
607,True,14,Apartamento,8,Ineficiente
634,False,15,Casa,10,Ineficiente
452,True,6,Casa,11,Ineficiente
563,True,3,Casa,7,Ineficiente
307,True,4,Casa,9,Moderado
386,True,5,Apartamento,10,Moderado
536,True,9,Casa,4,Ineficiente
239,True,12,Apartamento,5,Moderado
410,True,3,Casa,5,Moderado
304,True,8,Casa,7,Moderado
583,True,5,Apartamento,9,Ineficiente
535,False,5,Apartamento,8,Ineficiente
124,False,6,Casa,7,Eficiente
293,True,15,Apartamento,1,Moderado
138,True,6,Apartamento,10,Moderado
695,True,9,Casa,6,Ineficiente
274,False,5,Apartamento,10,Eficiente
568,True,10,Apartamento,9,Ineficiente
236,True,10,Casa,7,Moderado
689,False,13,Apartamento,1,Ineficiente
305,True,15,Casa,9,Ineficiente
491,False,9,Casa,3,Moderado
284,True,4,Apartamento,9,Moderado
158,False,7,Comércio,4,Eficiente
203,True,8,Comércio,9,Moderado
550,False,14,Casa,8,Ineficiente
297,False,12,Casa,7,Moderado
595,True,6,Apartamento,4,Ineficiente
681,True,15,Casa,9,Ineficiente
183,True,12,Apartamento,4,Moderado
472,False,7,Apartamento,1,Moderado
687,False,16,Comércio,6,Ineficiente
513,True,11,Casa,4,Ineficiente
410,False,13,Casa,10,Moderado
222,True,9,Apartamento,3,Eficiente
619,True,4,Apartamento,5,Ineficiente
357,False,13,Comércio,3,Moderado
312,False,3,Casa,11,Moderado
608,True,4,Apartamento,9,Ineficiente
650,False,5,Apartamento,6,Moderado
169,False,13,Casa,3,Eficiente
571,False,4,Apartamento,5,Moderado
278,False,13,Apartamento,8,Moderado
441,False,5,Casa,8,Moderado
520,True,12,Casa,6,Ineficiente
105,False,17,Apartamento,5,Eficiente
104,True,13,Apartamento,5,Moderado
473,False,13,Comércio,1,Ineficiente
586,True,17,Casa,2,Ineficiente
380,False,14,Casa,11,Moderado
418,True,16,Comércio,4,Ineficiente
346,True,14,Comércio,6,Ineficiente
540,True,11,Casa,11,Ineficiente
535,False,6,Apartamento,7,Ineficiente
439,False,14,Casa,1,Moderado
147,True,11,Casa,8,Moderado
491,False,13,Casa,1,Ineficiente
570,False,5,Casa,9,Ineficiente
128,False,14,Apartamento,4,Eficiente
643,True,3,Apartamento,7,Ineficiente
181,False,13,Comércio,11,Moderado
295,False,7,Apartamento,6,Eficiente
517,False,12,Casa,9,Ineficiente
648,False,12,Apartamento,2,Ineficiente
638,False,16,Comércio,11,Ineficiente
238,False,4,Apartamento,7,Eficiente
568,True,6,Apartamento,11,Ineficiente
321,True,4,Comércio,5,Moderado
84,True,4,Casa,7,Moderado
675,True,15,Apartamento,1,Ineficiente
440,False,5,Comércio,11,Moderado
538,False,7,Comércio,11,Ineficiente
327,False,6,Casa,10,Moderado
645,True,4,Apartamento,9,Ineficiente
501,True,17,Apartamento,1,Ineficiente
94,True,13,Casa,5,Moderado
652,True,16,Apartamento,8,Ineficiente
201,True,16,Casa,1,Moderado
356,False,12,Casa,7,Moderado
637,True,4,Casa,2,Ineficiente
532,False,16,Apartamento,7,Ineficiente
469,True,8,Casa,7,Ineficiente
373,False,9,Apartamento,9,Moderado
653,False,14,Casa,6,Ineficiente
677,False,12,Casa,4,Ineficiente
525,False,8,Casa,7,Ineficiente
289,False,9,Casa,7,Eficiente
669,False,3,Apartamento,4,Moderado
381,False,8,Apartamento,2,Eficiente
302,True,13,Casa,11,Ineficiente
82,True,5,Casa,9,Moderado
597,True,3,Apartamento,8,Ineficiente
172,False,10,Casa,5,Eficiente
599,True,6,Comércio,5,Ineficiente
507,False,12,Apartamento,1,Ineficiente
572,False,10,Casa,11,Ineficiente
314,True,12,Casa,9,Ineficiente
699,True,16,Apartamento,11,Ineficiente
240,False,13,Casa,10,Moderado
410,True,6,Casa,11,Moderado
412,False,6,Casa,8,Moderado
129,True,14,Apartamento,5,Moderado
602,False,16,Apartamento,10,Ineficiente
571,True,12,Casa,6,Ineficiente
661,False,6,Apartamento,10,Ineficiente
351,False,8,Casa,11,Moderado
659,True,16,Apartamento,10,Ineficiente
331,True,11,Casa,8,Ineficiente
639,True,7,Apartamento,6,Ineficiente
169,False,14,Comércio,10,Moderado
525,False,15,Casa,4,Ineficiente
411,True,12,Casa,3,Moderado
218,True,16,Casa,7,Moderado
436,True,17,Casa,2,Moderado
680,False,10,Casa,7,Ineficiente
353,False,10,Apartamento,1,Eficiente
98,True,6,Comércio,10,Moderado
390,False,17,Casa,5,Moderado
233,False,13,Apartamento,9,Moderado
469,False,12,Apartamento,1,Ineficiente
339,False,11,Apartamento,8,Moderado
699,False,11,Casa,9,Ineficiente
650,False,7,Casa,9,Ineficiente
204,True,8,Apartamento,8,Moderado
433,False,7,Casa,4,Eficiente
352,True,5,Apartamento,7,Moderado
698,True,13,Apartamento,1,Ineficiente
324,True,10,Casa,7,Moderado
529,False,11,Casa,6,Ineficiente
326,True,17,Comércio,5,Ineficiente
599,True,6,Apartamento,1,Ineficiente
220,True,11,Comércio,8,Ineficiente
441,True,11,Casa,10,Ineficiente
87,True,9,Apartamento,1,Eficiente
557,False,10,Apartamento,1,Moderado
431,False,17,Comércio,3,Moderado
574,True,5,Casa,8,Ineficiente
685,False,17,Casa,8,Ineficiente
506,False,7,Casa,7,Ineficiente
118,True,5,Comércio,5,Eficiente
672,False,9,Comércio,8,Ineficiente
266,False,8,Comércio,2,Eficiente
675,True,13,Comércio,8,Ineficiente
679,True,5,Casa,11,Ineficiente
172,False,11,Casa,2,Eficiente
165,False,14,Casa,10,Moderado
123,True,3,Casa,5,Eficiente
216,False,12,Apartamento,11,Moderado
500,True,5,Comércio,4,Ineficiente
153,False,17,Casa,1,Eficiente
627,True,17,Apartamento,5,Ineficiente
692,True,17,Comércio,7,Ineficiente
591,False,13,Apartamento,1,Ineficiente
235,True,17,Casa,2,Moderado
334,True,12,Apartamento,9,Ineficiente
250,False,13,Casa,5,Eficiente
249,False,9,Apartamento,7,Eficiente
401,True,5,Casa,2,Moderado
646,False,16,Casa,7,Ineficiente
535,True,5,Comércio,7,Ineficiente
682,True,4,Apartamento,7,Ineficiente
692,True,11,Apartamento,5,Ineficiente
234,True,13,Comércio,9,Ineficiente
428,False,6,Casa,2,Eficiente
530,True,12,Casa,4,Ineficiente
252,False,15,Apartamento,2,Eficiente
89,True,8,Casa,8,Moderado
344,False,4,Apartamento,11,Moderado
517,False,11,Casa,1,Ineficiente
326,False,17,Casa,9,Moderado
625,True,9,Apartamento,5,Ineficiente
578,True,12,Casa,11,Ineficiente
208,True,7,Apartamento,3,Eficiente
680,False,9,Apartamento,11,Ineficiente
684,True,16,Comércio,4,Ineficiente
406,False,6,Apartamento,1,Eficiente
483,False,15,Casa,3,Ineficiente
685,True,12,Apartamento,11,Ineficiente
690,False,15,Apartamento,8,Ineficiente
438,False,17,Apartamento,2,Moderado
682,False,9,Apartamento,2,Moderado
96,True,4,Apartamento,9,Moderado
353,True,9,Apartamento,5,Moderado
195,True,17,Apartamento,5,Moderado
170,False,6,Casa,1,Eficiente
161,False,6,Casa,6,Eficiente
403,True,3,Apartamento,8,Moderado
193,False,14,Casa,6,Eficiente
137,True,5,Casa,7,Moderado
233,False,7,Casa,4,Eficiente
483,False,7,Apartamento,2,Moderado
345,False,4,Casa,1,Eficiente
394,False,6,Apartamento,6,Eficiente
120,True,3,Casa,9,Moderado
184,True,17,Apartamento,10,Moderado
272,False,11,Casa,5,Eficiente
480,True,3,Apartamento,2,Ineficiente
357,True,8,Casa,1,Moderado
433,False,9,Comércio,3,Eficiente
659,True,5,Comércio,4,Ineficiente
335,False,14,Apartamento,7,Moderado
178,False,17,Comércio,9,Moderado
667,False,3,Casa,8,Ineficiente
361,False,9,Apartamento,9,Moderado
482,False,5,Apartamento,7,Ineficiente
188,False,15,Apartamento,10,Moderado
278,False,12,Comércio,8,Moderado
382,True,14,Apartamento,8,Ineficiente
406,False,14,Comércio,1,Moderado
233,False,8,Casa,9,Eficiente
631,True,15,Apartamento,2,Ineficiente
484,True,14,Apartamento,11,Ineficiente
541,False,16,Apartamento,7,Ineficiente
211,True,8,Casa,10,Moderado
163,False,16,Apartamento,10,Moderado
478,False,14,Comércio,5,Ineficiente
188,True,6,Casa,4,Eficiente
300,False,14,Apartamento,1,Eficiente
632,True,13,Casa,1,Ineficiente
447,False,8,Comércio,3,Eficiente
226,True,13,Apartamento,1,Moderado
191,False,12,Casa,8,Moderado
694,True,6,Casa,3,Ineficiente
637,True,17,Apartamento,11,Ineficiente
573,True,15,Casa,10,Ineficiente
584,True,10,Apartamento,2,Ineficiente
554,False,11,Comércio,6,Ineficiente
350,True,4,Comércio,4,Moderado
500,True,9,Casa,11,Ineficiente
446,False,11,Comércio,11,Ineficiente
359,False,11,Apartamento,4,Moderado
362,False,14,Casa,2,Moderado
119,False,7,Casa,2,Eficiente
268,True,3,Casa,11,Moderado
243,True,8,Apartamento,6,Eficiente
615,False,17,Casa,5,Ineficiente
615,False,10,Casa,9,Ineficiente
83,False,3,Apartamento,4,Eficiente
369,True,4,Apartamento,5,Moderado
512,True,15,Apartamento,1,Ineficiente
550,True,15,Apartamento,2,Ineficiente
260,False,3,Casa,3,Eficiente
327,False,7,Comércio,5,Eficiente
358,True,4,Casa,5,Moderado
660,True,17,Apartamento,4,Ineficiente
333,False,12,Apartamento,10,Moderado
260,False,12,Casa,3,Eficiente
588,True,16,Comércio,9,Ineficiente
645,False,6,Apartamento,1,Moderado
405,False,3,Casa,6,Eficiente
436,False,9,Comércio,7,Moderado
470,False,10,Apartamento,10,Ineficiente
694,True,7,Apartamento,4,Ineficiente
164,True,4,Apartamento,10,Moderado
396,False,10,Apartamento,3,Eficiente
291,True,3,Casa,8,Moderado
594,False,17,Casa,9,Ineficiente
463,False,9,Apartamento,1,Moderado
421,False,3,Casa,11,Moderado
117,True,14,Apartamento,10,Moderado
590,True,8,Casa,9,Ineficiente
499,False,15,Casa,7,Ineficiente
248,True,8,Casa,1,Eficiente
422,False,17,Apartamento,7,Moderado
385,False,7,Apartamento,5,Eficiente
621,True,17,Casa,10,Ineficiente
616,False,4,Apartamento,7,Ineficiente
191,True,4,Casa,9,Moderado
490,True,11,Apartamento,8,Ineficiente
285,False,7,Casa,6,Eficiente
264,False,7,Apartamento,2,Eficiente
461,True,9,Apartamento,8,Ineficiente
575,False,8,Comércio,4,Moderado
458,True,4,Casa,8,Ineficiente
126,True,13,Apartamento,7,Moderado
630,True,3,Apartamento,4,Ineficiente
607,False,7,Comércio,8,Ineficiente
583,True,6,Casa,11,Ineficiente
101,False,14,Casa,11,Moderado
292,False,5,Comércio,11,Eficiente
389,False,4,Casa,2,Eficiente
351,True,12,Casa,9,Ineficiente
650,True,4,Casa,6,Ineficiente
281,True,16,Apartamento,7,Moderado
111,False,17,Casa,10,Moderado
522,False,6,Comércio,1,Moderado
241,False,4,Apartamento,3,Eficiente
333,False,6,Casa,10,Moderado
600,True,5,Casa,5,Ineficiente
559,False,11,Casa,7,Ineficiente
89,False,9,Apartamento,1,Eficiente
584,True,16,Apartamento,9,Ineficiente
639,True,15,Apartamento,5,Ineficiente
515,False,13,Casa,3,Ineficiente
190,False,17,Apartamento,7,Moderado
232,True,14,Apartamento,10,Moderado
181,False,5,Apartamento,8,Eficiente
270,True,15,Apartamento,10,Moderado
642,True,17,Casa,10,Ineficiente
160,False,16,Comércio,3,Eficiente
568,False,10,Casa,7,Ineficiente
167,False,11,Casa,7,Moderado
273,True,15,Apartamento,4,Moderado
183,True,9,Comércio,10,Moderado
175,True,8,Apartamento,9,Moderado
502,True,6,Casa,1,Ineficiente
277,True,7,Casa,1,Eficiente
80,True,10,Apartamento,5,Eficiente
486,True,5,Comércio,3,Ineficiente
457,True,4,Casa,10,Ineficiente
246,False,5,Apartamento,9,Eficiente
588,True,14,Casa,5,Ineficiente
392,True,9,Apartamento,7,Moderado
672,False,10,Comércio,1,Moderado
497,True,3,Casa,2,Ineficiente
556,False,15,Casa,11,Ineficiente
152,True,9,Apartamento,4,Eficiente
220,True,11,Apartamento,9,Moderado
661,True,14,Apartamento,5,Ineficiente
341,True,15,Apartamento,5,Moderado
419,False,16,Casa,9,Moderado
387,False,16,Apartamento,8,Moderado
324,True,17,Casa,2,Moderado
594,True,5,Comércio,7,Ineficiente
416,False,17,Casa,1,Moderado
654,True,5,Apartamento,10,Ineficiente
640,False,10,Casa,11,Ineficiente
155,True,6,Casa,11,Moderado
254,False,16,Casa,9,Moderado
188,True,10,Apartamento,3,Eficiente
262,True,7,Apartamento,2,Eficiente
271,False,16,Comércio,4,Eficiente
144,False,5,Casa,4,Eficiente
553,True,17,Apartamento,3,Ineficiente
179,False,6,Apartamento,2,Eficiente
623,False,16,Casa,5,Ineficiente
207,True,6,Casa,4,Eficiente
531,False,10,Apartamento,5,Moderado
448,True,8,Casa,8,Moderado
122,False,9,Casa,11,Eficiente
498,False,11,Apartamento,2,Ineficiente
567,True,17,Casa,9,Ineficiente
157,True,8,Apartamento,10,Moderado
349,True,5,Comércio,1,Moderado
394,True,17,Apartamento,8,Ineficiente
247,False,15,Apartamento,5,Eficiente
418,True,5,Casa,2,Moderado
272,True,13,Comércio,8,Ineficiente
532,False,5,Casa,5,Moderado
362,False,14,Apartamento,10,Moderado
415,True,12,Comércio,10,Ineficiente
469,False,4,Apartamento,3,Moderado
604,False,3,Apartamento,7,Ineficiente
319,False,13,Casa,4,Moderado
562,False,12,Casa,11,Ineficiente
671,False,3,Apartamento,11,Ineficiente
634,True,6,Casa,10,Ineficiente
537,True,5,Apartamento,6,Ineficiente
168,False,7,Casa,10,Eficiente
174,False,14,Comércio,8,Moderado
531,False,11,Casa,1,Ineficiente
507,False,14,Apartamento,2,Ineficiente
230,True,15,Apartamento,8,Moderado
593,False,10,Apartamento,7,Ineficiente
455,False,14,Casa,10,Ineficiente
101,False,11,Apartamento,9,Moderado
392,True,15,Casa,2,Moderado
598,True,7,Casa,8,Ineficiente
285,False,10,Casa,6,Eficiente
454,True,6,Apartamento,1,Ineficiente
530,False,7,Casa,4,Moderado
674,True,17,Comércio,2,Ineficiente
258,False,14,Apartamento,7,Moderado
289,False,5,Casa,9,Eficiente
579,False,7,Apartamento,6,Moderado
543,True,14,Comércio,4,Ineficiente
203,False,5,Casa,5,Eficiente
192,False,7,Apartamento,11,Eficiente
91,True,13,Apartamento,1,Moderado
205,False,16,Casa,4,Eficiente
644,True,7,Apartamento,10,Ineficiente
410,True,8,Casa,3,Moderado
362,True,11,Casa,9,Ineficiente
219,False,3,Apartamento,6,Eficiente
480,True,14,Apartamento,4,Ineficiente
176,False,12,Comércio,3,Eficiente
596,True,16,Apartamento,4,Ineficiente
648,True,8,Apartamento,8,Ineficiente
148,False,3,Apartamento,5,Eficiente
197,False,8,Casa,11,Eficiente
138,False,4,Apartamento,1,Eficiente
112,True,10,Apartamento,5,Eficiente
397,True,13,Casa,8,Ineficiente
129,False,5,Apartamento,11,Eficiente
568,False,12,Casa,4,Ineficiente
98,True,16,Apartamento,2,Moderado
276,True,8,Apartamento,3,Eficiente
529,False,8,Comércio,11,Ineficiente
638,True,17,Casa,9,Ineficiente
531,False,6,Apartamento,7,Ineficiente
368,True,7,Casa,3,Moderado
220,True,4,Apartamento,5,Eficiente
163,False,12,Apartamento,3,Eficiente
470,True,17,Apartamento,10,Ineficiente
670,True,12,Apartamento,4,Ineficiente
294,False,10,Comércio,8,Eficiente
605,True,12,Casa,3,Ineficiente
294,True,9,Casa,3,Eficiente
482,False,12,Apartamento,11,Ineficiente
207,True,8,Apartamento,11,Moderado
556,True,9,Casa,8,Ineficiente
483,True,14,Apartamento,10,Ineficiente
108,False,3,Casa,10,Eficiente
417,False,16,Casa,7,Moderado
440,False,16,Apartamento,7,Moderado
648,True,7,Casa,10,Ineficiente
471,False,9,Casa,2,Moderado
297,False,3,Casa,7,Eficiente
653,True,4,Comércio,10,Ineficiente
281,False,11,Comércio,11,Moderado
96,False,14,Apartamento,10,Moderado
401,False,5,Casa,3,Eficiente
597,False,8,Comércio,7,Ineficiente
649,True,17,Apartamento,4,Ineficiente
404,True,9,Apartamento,8,Moderado
491,True,11,Apartamento,8,Ineficiente
397,True,7,Casa,6,Moderado
161,True,6,Apartamento,3,Eficiente
553,False,13,Casa,6,Ineficiente
547,True,14,Casa,6,Ineficiente
504,True,17,Apartamento,3,Ineficiente
283,False,4,Comércio,11,Eficiente
662,True,5,Apartamento,4,Ineficiente
466,False,17,Apartamento,2,Ineficiente
177,False,7,Casa,1,Eficiente
424,True,13,Casa,2,Moderado
287,True,17,Casa,7,Moderado
593,True,15,Apartamento,10,Ineficiente
665,False,4,Apartamento,5,Moderado
245,True,15,Casa,9,Moderado
101,False,6,Comércio,3,Eficiente
233,False,3,Casa,2,Eficiente
518,True,6,Apartamento,4,Ineficiente
374,False,9,Apartamento,2,Eficiente
298,True,17,Casa,11,Moderado
574,False,16,Apartamento,7,Ineficiente
309,True,14,Apartamento,10,Ineficiente
99,False,5,Apartamento,6,Eficiente
632,True,12,Apartamento,8,Ineficiente
227,False,10,Casa,5,Eficiente
187,True,8,Apartamento,2,Eficiente
482,True,8,Comércio,4,Ineficiente
675,False,16,Casa,1,Ineficiente
562,True,17,Casa,2,Ineficiente
446,False,3,Comércio,4,Eficiente
493,False,7,Casa,6,Moderado
388,True,5,Apartamento,4,Moderado
213,True,17,Apartamento,4,Moderado
362,True,12,Apartamento,11,Ineficiente
152,False,17,Casa,10,Moderado
560,True,3,Casa,10,Ineficiente
431,True,10,Casa,2,Moderado
639,True,9,Apartamento,9,Ineficiente
405,True,9,Apartamento,10,Moderado
522,False,14,Apartamento,8,Ineficiente
179,True,12,Apartamento,8,Moderado
138,False,16,Casa,5,Eficiente
587,False,12,Casa,3,Ineficiente
337,False,12,Apartamento,6,Moderado
492,True,6,Apartamento,9,Ineficiente
531,False,15,Casa,8,Ineficiente
144,False,17,Casa,7,Moderado
674,True,13,Casa,11,Ineficiente
233,True,8,Casa,8,Moderado
345,True,15,Apartamento,4,Moderado
158,True,11,Comércio,6,Moderado
394,True,17,Comércio,5,Ineficiente
639,False,16,Comércio,2,Ineficiente
327,True,5,Comércio,8,Ineficiente
689,True,17,Apartamento,3,Ineficiente
493,False,11,Casa,5,Ineficiente
104,True,6,Apartamento,8,Moderado
363,False,7,Casa,11,Moderado
528,True,9,Casa,9,Ineficiente
380,False,8,Casa,9,Moderado
147,True,12,Apartamento,5,Moderado
86,False,10,Casa,2,Eficiente
216,False,10,Casa,7,Eficiente
243,True,10,Apartamento,11,Moderado
162,True,5,Comércio,11,Moderado
499,False,17,Apartamento,7,Ineficiente
152,True,16,Comércio,8,Ineficiente
316,False,12,Casa,8,Moderado
125,False,8,Casa,5,Eficiente
697,True,9,Apartamento,1,Ineficiente
341,True,11,Apartamento,11,Ineficiente
255,True,12,Apartamento,4,Moderado
245,True,12,Apartamento,4,Moderado
449,False,16,Apartamento,11,Moderado
133,False,14,Comércio,3,Eficiente
498,True,17,Casa,8,Ineficiente
586,True,6,Casa,3,Ineficiente
420,True,7,Apartamento,5,Moderado
206,True,10,Casa,2,Eficiente
488,False,3,Casa,6,Moderado
446,True,14,Casa,6,Moderado
350,False,8,Casa,8,Moderado
684,False,17,Casa,8,Ineficiente
458,False,6,Casa,1,Moderado
152,True,7,Apartamento,5,Eficiente
327,False,13,Apartamento,2,Moderado
122,False,7,Apartamento,10,Eficiente
456,False,4,Apartamento,5,Moderado
120,True,10,Casa,10,Moderado
249,True,17,Casa,9,Moderado
291,False,4,Casa,4,Eficiente
572,True,6,Apartamento,8,Ineficiente
118,True,14,Apartamento,1,Moderado
448,False,15,Casa,8,Moderado
230,True,7,Casa,6,Eficiente
190,True,16,Comércio,8,Ineficiente
559,True,3,Apartamento,6,Ineficiente
515,False,8,Apartamento,11,Ineficiente
126,True,4,Casa,3,Eficiente
654,False,16,Casa,11,Ineficiente
445,True,7,Apartamento,8,Moderado
148,True,17,Apartamento,5,Moderado
378,False,8,Apartamento,10,Moderado
375,True,13,Apartamento,5,Moderado
282,False,10,Apartamento,7,Eficiente
140,True,11,Apartamento,6,Moderado
393,True,15,Casa,9,Ineficiente
240,True,17,Casa,7,Moderado
410,True,14,Comércio,3,Ineficiente
607,False,8,Casa,11,Ineficiente
417,False,7,Apartamento,11,Moderado
685,True,14,Apartamento,5,Ineficiente
383,False,6,Comércio,9,Moderado
582,False,4,Casa,11,Ineficiente
417,True,4,Casa,10,Moderado
629,True,9,Apartamento,2,Ineficiente
354,False,7,Apartamento,1,Eficiente
243,False,9,Apartamento,11,Eficiente
522,False,15,Apartamento,8,Ineficiente
398,False,13,Casa,8,Moderado
668,False,3,Apartamento,2,Moderado
583,True,3,Comércio,8,Ineficiente
466,True,7,Comércio,5,Ineficiente
682,True,4,Casa,2,Ineficiente
573,False,10,Casa,7,Ineficiente
569,False,16,Apartamento,7,Ineficiente
152,False,17,Comércio,3,Eficiente
588,False,5,Apartamento,1,Moderado
469,False,3,Casa,11,Ineficiente
698,False,15,Casa,4,Ineficiente
374,True,4,Apartamento,2,Moderado
448,False,12,Casa,4,Moderado
628,False,12,Apartamento,8,Ineficiente
647,True,9,Apartamento,2,Ineficiente
266,False,8,Apartamento,1,Eficiente
524,False,14,Casa,11,Ineficiente
649,True,10,Comércio,3,Ineficiente
442,True,9,Casa,10,Moderado
202,False,16,Casa,7,Moderado
267,False,12,Comércio,6,Eficiente
499,False,15,Apartamento,6,Ineficiente
331,True,10,Apartamento,7,Moderado
698,True,5,Casa,8,Ineficiente
628,True,8,Casa,3,Ineficiente
414,True,15,Casa,3,Moderado
171,True,9,Casa,10,Moderado
609,False,17,Apartamento,8,Ineficiente
142,True,12,Casa,7,Moderado
591,True,13,Apartamento,10,Ineficiente
218,True,3,Casa,5,Eficiente
264,True,3,Casa,4,Eficiente
284,False,9,Comércio,6,Eficiente
293,False,15,Casa,9,Moderado
335,False,13,Casa,6,Moderado
214,True,15,Casa,8,Moderado
652,True,5,Casa,1,Ineficiente
167,True,5,Apartamento,6,Eficiente
286,True,17,Casa,2,Moderado
208,False,7,Apartamento,3,Eficiente
82,True,17,Apartamento,6,Moderado
200,False,13,Apartamento,2,Eficiente
464,True,8,Casa,4,Ineficiente
693,False,4,Apartamento,6,Moderado
117,False,5,Casa,5,Eficiente
420,False,8,Apartamento,6,Eficiente
100,False,5,Apartamento,6,Eficiente
321,False,16,Casa,8,Moderado
534,False,7,Apartamento,9,Ineficiente
382,True,11,Comércio,5,Ineficiente
675,True,14,Apartamento,6,Ineficiente
674,False,5,Casa,6,Moderado
148,False,14,Apartamento,6,Eficiente
208,True,13,Comércio,2,Moderado
275,True,15,Casa,4,Moderado
219,False,15,Apartamento,1,Eficiente
523,True,8,Casa,1,Ineficiente
362,True,13,Casa,1,Moderado
391,True,7,Apartamento,7,Moderado
614,False,7,Apartamento,1,Moderado
356,True,13,Apartamento,6,Moderado
140,False,16,Comércio,2,Eficiente
398,True,16,Casa,6,Moderado
131,False,8,Casa,6,Eficiente
232,False,8,Comércio,11,Eficiente
390,True,3,Casa,3,Moderado
623,True,13,Apartamento,8,Ineficiente
646,True,17,Apartamento,11,Ineficiente
468,True,11,Casa,4,Ineficiente
627,False,7,Casa,7,Ineficiente
256,True,3,Apartamento,4,Eficiente
441,False,10,Comércio,1,Eficiente
393,True,9,Apartamento,6,Moderado
176,True,9,Apartamento,5,Eficiente
292,True,17,Apartamento,9,Moderado
216,False,16,Casa,9,Moderado
85,True,7,Casa,11,Moderado
188,False,3,Casa,8,Eficiente
626,True,11,Casa,7,Ineficiente
118,True,13,Casa,2,Moderado
504,False,11,Casa,8,Ineficiente
340,False,10,Casa,3,Eficiente
505,True,7,Casa,6,Ineficiente
166,False,16,Apartamento,10,Moderado
544,True,5,Apartamento,7,Ineficiente
155,False,10,Casa,6,Eficiente
550,False,3,Comércio,5,Moderado
493,False,5,Casa,4,Moderado
536,False,14,Comércio,2,Ineficiente
364,True,13,Casa,9,Ineficiente
318,False,9,Comércio,7,Moderado
678,True,16,Casa,7,Ineficiente
637,True,17,Apartamento,4,Ineficiente
451,True,6,Casa,5,Ineficiente
574,False,9,Apartamento,6,Moderado
124,False,14,Casa,11,Moderado
480,True,13,Casa,2,Ineficiente
326,False,15,Apartamento,4,Moderado
695,False,16,Casa,4,Ineficiente
676,True,7,Comércio,4,Ineficiente
529,True,8,Casa,7,Ineficiente
564,False,16,Apartamento,7,Ineficiente
699,True,9,Apartamento,7,Ineficiente
97,True,17,Casa,7,Moderado
685,False,15,Casa,2,Ineficiente
368,False,12,Apartamento,5,Moderado
493,False,14,Apartamento,10,Ineficiente
314,False,9,Comércio,2,Eficiente
495,True,9,Casa,5,Ineficiente
578,True,9,Apartamento,6,Ineficiente
194,False,13,Casa,3,Eficiente
313,True,15,Casa,6,Moderado
619,False,15,Apartamento,5,Ineficiente
90,True,9,Casa,4,Eficiente
285,True,5,Casa,10,Moderado
326,True,17,Casa,9,Ineficiente
638,False,14,Apartamento,11,Ineficiente
206,True,5,Comércio,8,Moderado
226,True,9,Apartamento,7,Moderado
197,True,16,Apartamento,11,Moderado
461,False,4,Apartamento,1,Moderado
491,True,16,Apartamento,9,Ineficiente
663,True,4,Casa,9,Ineficiente
442,True,5,Casa,6,Moderado
588,False,16,Casa,7,Ineficiente
216,True,6,Apartamento,3,Eficiente
254,True,8,Apartamento,5,Eficiente
368,True,15,Casa,7,Ineficiente
560,False,10,Casa,1,Moderado
98,False,12,Comércio,1,Eficiente
274,True,12,Apartamento,5,Moderado
409,False,9,Apartamento,9,Moderado
254,False,6,Casa,7,Eficiente
528,True,4,Casa,1,Ineficiente
433,False,4,Casa,5,Eficiente
578,False,17,Casa,8,Ineficiente
220,False,6,Casa,8,Eficiente
172,True,8,Apartamento,2,Eficiente
318,True,5,Casa,7,Moderado
284,True,8,Casa,10,Moderado
639,False,7,Casa,5,Moderado
512,True,7,Apartamento,9,Ineficiente
324,True,4,Apartamento,3,Moderado
396,True,10,Apartamento,1,Moderado
374,True,7,Casa,4,Moderado
361,False,13,Casa,7,Moderado
96,True,4,Casa,1,Eficiente
150,True,9,Casa,2,Eficiente
348,False,15,Comércio,5,Moderado
404,True,17,Comércio,9,Ineficiente
384,False,11,Apartamento,1,Moderado
530,True,11,Comércio,4,Ineficiente
86,True,3,Apartamento,3,Eficiente
393,False,9,Casa,5,Eficiente
182,False,11,Comércio,5,Eficiente
272,True,8,Casa,10,Moderado
653,False,3,Apartamento,2,Moderado
608,False,4,Casa,5,Moderado
250,False,6,Casa,9,Eficiente
616,True,16,Apartamento,5,Ineficiente
330,True,6,Casa,11,Moderado
466,False,4,Casa,10,Ineficiente
286,False,10,Casa,2,Eficiente
620,True,4,Casa,7,Ineficiente
495,False,5,Comércio,6,Moderado
459,True,16,Apartamento,7,Ineficiente
223,True,6,Apartamento,8,Moderado
104,True,11,Casa,10,Moderado
152,False,12,Apartamento,5,Eficiente
172,True,3,Casa,2,Eficiente
584,False,10,Casa,7,Ineficiente
677,False,14,Casa,7,Ineficiente
415,False,17,Comércio,8,Ineficiente
504,False,16,Casa,7,Ineficiente
578,False,7,Casa,10,Ineficiente
443,False,9,Apartamento,7,Moderado
278,True,10,Casa,9,Moderado
492,True,17,Apartamento,8,Ineficiente
418,True,7,Apartamento,2,Moderado
508,True,10,Casa,2,Ineficiente
218,False,12,Casa,7,Moderado
621,True,13,Casa,10,Ineficiente
136,True,10,Apartamento,11,Moderado
311,False,11,Comércio,10,Ineficiente
514,False,4,Casa,3,Moderado
463,True,5,Casa,1,Ineficiente
639,False,3,Casa,9,Ineficiente
273,True,6,Apartamento,3,Eficiente
613,True,17,Apartamento,1,Ineficiente
597,False,17,Casa,6,Ineficiente
264,False,7,Apartamento,4,Eficiente
371,True,13,Apartamento,1,Moderado
414,False,3,Comércio,4,Eficiente
195,True,10,Casa,8,Moderado
128,True,4,Casa,11,Moderado
161,True,3,Casa,7,Moderado
412,False,4,Comércio,1,Eficiente
636,False,17,Apartamento,10,Ineficiente
414,True,15,Apartamento,9,Ineficiente
611,True,7,Casa,6,Ineficiente
300,False,11,Casa,2,Eficiente
402,True,11,Casa,3,Moderado
82,True,4,Apartamento,7,Moderado
285,False,4,Casa,3,Eficiente
119,True,5,Casa,3,Eficiente
138,False,9,Apartamento,5,Eficiente
653,True,13,Casa,3,Ineficiente
586,False,5,Apartamento,3,Moderado
651,True,3,Casa,11,Ineficiente
201,False,16,Apartamento,5,Eficiente
558,True,16,Apartamento,5,Ineficiente
698,False,16,Comércio,9,Ineficiente
175,False,8,Apartamento,1,Eficiente
493,True,5,Comércio,1,Ineficiente
314,True,3,Comércio,11,Ineficiente
141,False,16,Apartamento,9,Moderado
335,False,15,Comércio,5,Moderado
640,True,6,Casa,4,Ineficiente
427,True,15,Casa,2,Moderado
203,False,3,Casa,9,Eficiente
561,True,3,Apartamento,6,Ineficiente
396,False,14,Apartamento,9,Moderado
583,False,4,Apartamento,5,Moderado
127,False,12,Casa,4,Eficiente
488,True,10,Casa,7,Ineficiente
215,True,4,Casa,5,Eficiente
280,False,13,Apartamento,8,Moderado
329,False,4,Casa,8,Moderado
393,False,17,Comércio,2,Moderado
447,True,13,Casa,5,Moderado
508,True,13,Casa,10,Ineficiente
559,True,12,Comércio,8,Ineficiente
393,False,12,Apartamento,3,Moderado
579,True,10,Casa,7,Ineficiente
434,True,14,Apartamento,3,Moderado
564,True,8,Casa,6,Ineficiente
290,True,14,Comércio,2,Moderado
123,False,13,Apartamento,6,Eficiente
620,True,6,Casa,6,Ineficiente
650,True,5,Apartamento,8,Ineficiente
662,True,3,Casa,5,Ineficiente
171,True,13,Apartamento,1,Moderado
344,True,5,Comércio,8,Ineficiente
299,True,14,Comércio,9,Ineficiente
521,False,16,Casa,1,Ineficiente
480,True,11,Casa,5,Ineficiente
479,True,7,Casa,6,Ineficiente
655,True,15,Apartamento,4,Ineficiente
569,False,8,Apartamento,11,Ineficiente
564,False,7,Apartamento,2,Moderado
549,False,3,Comércio,5,Moderado
653,False,12,Casa,4,Ineficiente
524,False,3,Casa,7,Ineficiente
348,True,6,Casa,6,Moderado
346,False,17,Casa,3,Moderado
133,True,5,Casa,9,Moderado
607,True,13,Apartamento,4,Ineficiente
599,False,10,Casa,11,Ineficiente
695,True,14,Casa,5,Ineficiente
138,False,14,Apartamento,3,Eficiente
119,True,9,Casa,8,Moderado
316,False,17,Apartamento,11,Moderado
465,False,13,Casa,7,Ineficiente
685,False,17,Apartamento,11,Ineficiente
379,False,9,Comércio,11,Moderado
474,False,17,Casa,7,Ineficiente
286,False,10,Apartamento,8,Eficiente
415,True,16,Comércio,7,Ineficiente
672,True,12,Apartamento,3,Ineficiente
593,False,9,Casa,3,Moderado
257,False,12,Casa,2,Eficiente
475,False,4,Apartamento,1,Moderado
450,False,6,Comércio,5,Eficiente
397,False,17,Casa,4,Moderado
448,True,13,Casa,11,Ineficiente
463,True,8,Casa,2,Ineficiente
141,True,5,Casa,1,Eficiente
584,True,17,Casa,3,Ineficiente
318,False,5,Casa,6,Eficiente
274,False,17,Casa,2,Eficiente
301,False,8,Casa,10,Moderado
140,True,3,Comércio,7,Moderado
208,True,16,Casa,11,Moderado
235,True,3,Casa,7,Moderado
457,True,7,Casa,11,Ineficiente
665,True,3,Comércio,3,Ineficiente
516,True,12,Apartamento,1,Ineficiente
286,True,10,Apartamento,9,Moderado
467,True,4,Casa,11,Ineficiente
559,False,8,Apartamento,5,Moderado
419,True,12,Casa,2,Moderado
419,True,12,Casa,8,Ineficiente
283,True,7,Apartamento,10,Moderado
240,True,12,Apartamento,10,Moderado
619,False,14,Apartamento,4,Ineficiente
471,False,14,Comércio,11,Ineficiente
654,True,6,Comércio,10,Ineficiente
613,False,3,Casa,7,Ineficiente
149,True,16,Casa,5,Moderado
484,False,16,Casa,3,Ineficiente
687,True,5,Comércio,10,Ineficiente
670,True,15,Casa,8,Ineficiente
596,False,14,Comércio,2,Ineficiente
199,False,6,Casa,1,Eficiente
296,False,4,Casa,5,Eficiente
135,True,14,Casa,11,Moderado
445,True,4,Casa,4,Moderado
583,False,4,Comércio,11,Ineficiente
534,True,13,Casa,10,Ineficiente
183,True,3,Casa,7,Moderado
156,True,12,Casa,9,Moderado
309,True,4,Casa,6,Moderado
337,True,8,Casa,11,Moderado
343,True,5,Casa,1,Moderado
410,True,12,Comércio,8,Ineficiente
261,False,7,Casa,2,Eficiente
629,True,3,Casa,4,Ineficiente
106,True,10,Apartamento,3,Eficiente
355,False,15,Casa,6,Moderado
378,False,6,Casa,2,Eficiente
170,True,11,Apartamento,5,Moderado
559,False,6,Casa,11,Ineficiente
652,True,16,Apartamento,9,Ineficiente
537,False,17,Apartamento,3,Ineficiente
530,True,17,Apartamento,2,Ineficiente
444,True,17,Comércio,2,Ineficiente
430,False,4,Casa,9,Moderado
479,False,5,Casa,6,Moderado
332,True,7,Casa,2,Moderado
538,True,14,Casa,3,Ineficiente
578,True,12,Apartamento,1,Ineficiente
587,False,17,Apartamento,2,Ineficiente
383,True,15,Apartamento,2,Moderado
580,True,15,Apartamento,11,Ineficiente
677,True,16,Casa,2,Ineficiente
245,False,8,Apartamento,7,Eficiente
494,False,9,Apartamento,3,Moderado
541,False,6,Apartamento,11,Ineficiente
193,True,9,Casa,4,Eficiente
512,False,17,Apartamento,2,Ineficiente
435,False,12,Casa,5,Moderado
286,False,5,Apartamento,9,Eficiente
314,True,9,Apartamento,9,Moderado
521,True,6,Casa,7,Ineficiente
434,False,15,Apartamento,8,Moderado
594,True,15,Comércio,5,Ineficiente
287,True,10,Casa,5,Eficiente
204,False,11,Comércio,3,Eficiente
217,False,9,Apartamento,6,Eficiente
418,False,10,Apartamento,1,Eficiente
616,False,10,Comércio,3,Moderado
147,True,4,Apartamento,11,Moderado
652,True,11,Apartamento,2,Ineficiente
620,True,8,Casa,7,Ineficiente
462,True,13,Casa,9,Ineficiente
98,True,6,Apartamento,4,Eficiente
529,True,17,Comércio,7,Ineficiente
153,False,7,Comércio,8,Eficiente
652,False,12,Apartamento,10,Ineficiente
355,False,7,Apartamento,2,Eficiente
127,False,9,Casa,7,Eficiente
290,False,16,Comércio,3,Eficiente
619,False,11,Casa,8,Ineficiente
270,False,9,Apartamento,6,Eficiente
394,False,11,Apartamento,3,Moderado
642,False,6,Apartamento,8,Ineficiente
641,False,12,Casa,11,Ineficiente
192,False,16,Comércio,3,Eficiente
249,True,12,Apartamento,9,Moderado
547,True,6,Comércio,11,Ineficiente
93,True,8,Casa,3,Eficiente
367,True,10,Apartamento,1,Moderado
268,True,16,Apartamento,2,Moderado
234,True,11,Apartamento,4,Moderado
646,True,3,Comércio,11,Ineficiente
550,True,3,Casa,2,Ineficiente
154,False,15,Casa,4,Eficiente
356,True,10,Apartamento,4,Moderado
422,False,13,Casa,4,Moderado
504,False,9,Comércio,1,Moderado
650,False,11,Casa,9,Ineficiente
590,False,13,Apartamento,10,Ineficiente
261,True,5,Casa,11,Moderado
537,True,12,Apartamento,7,Ineficiente
143,True,14,Casa,2,Moderado
339,True,7,Casa,3,Moderado
272,False,5,Casa,8,Eficiente
695,True,17,Casa,7,Ineficiente
485,True,7,Comércio,4,Ineficiente
172,True,12,Casa,4,Moderado
509,True,3,Apartamento,9,Ineficiente
513,False,16,Comércio,5,Ineficiente
483,False,13,Apartamento,11,Ineficiente
513,True,6,Comércio,5,Ineficiente
191,True,8,Comércio,7,Moderado
454,True,4,Apartamento,1,Ineficiente
138,True,15,Apartamento,3,Moderado
122,False,9,Casa,2,Eficiente
286,True,10,Casa,11,Moderado
375,False,3,Apartamento,10,Moderado
197,False,15,Apartamento,6,Eficiente
611,True,6,Apartamento,11,Ineficiente
301,True,13,Apartamento,6,Moderado
245,False,6,Casa,10,Eficiente
235,False,15,Comércio,1,Eficiente
263,True,7,Apartamento,6,Eficiente
169,False,16,Casa,10,Moderado
173,False,14,Comércio,2,Eficiente
92,True,14,Casa,11,Moderado
517,False,6,Apartamento,4,Moderado
617,True,11,Apartamento,6,Ineficiente
666,True,9,Casa,3,Ineficiente
229,False,15,Apartamento,3,Eficiente
87,False,4,Apartamento,3,Eficiente
108,True,3,Casa,4,Eficiente
375,True,11,Casa,9,Ineficiente
419,False,3,Comércio,4,Eficiente
518,False,8,Casa,4,Moderado
223,False,17,Comércio,4,Eficiente
598,False,17,Casa,7,Ineficiente
124,False,4,Apartamento,5,Eficiente
318,True,6,Comércio,2,Moderado
234,True,8,Casa,7,Moderado
260,True,7,Apartamento,3,Eficiente
294,False,13,Apartamento,11,Moderado
167,False,8,Apartamento,1,Eficiente
335,True,5,Apartamento,9,Moderado
590,True,7,Apartamento,5,Ineficiente
152,True,4,Apartamento,10,Moderado
258,True,9,Apartamento,1,Eficiente
291,True,5,Apartamento,11,Moderado
313,True,3,Casa,1,Moderado
544,True,16,Comércio,1,Ineficiente
302,True,10,Casa,9,Moderado
343,False,10,Casa,8,Moderado
286,True,5,Casa,11,Moderado
686,False,15,Casa,6,Ineficiente
445,False,9,Casa,10,Moderado
355,False,11,Casa,6,Moderado
459,False,10,Casa,6,Moderado
388,True,5,Apartamento,4,Moderado
347,True,17,Casa,5,Moderado
143,False,15,Casa,10,Moderado
429,False,4,Casa,3,Eficiente
573,False,15,Casa,3,Ineficiente
602,False,12,Casa,10,Ineficiente
177,True,9,Apartamento,7,Moderado
150,True,9,Comércio,5,Eficiente
443,False,11,Comércio,8,Ineficiente
649,True,7,Comércio,5,Ineficiente
355,True,6,Casa,4,Moderado
129,False,10,Casa,3,Eficiente
437,True,16,Casa,2,Moderado
643,True,6,Apartamento,3,Ineficiente
564,False,6,Casa,7,Ineficiente
163,False,14,Apartamento,8,Moderado
663,True,16,Casa,5,Ineficiente
375,False,14,Casa,11,Moderado
315,False,4,Comércio,1,Eficiente
135,True,15,Apartamento,3,Moderado
439,True,17,Apartamento,4,Moderado
189,True,3,Apartamento,10,Moderado
271,True,6,Comércio,4,Eficiente
172,True,9,Apartamento,1,Eficiente
647,False,14,Comércio,10,Ineficiente
139,False,11,Casa,9,Moderado
118,False,11,Apartamento,10,Moderado
619,False,14,Apartamento,4,Ineficiente
128,False,12,Casa,2,Eficiente
499,True,17,Comércio,9,Ineficiente
92,True,3,Comércio,4,Eficiente
115,False,7,Apartamento,4,Eficiente
180,True,9,Casa,11,Moderado
165,True,15,Apartamento,6,Moderado
595,False,9,Comércio,8,Ineficiente
302,False,12,Apartamento,5,Moderado
417,True,8,Casa,8,Moderado
245,False,13,Apartamento,1,Eficiente
462,True,12,Casa,4,Ineficiente
455,False,6,Apartamento,1,Moderado
550,True,5,Casa,3,Ineficiente
110,False,14,Apartamento,11,Moderado
454,True,15,Apartamento,7,Ineficiente
90,False,11,Casa,1,Eficiente
381,True,17,Casa,5,Moderado
175,True,14,Casa,1,Moderado
269,True,15,Casa,6,Moderado
532,True,12,Casa,9,Ineficiente
271,True,6,Comércio,3,Eficiente
565,True,10,Apartamento,11,Ineficiente
345,False,15,Comércio,11,Ineficiente
503,False,3,Comércio,6,Moderado
207,True,9,Casa,4,Eficiente
317,False,14,Casa,6,Moderado
434,True,8,Casa,2,Moderado
191,True,15,Apartamento,4,Moderado
525,True,14,Apartamento,7,Ineficiente
422,False,3,Casa,11,Moderado
224,True,17,Casa,6,Moderado
144,False,6,Apartamento,9,Eficiente
326,True,14,Apartamento,11,Ineficiente
569,True,17,Comércio,7,Ineficiente
518,True,16,Casa,1,Ineficiente
185,False,7,Comércio,6,Eficiente
260,False,13,Casa,11,Moderado
263,False,10,Apartamento,3,Eficiente
305,False,17,Comércio,8,Ineficiente
168,False,6,Comércio,1,Eficiente
609,False,5,Casa,10,Ineficiente
450,True,4,Casa,2,Moderado
478,False,6,Apartamento,3,Moderado
185,True,13,Casa,3,Moderado
350,False,12,Apartamento,7,Moderado
582,False,16,Comércio,8,Ineficiente
604,False,15,Casa,9,Ineficiente
111,True,6,Apartamento,7,Moderado
472,False,15,Casa,8,Ineficiente
119,False,12,Comércio,11,Moderado
297,True,7,Comércio,6,Eficiente
161,True,15,Apartamento,2,Moderado
280,False,9,Casa,1,Eficiente
526,False,11,Apartamento,3,Ineficiente
507,True,4,Apartamento,9,Ineficiente
117,True,7,Casa,7,Moderado
290,True,13,Comércio,2,Moderado
523,True,12,Comércio,1,Ineficiente
406,False,11,Apartamento,2,Moderado
306,False,14,Apartamento,3,Moderado
127,False,16,Casa,6,Eficiente
97,True,15,Apartamento,9,Moderado
518,False,5,Casa,8,Ineficiente
266,True,3,Casa,10,Moderado
424,True,4,Casa,9,Moderado
303,True,16,Casa,11,Ineficiente
567,True,8,Casa,11,Ineficiente
308,True,7,Apartamento,8,Moderado
469,True,3,Apartamento,7,Ineficiente
668,True,3,Apartamento,6,Ineficiente
267,True,13,Casa,8,Moderado
349,False,6,Casa,6,Eficiente
686,True,14,Apartamento,2,Ineficiente
389,False,17,Apartamento,9,Moderado
211,True,6,Comércio,9,Moderado
630,False,17,Casa,3,Ineficiente
151,False,8,Apartamento,9,Eficiente
266,False,8,Casa,2,Eficiente
565,False,12,Apartamento,3,Ineficiente
270,True,16,Comércio,6,Moderado
501,True,8,Comércio,4,Ineficiente
199,True,3,Comércio,8,Moderado
299,True,12,Casa,1,Moderado
132,True,11,Apartamento,6,Moderado
530,False,13,Apartamento,2,Ineficiente
491,False,9,Apartamento,6,Moderado
316,False,9,Casa,1,Eficiente
485,False,13,Comércio,2,Ineficiente
687,False,9,Comércio,9,Ineficiente
501,False,4,Casa,6,Moderado
326,False,4,Casa,8,Moderado
151,True,8,Casa,7,Moderado
264,True,9,Apartamento,9,Moderado
85,False,5,Casa,9,Eficiente
285,False,15,Comércio,11,Moderado
623,False,6,Apartamento,4,Moderado
690,True,16,Apartamento,7,Ineficiente
466,False,14,Apartamento,5,Ineficiente
155,True,5,Casa,7,Moderado
256,True,9,Comércio,4,Eficiente
428,True,9,Apartamento,10,Moderado
334,True,6,Comércio,11,Ineficiente
387,True,15,Apartamento,11,Ineficiente
424,True,9,Apartamento,1,Moderado
206,True,7,Casa,4,Eficiente
366,True,3,Apartamento,10,Moderado
675,False,12,Apartamento,3,Ineficiente
566,False,6,Apartamento,9,Ineficiente
462,True,9,Apartamento,5,Ineficiente
485,True,15,Casa,4,Ineficiente
467,False,17,Comércio,8,Ineficiente
604,True,4,Comércio,5,Ineficiente
636,True,4,Casa,3,Ineficiente
355,False,3,Comércio,2,Eficiente
579,False,4,Casa,8,Ineficiente
416,True,12,Apartamento,2,Moderado
560,True,16,Casa,8,Ineficiente
352,True,10,Comércio,5,Moderado
137,False,13,Casa,8,Moderado
407,True,10,Apartamento,5,Moderado
188,True,10,Casa,1,Eficiente
358,True,17,Casa,11,Ineficiente
407,False,3,Apartamento,11,Moderado
394,False,3,Casa,2,Eficiente
553,False,14,Apartamento,6,Ineficiente
190,False,12,Comércio,3,Eficiente
308,True,6,Apartamento,8,Moderado
576,False,8,Comércio,5,Moderado
235,False,10,Casa,3,Eficiente
552,True,15,Casa,10,Ineficiente
351,False,4,Apartamento,7,Moderado
81,False,15,Casa,8,Moderado
590,False,5,Comércio,4,Moderado
365,True,8,Casa,11,Moderado
92,False,12,Comércio,9,Moderado
687,False,6,Casa,6,Moderado
577,True,14,Apartamento,1,Ineficiente
317,True,4,Casa,5,Moderado
173,True,9,Casa,5,Eficiente
417,False,6,Apartamento,7,Moderado
250,False,10,Casa,7,Eficiente
685,True,10,Apartamento,6,Ineficiente
646,True,9,Apartamento,8,Ineficiente
546,True,12,Casa,2,Ineficiente
222,False,11,Comércio,7,Moderado
280,True,6,Apartamento,10,Moderado
259,False,9,Apartamento,7,Eficiente
443,False,12,Apartamento,4,Moderado
558,False,12,Apartamento,10,Ineficiente
644,True,17,Casa,2,Ineficiente
550,True,14,Casa,4,Ineficiente
463,True,3,Apartamento,4,Ineficiente
496,True,6,Casa,6,Ineficiente
387,True,4,Casa,7,Moderado
446,False,11,Apartamento,3,Moderado
80,True,7,Apartamento,10,Moderado
123,True,5,Casa,1,Eficiente
177,True,6,Casa,3,Eficiente
344,True,8,Casa,9,Moderado
219,False,12,Casa,1,Eficiente
560,True,3,Casa,8,Ineficiente
316,True,9,Casa,2,Moderado
151,False,10,Comércio,6,Eficiente
269,True,9,Apartamento,3,Eficiente
347,True,9,Casa,7,Moderado
400,True,11,Casa,2,Moderado
186,True,15,Apartamento,4,Moderado
311,True,6,Casa,10,Moderado
121,True,16,Apartamento,9,Moderado
218,False,9,Comércio,6,Eficiente
694,True,11,Apartamento,4,Ineficiente
352,False,17,Casa,2,Moderado
560,False,7,Apartamento,10,Ineficiente
495,True,4,Comércio,9,Ineficiente
585,True,17,Apartamento,4,Ineficiente
503,True,7,Apartamento,9,Ineficiente
486,False,6,Casa,2,Moderado
647,False,10,Casa,7,Ineficiente
469,False,17,Apartamento,11,Ineficiente
421,True,7,Comércio,11,Ineficiente
693,False,11,Apartamento,5,Ineficiente
572,True,11,Apartamento,8,Ineficiente
271,True,5,Casa,11,Moderado
578,True,15,Casa,8,Ineficiente
312,True,12,Apartamento,4,Moderado
306,True,17,Casa,4,Moderado
450,False,8,Apartamento,8,Moderado
218,False,8,Casa,3,Eficiente
228,False,6,Apartamento,7,Eficiente
194,True,13,Apartamento,8,Moderado
529,False,15,Apartamento,8,Ineficiente
142,True,12,Casa,11,Moderado
183,True,5,Apartamento,10,Moderado
352,True,3,Comércio,4,Moderado
85,True,14,Apartamento,9,Moderado
226,True,9,Casa,10,Moderado
263,True,17,Casa,4,Moderado
107,False,17,Casa,8,Moderado
629,False,7,Casa,6,Moderado
198,True,16,Apartamento,5,Moderado
372,False,12,Apartamento,4,Moderado
450,False,17,Casa,5,Moderado
323,True,9,Casa,11,Moderado
659,False,3,Casa,1,Moderado
297,True,10,Comércio,7,Moderado
256,False,5,Apartamento,8,Eficiente
378,False,9,Apartamento,9,Moderado
137,False,14,Casa,3,Eficiente
348,False,5,Apartamento,9,Moderado
387,False,16,Casa,10,Moderado
649,False,5,Casa,5,Moderado
367,True,12,Apartamento,10,Ineficiente
184,True,11,Apartamento,6,Moderado
307,True,15,Casa,1,Moderado
326,True,4,Casa,9,Moderado
573,True,16,Casa,9,Ineficiente
162,False,6,Casa,6,Eficiente
265,True,8,Apartamento,8,Moderado
331,False,16,Comércio,4,Moderado
434,False,5,Casa,5,Eficiente
289,False,14,Casa,5,Eficiente
688,False,12,Casa,7,Ineficiente
526,True,16,Apartamento,7,Ineficiente
539,False,12,Casa,7,Ineficiente
551,True,9,Apartamento,5,Ineficiente
449,True,9,Casa,4,Moderado
571,True,17,Apartamento,8,Ineficiente
216,True,7,Comércio,1,Eficiente
446,False,5,Comércio,1,Eficiente
263,True,4,Comércio,6,Eficiente
667,True,17,Apartamento,2,Ineficiente
366,False,17,Comércio,3,Moderado
551,False,6,Casa,4,Moderado
454,True,16,Casa,2,Ineficiente
616,False,17,Casa,10,Ineficiente
590,False,15,Apartamento,7,Ineficiente
658,False,6,Comércio,10,Ineficiente
329,True,13,Casa,1,Moderado
589,True,10,Apartamento,3,Ineficiente
152,True,10,Apartamento,2,Eficiente
361,True,15,Comércio,9,Ineficiente
439,False,7,Apartamento,8,Moderado
89,True,15,Comércio,3,Moderado
290,False,8,Casa,5,Eficiente
231,True,10,Casa,3,Eficiente
84,False,17,Apartamento,11,Moderado
274,True,3,Casa,11,Moderado
362,False,7,Casa,11,Moderado
543,False,6,Apartamento,6,Moderado
192,False,6,Apartamento,5,Eficiente
350,True,13,Apartamento,11,Ineficiente
242,True,4,Casa,2,Eficiente
539,False,12,Apartamento,10,Ineficiente
184,True,3,Casa,8,Moderado
635,True,16,Casa,6,Ineficiente
361,True,17,Apartamento,3,Moderado
241,True,8,Casa,1,Eficiente
430,True,9,Casa,5,Moderado
513,True,7,Apartamento,11,Ineficiente
219,True,17,Casa,2,Moderado
550,True,10,Comércio,2,Ineficiente
211,False,11,Apartamento,9,Moderado
166,True,13,Comércio,11,Ineficiente
262,True,13,Casa,10,Moderado
447,False,4,Apartamento,7,Moderado
208,False,13,Casa,6,Eficiente
325,False,15,Apartamento,1,Moderado
680,False,6,Casa,10,Ineficiente
657,True,13,Casa,2,Ineficiente
457,False,11,Comércio,11,Ineficiente
228,True,7,Casa,7,Moderado
512,False,5,Casa,3,Moderado
548,True,8,Casa,2,Ineficiente
525,False,17,Apartamento,6,Ineficiente
560,True,5,Casa,8,Ineficiente
373,True,16,Casa,8,Ineficiente
222,False,7,Casa,11,Eficiente
329,True,5,Apartamento,2,Moderado
381,True,8,Apartamento,6,Moderado
104,True,14,Casa,5,Moderado
149,True,12,Casa,7,Moderado
191,True,7,Casa,4,Eficiente
443,False,16,Casa,2,Moderado
382,True,11,Casa,10,Ineficiente
550,True,5,Apartamento,3,Ineficiente
170,True,8,Apartamento,9,Moderado
609,False,10,Comércio,10,Ineficiente
271,False,9,Casa,8,Eficiente
631,False,8,Apartamento,9,Ineficiente
321,False,16,Apartamento,5,Moderado
217,False,17,Apartamento,5,Eficiente
424,False,4,Comércio,7,Moderado
259,False,17,Casa,7,Moderado
582,True,9,Casa,1,Ineficiente
282,False,10,Apartamento,5,Eficiente
652,True,3,Casa,8,Ineficiente
271,False,17,Casa,7,Moderado
84,False,11,Casa,11,Moderado
316,False,6,Casa,2,Eficiente
390,False,10,Apartamento,8,Moderado
628,True,17,Casa,2,Ineficiente
135,True,12,Casa,10,Moderado
522,True,9,Apartamento,1,Ineficiente
316,False,16,Apartamento,11,Moderado
276,False,15,Comércio,11,Moderado
664,False,12,Casa,11,Ineficiente
650,False,9,Comércio,3,Moderado
593,False,4,Apartamento,3,Moderado
528,False,3,Apartamento,6,Moderado
439,False,6,Casa,3,Eficiente
109,False,14,Apartamento,7,Moderado
187,False,4,Comércio,8,Eficiente
681,True,10,Comércio,3,Ineficiente
524,False,12,Casa,9,Ineficiente
517,True,9,Casa,1,Ineficiente
685,True,10,Apartamento,3,Ineficiente
536,False,13,Comércio,3,Ineficiente
694,True,8,Casa,7,Ineficiente
574,False,3,Apartamento,11,Ineficiente
326,True,16,Apartamento,11,Ineficiente
622,True,15,Apartamento,5,Ineficiente
643,True,15,Apartamento,4,Ineficiente
667,True,14,Casa,2,Ineficiente
518,True,11,Comércio,7,Ineficiente
357,True,8,Apartamento,3,Moderado
631,True,14,Apartamento,7,Ineficiente
692,True,15,Casa,10,Ineficiente
190,True,12,Apartamento,7,Moderado
464,False,3,Casa,11,Ineficiente
270,True,3,Casa,2,Eficiente
569,False,10,Apartamento,7,Ineficiente
505,False,8,Apartamento,6,Moderado
484,True,10,Apartamento,10,Ineficiente
414,False,10,Casa,4,Eficiente
288,False,17,Apartamento,11,Moderado
101,False,13,Casa,5,Eficiente
690,True,16,Apartamento,8,Ineficiente
287,False,10,Casa,5,Eficiente
87,False,12,Apartamento,3,Eficiente
608,True,17,Apartamento,2,Ineficiente
681,True,9,Casa,6,Ineficiente
245,True,9,Casa,6,Eficiente
575,False,12,Apartamento,7,Ineficiente
669,True,6,Apartamento,8,Ineficiente
508,False,11,Apartamento,4,Ineficiente
242,True,14,Apartamento,8,Moderado
445,False,4,Casa,1,Eficiente
605,True,13,Casa,6,Ineficiente
318,True,11,Casa,6,Moderado
151,False,12,Casa,3,Eficiente
524,True,5,Apartamento,9,Ineficiente
588,True,16,Casa,5,Ineficiente
348,True,15,Comércio,1,Ineficiente
494,True,17,Apartamento,7,Ineficiente
324,False,4,Comércio,10,Moderado
139,False,15,Comércio,3,Eficiente
85,True,6,Casa,10,Moderado
649,True,7,Apartamento,10,Ineficiente
486,True,4,Casa,11,Ineficiente
296,False,15,Casa,4,Eficiente
105,True,17,Apartamento,6,Moderado
84,True,3,Casa,8,Moderado
611,True,12,Comércio,4,Ineficiente
469,False,13,Apartamento,9,Ineficiente
650,True,7,Apartamento,8,Ineficiente
527,False,11,Casa,10,Ineficiente
225,True,17,Apartamento,10,Moderado
467,True,14,Casa,6,Ineficiente
328,True,14,Apartamento,7,Ineficiente
605,True,17,Casa,8,Ineficiente
541,True,7,Apartamento,2,Ineficiente
92,True,14,Casa,5,Moderado
463,True,13,Casa,7,Ineficiente
635,True,12,Apartamento,8,Ineficiente
478,True,11,Casa,5,Ineficiente
98,False,16,Apartamento,3,Eficiente
654,True,15,Casa,6,Ineficiente
570,False,14,Casa,5,Ineficiente
498,True,12,Apartamento,8,Ineficiente
416,True,8,Casa,9,Moderado
498,True,5,Casa,9,Ineficiente
691,True,6,Apartamento,6,Ineficiente
201,True,6,Casa,4,Eficiente
511,True,3,Casa,4,Ineficiente
123,False,5,Casa,9,Eficiente
396,True,5,Casa,4,Moderado
460,True,15,Apartamento,8,Ineficiente
224,True,16,Casa,9,Moderado
406,False,3,Apartamento,5,Eficiente
442,False,15,Casa,6,Moderado
129,True,11,Casa,3,Moderado
144,True,13,Casa,5,Moderado
434,True,3,Apartamento,5,Moderado
243,True,11,Comércio,2,Moderado
220,False,3,Apartamento,10,Eficiente
207,False,4,Comércio,6,Eficiente
477,True,4,Casa,9,Ineficiente
542,True,16,Casa,11,Ineficiente
266,False,8,Casa,7,Eficiente
269,True,9,Casa,8,Moderado
467,True,13,Casa,2,Ineficiente
508,False,3,Casa,11,Ineficiente
363,True,5,Casa,9,Moderado
316,True,4,Casa,3,Moderado
273,True,10,Casa,10,Moderado
366,False,11,Casa,5,Moderado
215,True,15,Comércio,7,Ineficiente
250,False,4,Casa,4,Eficiente
238,False,4,Apartamento,7,Eficiente
280,True,12,Apartamento,8,Moderado
566,True,17,Casa,10,Ineficiente
636,True,11,Casa,10,Ineficiente
662,True,16,Casa,4,Ineficiente
583,False,6,Apartamento,5,Moderado
450,False,7,Casa,11,Moderado
182,True,15,Casa,3,Moderado
204,False,13,Casa,5,Eficiente
392,True,11,Comércio,8,Ineficiente
537,False,8,Casa,3,Moderado
309,False,12,Apartamento,5,Moderado
276,True,14,Apartamento,10,Moderado
502,True,11,Comércio,1,Ineficiente
651,False,11,Apartamento,2,Ineficiente
689,False,9,Apartamento,3,Moderado
250,True,16,Comércio,1,Moderado
461,True,14,Apartamento,11,Ineficiente
252,False,12,Casa,11,Moderado
532,True,11,Casa,9,Ineficiente
429,True,7,Apartamento,9,Moderado
573,True,7,Apartamento,5,Ineficiente
699,True,14,Apartamento,4,Ineficiente
83,True,10,Apartamento,5,Eficiente
172,False,12,Apartamento,4,Eficiente
85,False,6,Casa,5,Eficiente
367,True,11,Apartamento,7,Ineficiente
697,True,9,Casa,11,Ineficiente
225,True,9,Comércio,8,Moderado
503,True,15,Apartamento,2,Ineficiente
687,False,17,Apartamento,4,Ineficiente
536,True,5,Casa,8,Ineficiente
281,False,6,Casa,7,Eficiente
291,True,9,Casa,9,Moderado
85,False,13,Apartamento,5,Eficiente
455,True,13,Apartamento,6,Ineficiente
526,True,16,Casa,11,Ineficiente
185,True,7,Apartamento,8,Moderado
480,False,14,Apartamento,11,Ineficiente
175,False,5,Casa,5,Eficiente
467,False,3,Apartamento,9,Ineficiente
531,False,9,Apartamento,4,Moderado
495,False,8,Apartamento,8,Ineficiente
583,True,12,Apartamento,3,Ineficiente
533,True,17,Apartamento,5,Ineficiente
370,False,9,Comércio,8,Moderado
613,False,17,Casa,10,Ineficiente
272,False,16,Apartamento,7,Moderado
229,True,4,Casa,1,Eficiente
594,True,15,Casa,4,Ineficiente
472,False,14,Casa,2,Ineficiente
395,False,6,Casa,2,Eficiente
155,True,4,Comércio,7,Moderado
678,False,10,Comércio,3,Moderado
349,False,9,Casa,3,Eficiente
304,True,3,Apartamento,6,Moderado
609,False,4,Apartamento,6,Moderado
192,False,4,Apartamento,1,Eficiente
330,False,6,Apartamento,1,Eficiente
312,False,5,Casa,11,Moderado
162,True,3,Apartamento,6,Eficiente
204,True,14,Apartamento,7,Moderado
254,True,16,Apartamento,9,Moderado
148,True,4,Comércio,4,Eficiente
126,True,13,Comércio,10,Ineficiente
335,True,11,Apartamento,6,Moderado
109,True,15,Apartamento,3,Moderado
360,True,3,Comércio,11,Ineficiente
316,True,11,Casa,4,Moderado
327,False,9,Casa,9,Moderado
447,True,4,Casa,1,Moderado
574,False,4,Comércio,5,Moderado
104,True,7,Apartamento,11,Moderado
665,True,15,Casa,7,Ineficiente
569,False,7,Comércio,3,Moderado
573,True,6,Apartamento,2,Ineficiente
393,True,14,Comércio,11,Ineficiente
685,True,12,Casa,2,Ineficiente
454,True,12,Apartamento,1,Ineficiente
104,True,15,Apartamento,5,Moderado
413,True,14,Apartamento,3,Moderado
434,True,5,Apartamento,11,Moderado
195,False,6,Apartamento,7,Eficiente
127,False,12,Casa,1,Eficiente
178,True,6,Apartamento,9,Moderado
538,True,4,Casa,2,Ineficiente
602,True,7,Casa,8,Ineficiente
676,True,17,Casa,10,Ineficiente
484,True,7,Casa,4,Ineficiente
293,False,7,Casa,6,Eficiente
582,True,13,Apartamento,9,Ineficiente
527,False,17,Apartamento,7,Ineficiente
655,True,13,Casa,8,Ineficiente
337,False,12,Apartamento,7,Moderado
200,False,3,Casa,2,Eficiente
133,False,8,Casa,9,Eficiente
410,True,13,Apartamento,1,Moderado
320,False,4,Apartamento,2,Eficiente
609,False,9,Apartamento,3,Moderado
562,False,6,Casa,3,Moderado
266,True,17,Apartamento,10,Moderado
341,False,7,Apartamento,4,Eficiente
443,True,7,Comércio,5,Moderado
570,False,7,Casa,6,Moderado
510,False,4,Apartamento,1,Moderado
318,True,7,Apartamento,8,Moderado
383,True,5,Comércio,6,Moderado
377,True,6,Casa,10,Moderado
155,False,15,Apartamento,9,Moderado
412,True,4,Casa,5,Moderado
553,True,6,Apartamento,7,Ineficiente
362,True,15,Casa,11,Ineficiente
670,False,11,Casa,4,Ineficiente
151,True,10,Apartamento,6,Eficiente
342,False,15,Casa,6,Moderado
654,True,16,Casa,4,Ineficiente
91,False,17,Casa,6,Eficiente
220,False,13,Casa,8,Moderado
634,True,14,Comércio,11,Ineficiente
96,True,5,Apartamento,5,Eficiente
142,False,3,Apartamento,2,Eficiente
332,True,3,Casa,9,Moderado
544,True,8,Comércio,11,Ineficiente
455,False,5,Apartamento,4,Moderado
599,False,6,Apartamento,4,Moderado
169,False,3,Apartamento,11,Eficiente
254,True,10,Apartamento,7,Moderado
155,True,3,Apartamento,10,Moderado
692,True,7,Casa,10,Ineficiente
479,False,8,Casa,6,Moderado
150,False,17,Apartamento,4,Eficiente
259,False,4,Apartamento,6,Eficiente
203,True,9,Casa,3,Eficiente
460,False,9,Casa,7,Ineficiente
372,True,3,Apartamento,6,Moderado
274,True,6,Apartamento,3,Eficiente
307,False,14,Casa,1,Moderado
510,True,15,Casa,10,Ineficiente
515,False,6,Apartamento,5,Moderado
540,False,7,Apartamento,10,Ineficiente
697,False,3,Casa,2,Moderado
100,False,3,Apartamento,7,Eficiente
143,False,9,Apartamento,7,Eficiente
244,True,11,Apartamento,4,Moderado
106,True,3,Comércio,6,Eficiente
390,True,4,Comércio,1,Moderado
364,True,8,Casa,2,Moderado
360,False,17,Casa,6,Moderado
243,False,17,Casa,2,Eficiente
303,True,8,Casa,11,Moderado
225,True,4,Casa,4,Eficiente
109,True,11,Casa,4,Moderado
124,False,6,Comércio,10,Eficiente
550,False,15,Comércio,9,Ineficiente
113,False,9,Apartamento,10,Eficiente
506,True,8,Apartamento,7,Ineficiente
300,True,13,Casa,7,Moderado
613,False,15,Casa,11,Ineficiente
446,False,13,Casa,1,Moderado
629,True,5,Apartamento,11,Ineficiente
661,False,10,Casa,5,Moderado
195,True,9,Comércio,3,Eficiente
318,False,11,Apartamento,3,Moderado
414,False,5,Casa,6,Eficiente
520,False,3,Casa,4,Moderado
227,True,4,Apartamento,8,Moderado
88,True,14,Comércio,4,Moderado
367,False,13,Apartamento,8,Moderado
467,False,17,Casa,4,Ineficiente
129,False,14,Apartamento,3,Eficiente
596,False,3,Casa,5,Moderado
666,True,13,Comércio,5,Ineficiente
357,False,7,Apartamento,10,Moderado
379,False,17,Apartamento,10,Moderado
668,True,12,Casa,1,Ineficiente
697,False,16,Apartamento,8,Ineficiente
686,True,4,Casa,8,Ineficiente
214,True,5,Casa,8,Moderado
659,True,10,Casa,10,Ineficiente
226,False,17,Comércio,4,Eficiente
569,False,12,Apartamento,9,Ineficiente
557,False,16,Casa,10,Ineficiente
238,True,7,Comércio,3,Eficiente
463,True,6,Casa,7,Ineficiente
242,True,7,Casa,6,Eficiente
520,True,12,Casa,9,Ineficiente
268,False,8,Apartamento,4,Eficiente
494,False,14,Apartamento,4,Ineficiente
418,True,9,Apartamento,6,Moderado
686,False,16,Apartamento,8,Ineficiente
260,False,15,Casa,3,Eficiente
367,True,11,Apartamento,11,Ineficiente
266,False,3,Casa,8,Eficiente
217,False,6,Apartamento,8,Eficiente
209,False,14,Apartamento,7,Moderado
273,True,14,Apartamento,7,Moderado
395,False,11,Apartamento,5,Moderado
223,False,7,Apartamento,2,Eficiente
95,True,10,Casa,2,Eficiente
381,True,14,Comércio,10,Ineficiente
502,True,3,Casa,8,Ineficiente
324,False,6,Casa,11,Moderado
186,True,14,Apartamento,6,Moderado
167,False,16,Apartamento,8,Moderado
208,True,14,Casa,3,Moderado
420,True,11,Comércio,1,Ineficiente
83,True,15,Comércio,6,Moderado
406,True,3,Apartamento,2,Moderado
489,True,3,Apartamento,9,Ineficiente
385,False,6,Apartamento,5,Eficiente
686,True,16,Casa,5,Ineficiente
304,True,5,Apartamento,10,Moderado
427,True,9,Comércio,8,Ineficiente
400,False,13,Comércio,6,Moderado
638,False,5,Comércio,3,Moderado
260,False,3,Casa,9,Eficiente
697,False,14,Casa,10,Ineficiente
465,True,17,Casa,4,Ineficiente
697,True,13,Casa,10,Ineficiente
187,True,12,Casa,4,Moderado
610,True,4,Casa,2,Ineficiente
489,False,12,Apartamento,3,Ineficiente
375,True,15,Apartamento,4,Moderado
250,True,6,Apartamento,7,Moderado
410,True,3,Apartamento,3,Moderado
572,False,3,Casa,8,Ineficiente
274,False,14,Casa,8,Moderado
91,True,16,Apartamento,10,Moderado
274,True,10,Apartamento,11,Moderado
569,False,9,Apartamento,2,Moderado
261,False,16,Casa,4,Eficiente
395,True,10,Casa,8,Moderado
109,True,15,Apartamento,1,Moderado
675,False,6,Comércio,1,Moderado
175,False,8,Comércio,4,Eficiente
460,True,17,Apartamento,11,Ineficiente
523,False,15,Apartamento,2,Ineficiente
377,False,5,Apartamento,1,Eficiente
440,False,13,Apartamento,8,Moderado
453,False,15,Apartamento,2,Ineficiente
633,False,10,Comércio,4,Moderado
382,True,6,Apartamento,3,Moderado
500,False,5,Comércio,2,Moderado
325,True,6,Casa,8,Moderado
316,False,8,Apartamento,3,Eficiente
613,True,13,Apartamento,9,Ineficiente
264,False,9,Casa,10,Eficiente
547,True,9,Apartamento,5,Ineficiente
442,True,16,Casa,9,Ineficiente
362,True,17,Apartamento,3,Moderado
632,False,14,Apartamento,5,Ineficiente
415,False,6,Casa,10,Moderado
241,False,10,Apartamento,6,Eficiente
239,True,9,Apartamento,9,Moderado
553,True,4,Apartamento,8,Ineficiente
680,False,15,Casa,2,Ineficiente
401,False,10,Comércio,2,Eficiente
91,False,11,Apartamento,5,Eficiente
503,False,7,Apartamento,5,Moderado
152,False,17,Casa,5,Eficiente
667,True,6,Comércio,4,Ineficiente
280,False,6,Casa,8,Eficiente
601,False,15,Apartamento,11,Ineficiente
584,False,6,Apartamento,5,Moderado
118,False,8,Casa,1,Eficiente
139,True,13,Apartamento,10,Moderado
657,True,6,Casa,5,Ineficiente
400,True,9,Apartamento,1,Moderado
514,True,9,Apartamento,4,Ineficiente
487,False,7,Comércio,1,Moderado
465,False,15,Comércio,6,Ineficiente
648,True,7,Apartamento,6,Ineficiente
157,True,17,Apartamento,1,Moderado
273,False,12,Apartamento,8,Moderado
364,False,10,Casa,4,Eficiente
606,True,9,Apartamento,2,Ineficiente
603,False,16,Comércio,1,Ineficiente
692,True,9,Casa,11,Ineficiente
235,True,8,Casa,3,Eficiente
419,True,9,Casa,7,Moderado
204,True,9,Casa,10,Moderado
359,True,12,Casa,11,Ineficiente
207,False,16,Apartamento,10,Moderado
393,False,4,Apartamento,8,Moderado
411,True,16,Apartamento,5,Moderado
229,True,12,Casa,7,Moderado
533,True,4,Apartamento,2,Ineficiente
115,False,16,Comércio,4,Eficiente
499,False,12,Comércio,6,Ineficiente
101,True,9,Apartamento,5,Eficiente
285,True,16,Casa,6,Moderado
435,False,12,Comércio,2,Moderado
519,False,9,Apartamento,7,Ineficiente
175,True,9,Casa,8,Moderado
243,False,7,Casa,11,Eficiente
227,False,3,Casa,9,Eficiente
609,True,16,Casa,6,Ineficiente
373,True,4,Casa,7,Moderado
274,True,15,Comércio,1,Moderado
559,False,11,Apartamento,9,Ineficiente
202,False,10,Apartamento,6,Eficiente
479,False,10,Apartamento,4,Moderado
531,False,12,Apartamento,10,Ineficiente
183,False,3,Comércio,9,Eficiente
541,False,8,Comércio,1,Moderado
475,False,17,Casa,2,Ineficiente
416,True,17,Comércio,3,Ineficiente
678,True,11,Apartamento,1,Ineficiente
221,False,17,Casa,2,Eficiente
396,False,10,Apartamento,2,Eficiente
637,True,5,Apartamento,7,Ineficiente
606,False,6,Comércio,10,Ineficiente
635,False,17,Casa,6,Ineficiente
480,True,5,Apartamento,9,Ineficiente
389,False,8,Casa,5,Eficiente
574,True,16,Casa,9,Ineficiente
635,False,11,Casa,10,Ineficiente
689,True,17,Apartamento,9,Ineficiente
188,False,10,Apartamento,2,Eficiente
451,True,17,Casa,9,Ineficiente
695,True,17,Apartamento,3,Ineficiente
285,False,15,Casa,11,Moderado
122,True,12,Casa,3,Moderado
324,True,6,Apartamento,11,Moderado
366,True,17,Casa,9,Ineficiente
434,False,4,Apartamento,7,Moderado
555,False,15,Casa,11,Ineficiente
162,True,10,Casa,8,Moderado
189,False,10,Apartamento,7,Eficiente
269,False,16,Apartamento,9,Moderado
330,False,14,Casa,8,Moderado
370,True,13,Apartamento,4,Moderado
280,False,8,Apartamento,2,Eficiente
405,True,16,Apartamento,11,Ineficiente
590,True,10,Casa,5,Ineficiente
488,True,11,Apartamento,2,Ineficiente
686,False,15,Apartamento,4,Ineficiente
587,True,3,Casa,2,Ineficiente
680,False,11,Comércio,5,Ineficiente
151,True,4,Comércio,6,Eficiente
326,True,16,Comércio,11,Ineficiente
687,True,15,Apartamento,1,Ineficiente
666,True,3,Apartamento,8,Ineficiente
645,True,10,Apartamento,2,Ineficiente
423,True,10,Apartamento,5,Moderado
133,True,13,Apartamento,11,Moderado
607,True,6,Apartamento,8,Ineficiente
690,True,10,Casa,5,Ineficiente
611,True,9,Casa,3,Ineficiente
637,False,15,Comércio,6,Ineficiente
272,False,4,Casa,1,Eficiente
137,False,7,Apartamento,1,Eficiente
516,True,16,Comércio,8,Ineficiente
190,False,12,Apartamento,7,Moderado
208,False,6,Comércio,10,Eficiente
405,True,5,Apartamento,10,Moderado
87,True,3,Casa,11,Moderado
108,True,7,Apartamento,11,Moderado
191,True,12,Casa,3,Moderado
210,True,10,Casa,8,Moderado
267,False,14,Casa,11,Moderado
554,True,11,Casa,8,Ineficiente
443,False,9,Casa,1,Eficiente
283,True,14,Casa,10,Moderado
291,True,13,Apartamento,7,Moderado
355,False,3,Apartamento,2,Eficiente
152,False,3,Casa,2,Eficiente
322,True,17,Casa,2,Moderado
181,False,3,Apartamento,5,Eficiente
250,False,4,Apartamento,7,Eficiente
267,True,3,Comércio,4,Eficiente
520,True,6,Casa,11,Ineficiente
165,False,12,Comércio,4,Eficiente
555,True,11,Apartamento,9,Ineficiente
131,True,14,Apartamento,10,Moderado
190,True,6,Casa,9,Moderado
122,True,15,Casa,7,Moderado
290,False,6,Casa,10,Eficiente
279,True,9,Casa,4,Eficiente
105,False,16,Apartamento,8,Moderado
378,True,13,Apartamento,10,Ineficiente
156,True,11,Apartamento,3,Moderado
216,True,9,Apartamento,3,Eficiente
99,False,3,Apartamento,7,Eficiente
519,False,3,Casa,11,Ineficiente
290,True,6,Comércio,9,Moderado
