consumo_kwh,uso_horario_pico,quantidade_equipamentos,tipo_imovel,horas_alto_consumo,categoria,consumo_por_equipamento,intensidade_consumo,equipamentos_por_hora,uso_horario_pico_num
182,False,8,Casa,10,Eficiente,22.75,18.2,0.8,0
515,False,7,Apartamento,10,Ineficiente,73.57142857142857,51.5,0.7,0
350,True,12,Casa,7,Ineficiente,29.166666666666668,50.0,1.7142857142857142,1
186,True,11,Apartamento,10,Moderado,16.90909090909091,18.6,1.1,1
151,True,3,Casa,5,Eficiente,50.333333333333336,30.2,0.6,1
100,True,15,Casa,10,Moderado,6.666666666666667,10.0,1.5,1
694,False,5,Apartamento,6,Moderado,138.8,115.66666666666669,0.8333333333333334,0
201,True,5,Casa,1,Eficiente,40.2,201.0,5.0,1
546,True,13,Casa,4,Ineficiente,42.0,136.5,3.25,1
294,True,8,Casa,4,Eficiente,36.75,73.5,2.0,1
410,False,10,Comércio,11,Moderado,41.0,37.27272727272727,0.9090909090909092,0
538,False,5,Apartamento,8,Ineficiente,107.6,67.25,0.625,0
167,True,5,Casa,2,Eficiente,33.4,83.5,2.5,1
452,False,8,Casa,1,Moderado,56.5,452.0,8.0,0
179,True,10,Comércio,7,Moderado,17.9,25.571428571428573,1.4285714285714286,1
210,True,8,Apartamento,6,Eficiente,26.25,35.0,1.3333333333333333,1
388,False,15,Casa,5,Moderado,25.866666666666667,77.6,3.0,0
423,True,14,Apartamento,8,Ineficiente,30.214285714285715,52.875,1.75,1
571,False,16,Apartamento,11,Ineficiente,35.6875,51.90909090909091,1.4545454545454546,0
493,False,12,Apartamento,2,Ineficiente,41.083333333333336,246.5,6.0,0
465,False,5,Apartamento,2,Moderado,93.0,232.5,2.5,0
271,False,6,Casa,9,Eficiente,45.16666666666666,30.11111111111111,0.6666666666666666,0
356,True,3,Casa,1,Moderado,118.66666666666669,356.0,3.0,1
240,False,15,Comércio,6,Eficiente,16.0,40.0,2.5,0
539,True,10,Apartamento,3,Ineficiente,53.9,179.66666666666666,3.333333333333333,1
393,False,6,Casa,5,Eficiente,65.5,78.6,1.2,0
101,False,8,Comércio,8,Eficiente,12.625,12.625,1.0,0
332,False,13,Comércio,7,Ineficiente,25.53846153846154,47.42857142857143,1.8571428571428568,0
640,False,5,Comércio,4,Moderado,128.0,160.0,1.25,0
554,True,13,Comércio,8,Ineficiente,42.61538461538461,69.25,1.625,1
138,False,14,Comércio,11,Moderado,9.857142857142858,12.545454545454543,1.2727272727272727,0
590,False,13,Casa,11,Ineficiente,45.38461538461539,53.63636363636363,1.181818181818182,0
555,False,8,Apartamento,10,Ineficiente,69.375,55.5,0.8,0
269,False,14,Apartamento,11,Moderado,19.214285714285715,24.454545454545453,1.2727272727272727,0
642,True,13,Casa,2,Ineficiente,49.38461538461539,321.0,6.5,1
646,True,11,Casa,7,Ineficiente,58.72727272727273,92.28571428571428,1.5714285714285714,1
323,False,11,Comércio,5,Moderado,29.363636363636363,64.6,2.2,0
584,False,12,Casa,11,Ineficiente,48.66666666666666,53.09090909090909,1.0909090909090908,0
210,True,5,Comércio,6,Eficiente,42.0,35.0,0.8333333333333334,1
564,False,5,Casa,3,Moderado,112.8,188.0,1.6666666666666667,0
100,True,6,Casa,11,Moderado,16.666666666666668,9.090909090909092,0.5454545454545454,1
246,False,14,Apartamento,10,Moderado,17.571428571428573,24.6,1.4,0
353,True,9,Casa,7,Moderado,39.22222222222222,50.42857142857143,1.2857142857142858,1
467,True,5,Apartamento,7,Ineficiente,93.4,66.71428571428571,0.7142857142857143,1
680,True,12,Apartamento,2,Ineficiente,56.66666666666666,340.0,6.0,1
395,True,10,Casa,1,Moderado,39.5,395.0,10.0,1
93,True,13,Casa,10,Moderado,7.153846153846154,9.3,1.3,1
321,True,10,Casa,2,Moderado,32.1,160.5,5.0,1
425,True,8,Casa,8,Moderado,53.125,53.125,1.0,1
644,False,6,Apartamento,11,Ineficiente,107.33333333333331,58.54545454545455,0.5454545454545454,0
419,False,13,Casa,10,Moderado,32.23076923076923,41.9,1.3,0
171,True,14,Casa,3,Moderado,12.214285714285714,57.0,4.666666666666667,1
446,False,13,Apartamento,11,Moderado,34.30769230769231,40.54545454545455,1.181818181818182,0
534,True,7,Casa,4,Ineficiente,76.28571428571429,133.5,1.75,1
507,False,14,Casa,8,Ineficiente,36.21428571428572,63.375,1.75,0
588,False,4,Casa,3,Moderado,147.0,196.0,1.3333333333333333,0
114,True,15,Comércio,6,Moderado,7.6,19.0,2.5,1
285,True,8,Comércio,2,Eficiente,35.625,142.5,4.0,1
160,True,5,Apartamento,3,Eficiente,32.0,53.333333333333336,1.6666666666666667,1
641,True,17,Casa,1,Ineficiente,37.70588235294117,641.0,17.0,1
467,False,8,Casa,9,Ineficiente,58.375,51.888888888888886,0.8888888888888888,0
81,True,14,Apartamento,4,Moderado,5.785714285714286,20.25,3.5,1
469,True,7,Apartamento,6,Ineficiente,67.0,78.16666666666667,1.1666666666666667,1
645,True,16,Comércio,7,Ineficiente,40.3125,92.14285714285714,2.2857142857142856,1
185,True,4,Casa,2,Eficiente,46.25,92.5,2.0,1
556,True,17,Casa,8,Ineficiente,32.705882352941174,69.5,2.125,1
481,True,14,Apartamento,9,Ineficiente,34.357142857142854,53.44444444444444,1.5555555555555556,1
635,False,15,Apartamento,10,Ineficiente,42.333333333333336,63.5,1.5,0
241,True,16,Apartamento,11,Moderado,15.0625,21.90909090909091,1.4545454545454546,1
281,True,7,Apartamento,2,Eficiente,40.142857142857146,140.5,3.5,1
349,False,7,Comércio,5,Eficiente,49.85714285714285,69.8,1.4,0
350,True,16,Apartamento,2,Moderado,21.875,175.0,8.0,1
535,False,11,Comércio,11,Ineficiente,48.63636363636363,48.63636363636363,1.0,0
541,False,13,Comércio,5,Ineficiente,41.61538461538461,108.2,2.6,0
331,True,10,Apartamento,7,Moderado,33.1,47.285714285714285,1.4285714285714286,1
375,True,14,Casa,6,Moderado,26.785714285714285,62.5,2.333333333333333,1
417,True,14,Casa,4,Moderado,29.785714285714285,104.25,3.5,1
132,True,9,Apartamento,2,Eficiente,14.666666666666666,66.0,4.5,1
296,True,17,Apartamento,7,Moderado,17.41176470588235,42.285714285714285,2.4285714285714284,1
267,True,17,Comércio,10,Ineficiente,15.705882352941176,26.7,1.7,1
459,True,14,Casa,9,Ineficiente,32.785714285714285,51.0,1.5555555555555556,1
572,True,15,Casa,1,Ineficiente,38.13333333333333,572.0,15.0,1
120,False,17,Apartamento,3,Eficiente,7.0588235294117645,40.0,5.666666666666667,0
236,False,16,Casa,7,Moderado,14.75,33.714285714285715,2.2857142857142856,0
94,True,5,Casa,9,Moderado,18.8,10.444444444444445,0.5555555555555556,1
144,True,12,Casa,5,Moderado,12.0,28.8,2.4,1
600,False,6,Apartamento,7,Ineficiente,100.0,85.71428571428571,0.8571428571428571,0
423,False,8,Casa,10,Moderado,52.875,42.3,0.8,0
208,False,5,Comércio,7,Eficiente,41.6,29.714285714285715,0.7142857142857143,0
551,True,13,Casa,4,Ineficiente,42.38461538461539,137.75,3.25,1
142,False,11,Comércio,5,Eficiente,12.909090909090908,28.4,2.2,0
218,True,10,Apartamento,2,Eficiente,21.8,109.0,5.0,1
578,True,8,Casa,8,Ineficiente,72.25,72.25,1.0,1
672,True,6,Casa,1,Ineficiente,112.0,672.0,6.0,1
471,True,9,Casa,2,Ineficiente,52.333333333333336,235.5,4.5,1
498,True,15,Apartamento,3,Ineficiente,33.2,166.0,5.0,1
368,True,17,Casa,7,Ineficiente,21.647058823529413,52.57142857142857,2.4285714285714284,1
458,False,13,Casa,6,Ineficiente,35.23076923076923,76.33333333333333,2.1666666666666665,0
569,False,5,Apartamento,7,Ineficiente,113.8,81.28571428571429,0.7142857142857143,0
310,True,12,Casa,11,Ineficiente,25.83333333333333,28.181818181818183,1.0909090909090908,1
120,True,17,Casa,5,Moderado,7.0588235294117645,24.0,3.4,1
107,True,10,Apartamento,4,Eficiente,10.7,26.75,2.5,1
214,False,3,Comércio,7,Eficiente,71.33333333333333,30.571428571428573,0.4285714285714285,0
280,True,5,Casa,3,Eficiente,56.0,93.33333333333331,1.6666666666666667,1
112,False,13,Casa,10,Moderado,8.615384615384615,11.2,1.3,0
127,True,7,Comércio,7,Moderado,18.142857142857142,18.142857142857142,1.0,1
582,True,7,Casa,2,Ineficiente,83.14285714285714,291.0,3.5,1
486,False,12,Comércio,8,Ineficiente,40.5,60.75,1.5,0
653,False,16,Casa,6,Ineficiente,40.8125,108.83333333333331,2.6666666666666665,0
178,True,4,Comércio,3,Eficiente,44.5,59.333333333333336,1.3333333333333333,1
626,True,12,Casa,3,Ineficiente,52.16666666666666,208.66666666666663,4.0,1
692,False,10,Comércio,5,Moderado,69.2,138.4,2.0,0
541,True,7,Casa,3,Ineficiente,77.28571428571429,180.33333333333331,2.333333333333333,1
84,False,9,Apartamento,6,Eficiente,9.333333333333334,14.0,1.5,0
297,True,17,Casa,2,Moderado,17.470588235294116,148.5,8.5,1
582,False,9,Casa,8,Ineficiente,64.66666666666667,72.75,1.125,0
477,False,16,Apartamento,11,Ineficiente,29.8125,43.36363636363637,1.4545454545454546,0
472,True,7,Apartamento,11,Ineficiente,67.42857142857143,42.90909090909091,0.6363636363636364,1
286,False,10,Comércio,9,Eficiente,28.6,31.77777777777778,1.1111111111111112,0
94,True,11,Casa,7,Moderado,8.545454545454545,13.428571428571429,1.5714285714285714,1
633,True,6,Comércio,3,Ineficiente,105.5,211.0,2.0,1
540,False,6,Casa,11,Ineficiente,90.0,49.09090909090909,0.5454545454545454,0
654,True,10,Comércio,10,Ineficiente,65.4,65.4,1.0,1
320,False,3,Comércio,4,Eficiente,106.66666666666669,80.0,0.75,0
643,True,17,Casa,10,Ineficiente,37.8235294117647,64.3,1.7,1
175,True,6,Comércio,2,Eficiente,29.166666666666668,87.5,3.0,1
564,True,8,Apartamento,9,Ineficiente,70.5,62.66666666666666,0.8888888888888888,1
486,True,15,Casa,5,Ineficiente,32.4,97.2,3.0,1
310,True,6,Apartamento,2,Moderado,51.66666666666666,155.0,3.0,1
250,False,8,Casa,10,Eficiente,31.25,25.0,0.8,0
620,False,7,Apartamento,6,Moderado,88.57142857142857,103.33333333333331,1.1666666666666667,0
115,False,16,Casa,7,Moderado,7.1875,16.428571428571427,2.2857142857142856,0
604,True,11,Casa,2,Ineficiente,54.90909090909091,302.0,5.5,1
239,True,12,Casa,1,Moderado,19.916666666666668,239.0,12.0,1
322,True,11,Apartamento,7,Ineficiente,29.272727272727277,46.0,1.5714285714285714,1
165,True,6,Comércio,1,Eficiente,27.5,165.0,6.0,1
657,True,15,Comércio,3,Ineficiente,43.8,219.0,5.0,1
636,True,16,Casa,4,Ineficiente,39.75,159.0,4.0,1
653,True,6,Casa,2,Ineficiente,108.83333333333331,326.5,3.0,1
107,False,14,Apartamento,7,Moderado,7.642857142857143,15.285714285714286,2.0,0
699,True,10,Apartamento,5,Ineficiente,69.9,139.8,2.0,1
635,True,12,Casa,1,Ineficiente,52.91666666666666,635.0,12.0,1
419,True,17,Casa,8,Ineficiente,24.647058823529413,52.375,2.125,1
410,True,6,Apartamento,10,Moderado,68.33333333333333,41.0,0.6,1
585,False,4,Casa,7,Ineficiente,146.25,83.57142857142857,0.5714285714285714,0
427,True,15,Apartamento,4,Moderado,28.466666666666665,106.75,3.75,1
552,True,15,Apartamento,2,Ineficiente,36.8,276.0,7.5,1
310,True,16,Comércio,7,Ineficiente,19.375,44.285714285714285,2.2857142857142856,1
269,True,17,Apartamento,11,Moderado,15.823529411764708,24.454545454545453,1.5454545454545454,1
304,True,4,Casa,2,Moderado,76.0,152.0,2.0,1
464,False,3,Comércio,6,Moderado,154.66666666666666,77.33333333333333,0.5,0
456,False,7,Apartamento,1,Moderado,65.14285714285714,456.0,7.0,0
362,False,17,Casa,7,Moderado,21.294117647058822,51.71428571428572,2.4285714285714284,0
338,True,8,Apartamento,7,Moderado,42.25,48.285714285714285,1.1428571428571428,1
438,False,11,Casa,4,Moderado,39.81818181818182,109.5,2.75,0
535,True,7,Apartamento,4,Ineficiente,76.42857142857143,133.75,1.75,1
490,True,15,Apartamento,10,Ineficiente,32.666666666666664,49.0,1.5,1
397,False,8,Apartamento,5,Eficiente,49.625,79.4,1.6,0
304,True,8,Casa,2,Moderado,38.0,152.0,4.0,1
313,True,5,Casa,9,Moderado,62.6,34.77777777777778,0.5555555555555556,1
453,False,14,Comércio,10,Ineficiente,32.357142857142854,45.3,1.4,0
687,True,6,Apartamento,4,Ineficiente,114.5,171.75,1.5,1
551,False,3,Casa,11,Ineficiente,183.66666666666663,50.09090909090909,0.2727272727272727,0
312,True,6,Casa,9,Moderado,52.0,34.666666666666664,0.6666666666666666,1
192,False,3,Casa,3,Eficiente,64.0,64.0,1.0,0
576,False,17,Apartamento,9,Ineficiente,33.88235294117647,64.0,1.8888888888888888,0
521,False,7,Apartamento,1,Moderado,74.42857142857143,521.0,7.0,0
643,True,13,Apartamento,7,Ineficiente,49.46153846153846,91.85714285714286,1.8571428571428568,1
347,True,13,Apartamento,4,Moderado,26.692307692307693,86.75,3.25,1
589,True,10,Apartamento,7,Ineficiente,58.9,84.14285714285714,1.4285714285714286,1
465,True,10,Casa,10,Ineficiente,46.5,46.5,1.0,1
466,True,7,Casa,6,Ineficiente,66.57142857142857,77.66666666666667,1.1666666666666667,1
192,False,16,Apartamento,4,Eficiente,12.0,48.0,4.0,0
692,True,12,Comércio,4,Ineficiente,57.66666666666666,173.0,3.0,1
160,False,4,Apartamento,8,Eficiente,40.0,20.0,0.5,0
192,True,14,Apartamento,7,Moderado,13.714285714285714,27.428571428571427,2.0,1
81,True,8,Apartamento,4,Eficiente,10.125,20.25,2.0,1
299,True,3,Comércio,11,Moderado,99.66666666666669,27.181818181818183,0.2727272727272727,1
645,False,9,Casa,6,Moderado,71.66666666666667,107.5,1.5,0
304,False,13,Casa,6,Moderado,23.384615384615383,50.66666666666666,2.1666666666666665,0
464,False,6,Comércio,1,Moderado,77.33333333333333,464.0,6.0,0
482,False,7,Comércio,2,Moderado,68.85714285714286,241.0,3.5,0
209,True,8,Casa,4,Eficiente,26.125,52.25,2.0,1
132,True,13,Apartamento,6,Moderado,10.153846153846152,22.0,2.1666666666666665,1
495,True,3,Casa,6,Ineficiente,165.0,82.5,0.5,1
326,False,11,Casa,1,Moderado,29.63636363636364,326.0,11.0,0
518,True,12,Comércio,8,Ineficiente,43.16666666666666,64.75,1.5,1
282,True,6,Casa,2,Eficiente,47.0,141.0,3.0,1
263,False,10,Comércio,5,Eficiente,26.3,52.6,2.0,0
202,False,7,Casa,4,Eficiente,28.857142857142858,50.5,1.75,0
480,False,13,Apartamento,5,Ineficiente,36.92307692307692,96.0,2.6,0
373,False,10,Casa,5,Eficiente,37.3,74.6,2.0,0
359,False,17,Apartamento,10,Moderado,21.11764705882353,35.9,1.7,0
689,True,3,Apartamento,8,Ineficiente,229.66666666666663,86.125,0.375,1
277,True,10,Apartamento,10,Moderado,27.7,27.7,1.0,1
590,False,13,Casa,7,Ineficiente,45.38461538461539,84.28571428571429,1.8571428571428568,0
223,False,15,Casa,9,Moderado,14.866666666666667,24.77777777777778,1.6666666666666667,0
688,True,13,Casa,11,Ineficiente,52.92307692307692,62.54545454545455,1.181818181818182,1
280,False,6,Casa,1,Eficiente,46.66666666666666,280.0,6.0,0
203,True,4,Apartamento,6,Eficiente,50.75,33.833333333333336,0.6666666666666666,1
266,True,13,Apartamento,6,Moderado,20.46153846153846,44.333333333333336,2.1666666666666665,1
405,False,8,Apartamento,2,Eficiente,50.625,202.5,4.0,0
543,True,4,Apartamento,11,Ineficiente,135.75,49.36363636363637,0.3636363636363636,1
428,True,7,Casa,8,Moderado,61.142857142857146,53.5,0.875,1
482,True,4,Casa,6,Ineficiente,120.5,80.33333333333333,0.6666666666666666,1
425,False,5,Casa,11,Moderado,85.0,38.63636363636363,0.4545454545454545,0
590,True,13,Apartamento,10,Ineficiente,45.38461538461539,59.0,1.3,1
226,False,8,Apartamento,9,Eficiente,28.25,25.11111111111111,0.8888888888888888,0
227,False,3,Casa,10,Eficiente,75.66666666666667,22.7,0.3,0
568,True,8,Casa,5,Ineficiente,71.0,113.6,1.6,1
630,False,5,Comércio,7,Ineficiente,126.0,90.0,0.7142857142857143,0
417,True,9,Apartamento,6,Moderado,46.333333333333336,69.5,1.5,1
552,False,4,Apartamento,11,Ineficiente,138.0,50.18181818181818,0.3636363636363636,0
230,True,16,Casa,5,Moderado,14.375,46.0,3.2,1
494,False,8,Casa,6,Moderado,61.75,82.33333333333333,1.3333333333333333,0
377,True,10,Comércio,4,Moderado,37.7,94.25,2.5,1
690,True,17,Apartamento,3,Ineficiente,40.588235294117645,230.0,5.666666666666667,1
342,True,17,Casa,1,Moderado,20.11764705882353,342.0,17.0,1
223,True,17,Apartamento,1,Moderado,13.117647058823527,223.0,17.0,1
425,False,3,Apartamento,6,Eficiente,141.66666666666666,70.83333333333333,0.5,0
651,True,13,Casa,9,Ineficiente,50.07692307692308,72.33333333333333,1.4444444444444444,1
81,False,13,Casa,8,Moderado,6.230769230769231,10.125,1.625,0
383,True,15,Casa,2,Moderado,25.53333333333333,191.5,7.5,1
333,True,11,Casa,9,Ineficiente,30.272727272727277,37.0,1.2222222222222223,1
532,False,7,Apartamento,8,Ineficiente,76.0,66.5,0.875,0
116,True,7,Casa,9,Moderado,16.571428571428573,12.88888888888889,0.7777777777777778,1
239,False,15,Apartamento,4,Eficiente,15.933333333333334,59.75,3.75,0
88,False,14,Comércio,9,Moderado,6.285714285714286,9.77777777777778,1.5555555555555556,0
312,False,7,Casa,2,Eficiente,44.57142857142857,156.0,3.5,0
178,True,8,Apartamento,1,Eficiente,22.25,178.0,8.0,1
287,False,4,Apartamento,9,Eficiente,71.75,31.88888888888889,0.4444444444444444,0
210,False,8,Apartamento,10,Eficiente,26.25,21.0,0.8,0
483,False,16,Apartamento,8,Ineficiente,30.1875,60.375,2.0,0
231,True,13,Casa,7,Moderado,17.76923076923077,33.0,1.8571428571428568,1
133,False,6,Apartamento,8,Eficiente,22.166666666666668,16.625,0.75,0
199,False,10,Apartamento,1,Eficiente,19.9,199.0,10.0,0
666,False,15,Comércio,9,Ineficiente,44.4,74.0,1.6666666666666667,0
499,True,13,Casa,10,Ineficiente,38.38461538461539,49.9,1.3,1
501,True,11,Comércio,11,Ineficiente,45.54545454545455,45.54545454545455,1.0,1
183,False,11,Casa,9,Moderado,16.636363636363637,20.33333333333333,1.2222222222222223,0
333,True,10,Comércio,11,Ineficiente,33.3,30.272727272727277,0.9090909090909092,1
306,False,5,Apartamento,9,Moderado,61.2,34.0,0.5555555555555556,0
191,True,12,Apartamento,6,Moderado,15.916666666666666,31.83333333333333,2.0,1
589,True,13,Apartamento,4,Ineficiente,45.30769230769231,147.25,3.25,1
552,True,13,Casa,2,Ineficiente,42.46153846153846,276.0,6.5,1
178,True,6,Casa,11,Moderado,29.666666666666668,16.181818181818183,0.5454545454545454,1
232,False,3,Casa,4,Eficiente,77.33333333333333,58.0,0.75,0
417,False,11,Casa,7,Moderado,37.90909090909091,59.57142857142857,1.5714285714285714,0
242,False,7,Casa,1,Eficiente,34.57142857142857,242.0,7.0,0
240,True,8,Apartamento,9,Moderado,30.0,26.666666666666668,0.8888888888888888,1
659,False,5,Apartamento,3,Moderado,131.8,219.66666666666663,1.6666666666666667,0
477,False,13,Casa,4,Ineficiente,36.69230769230769,119.25,3.25,0
356,False,12,Comércio,5,Moderado,29.666666666666668,71.2,2.4,0
583,True,10,Apartamento,3,Ineficiente,58.3,194.33333333333331,3.333333333333333,1
471,False,17,Comércio,4,Ineficiente,27.705882352941178,117.75,4.25,0
214,False,9,Apartamento,5,Eficiente,23.77777777777778,42.8,1.8,0
274,False,3,Casa,1,Eficiente,91.33333333333331,274.0,3.0,0
480,True,12,Apartamento,9,Ineficiente,40.0,53.333333333333336,1.3333333333333333,1
112,False,14,Apartamento,10,Moderado,8.0,11.2,1.4,0
539,False,7,Casa,10,Ineficiente,77.0,53.9,0.7,0
549,True,12,Casa,4,Ineficiente,45.75,137.25,3.0,1
454,True,11,Casa,9,Ineficiente,41.27272727272727,50.44444444444444,1.2222222222222223,1
101,True,14,Casa,4,Moderado,7.214285714285714,25.25,3.5,1
117,True,13,Casa,1,Moderado,9.0,117.0,13.0,1
309,True,14,Apartamento,5,Moderado,22.071428571428573,61.8,2.8,1
444,False,8,Casa,9,Moderado,55.5,49.333333333333336,0.8888888888888888,0
642,False,10,Apartamento,3,Moderado,64.2,214.0,3.333333333333333,0
517,False,12,Apartamento,5,Ineficiente,43.083333333333336,103.4,2.4,0
362,False,3,Casa,3,Eficiente,120.66666666666669,120.66666666666669,1.0,0
106,True,12,Casa,3,Moderado,8.833333333333334,35.333333333333336,4.0,1
305,True,13,Casa,1,Moderado,23.46153846153846,305.0,13.0,1
356,False,9,Casa,2,Eficiente,39.55555555555556,178.0,4.5,0
688,True,5,Casa,2,Ineficiente,137.6,344.0,2.5,1
363,True,11,Casa,9,Ineficiente,33.0,40.333333333333336,1.2222222222222223,1
560,True,8,Apartamento,7,Ineficiente,70.0,80.0,1.1428571428571428,1
532,True,7,Apartamento,8,Ineficiente,76.0,66.5,0.875,1
595,False,10,Casa,2,Moderado,59.5,297.5,5.0,0
626,True,10,Casa,9,Ineficiente,62.6,69.55555555555556,1.1111111111111112,1
271,True,14,Apartamento,3,Moderado,19.357142857142858,90.33333333333331,4.666666666666667,1
128,True,14,Comércio,10,Ineficiente,9.142857142857142,12.8,1.4,1
591,False,5,Apartamento,2,Moderado,118.2,295.5,2.5,0
96,True,4,Apartamento,1,Eficiente,24.0,96.0,4.0,1
251,False,17,Casa,9,Moderado,14.764705882352942,27.88888888888889,1.8888888888888888,0
299,True,4,Casa,8,Moderado,74.75,37.375,0.5,1
237,True,16,Comércio,11,Ineficiente,14.8125,21.545454545454547,1.4545454545454546,1
556,True,7,Casa,4,Ineficiente,79.42857142857143,139.0,1.75,1
125,True,12,Comércio,7,Ineficiente,10.416666666666666,17.857142857142858,1.7142857142857142,1
452,True,14,Apartamento,3,Ineficiente,32.285714285714285,150.66666666666666,4.666666666666667,1
597,True,9,Apartamento,3,Ineficiente,66.33333333333333,199.0,3.0,1
178,False,10,Casa,4,Eficiente,17.8,44.5,2.5,0
116,True,12,Apartamento,2,Moderado,9.666666666666666,58.0,6.0,1
359,False,17,Apartamento,10,Moderado,21.11764705882353,35.9,1.7,0
428,True,10,Casa,4,Moderado,42.8,107.0,2.5,1
576,True,15,Casa,10,Ineficiente,38.4,57.6,1.5,1
381,True,14,Comércio,3,Ineficiente,27.214285714285715,127.0,4.666666666666667,1
260,False,10,Apartamento,8,Eficiente,26.0,32.5,1.25,0
686,True,17,Casa,11,Ineficiente,40.35294117647059,62.36363636363637,1.5454545454545454,1
178,True,12,Casa,2,Moderado,14.833333333333334,89.0,6.0,1
195,True,14,Apartamento,11,Moderado,13.928571428571429,17.727272727272727,1.2727272727272727,1
270,True,13,Apartamento,9,Moderado,20.76923076923077,30.0,1.4444444444444444,1
332,True,5,Apartamento,3,Moderado,66.4,110.66666666666669,1.6666666666666667,1
240,False,16,Apartamento,4,Eficiente,15.0,60.0,4.0,0
335,True,13,Casa,10,Ineficiente,25.76923076923077,33.5,1.3,1
402,True,4,Apartamento,10,Moderado,100.5,40.2,0.4,1
207,False,15,Casa,3,Eficiente,13.8,69.0,5.0,0
97,True,6,Comércio,3,Eficiente,16.166666666666668,32.333333333333336,2.0,1
645,True,17,Apartamento,8,Ineficiente,37.94117647058823,80.625,2.125,1
649,True,3,Casa,8,Ineficiente,216.33333333333331,81.125,0.375,1
402,False,5,Casa,6,Eficiente,80.4,67.0,0.8333333333333334,0
367,True,13,Apartamento,4,Moderado,28.23076923076923,91.75,3.25,1
234,True,11,Casa,1,Moderado,21.272727272727277,234.0,11.0,1
569,True,9,Casa,4,Ineficiente,63.22222222222222,142.25,2.25,1
465,False,9,Apartamento,8,Ineficiente,51.66666666666666,58.125,1.125,0
183,True,3,Casa,6,Eficiente,61.0,30.5,0.5,1
472,False,9,Apartamento,2,Moderado,52.44444444444444,236.0,4.5,0
325,False,12,Casa,3,Moderado,27.08333333333333,108.33333333333331,4.0,0
255,False,9,Apartamento,7,Eficiente,28.33333333333333,36.42857142857143,1.2857142857142858,0
118,True,6,Casa,11,Moderado,19.666666666666668,10.727272727272728,0.5454545454545454,1
556,True,9,Casa,11,Ineficiente,61.77777777777778,50.54545454545455,0.8181818181818182,1
617,True,10,Comércio,4,Ineficiente,61.7,154.25,2.5,1
487,True,5,Apartamento,4,Ineficiente,97.4,121.75,1.25,1
604,True,15,Casa,5,Ineficiente,40.266666666666666,120.8,3.0,1
585,False,12,Casa,8,Ineficiente,48.75,73.125,1.5,0
115,True,4,Apartamento,7,Moderado,28.75,16.428571428571427,0.5714285714285714,1
99,True,9,Apartamento,9,Moderado,11.0,11.0,1.0,1
400,False,7,Comércio,5,Eficiente,57.142857142857146,80.0,1.4,0
591,False,7,Comércio,1,Moderado,84.42857142857143,591.0,7.0,0
479,True,16,Apartamento,4,Ineficiente,29.9375,119.75,4.0,1
550,False,7,Casa,6,Moderado,78.57142857142857,91.66666666666669,1.1666666666666667,0
222,True,17,Apartamento,6,Moderado,13.058823529411764,37.0,2.833333333333333,1
171,False,9,Apartamento,9,Eficiente,19.0,19.0,1.0,0
433,False,11,Casa,10,Moderado,39.36363636363637,43.3,1.1,0
130,False,13,Casa,5,Eficiente,10.0,26.0,2.6,0
654,False,10,Casa,5,Moderado,65.4,130.8,2.0,0
269,True,8,Casa,6,Eficiente,33.625,44.833333333333336,1.3333333333333333,1
204,True,9,Casa,11,Moderado,22.666666666666668,18.545454545454547,0.8181818181818182,1
229,False,11,Apartamento,6,Eficiente,20.818181818181817,38.16666666666666,1.8333333333333333,0
393,True,16,Apartamento,3,Moderado,24.5625,131.0,5.333333333333333,1
649,False,13,Apartamento,6,Ineficiente,49.92307692307692,108.16666666666669,2.1666666666666665,0
421,True,8,Casa,8,Moderado,52.625,52.625,1.0,1
384,True,3,Casa,6,Moderado,128.0,64.0,0.5,1
133,True,6,Apartamento,11,Moderado,22.166666666666668,12.090909090909092,0.5454545454545454,1
523,True,10,Casa,5,Ineficiente,52.3,104.6,2.0,1
692,False,9,Apartamento,3,Moderado,76.88888888888889,230.66666666666663,3.0,0
343,False,5,Comércio,1,Eficiente,68.6,343.0,5.0,0
132,False,12,Casa,5,Eficiente,11.0,26.4,2.4,0
651,False,5,Casa,6,Moderado,130.2,108.5,0.8333333333333334,0
699,False,13,Apartamento,6,Ineficiente,53.76923076923077,116.5,2.1666666666666665,0
84,False,5,Comércio,6,Eficiente,16.8,14.0,0.8333333333333334,0
182,True,14,Apartamento,3,Moderado,13.0,60.66666666666666,4.666666666666667,1
275,False,17,Comércio,4,Eficiente,16.176470588235293,68.75,4.25,0
429,True,3,Casa,3,Moderado,143.0,143.0,1.0,1
126,True,17,Comércio,2,Moderado,7.411764705882353,63.0,8.5,1
348,False,12,Casa,8,Moderado,29.0,43.5,1.5,0
449,True,3,Casa,7,Moderado,149.66666666666666,64.14285714285714,0.4285714285714285,1
185,True,8,Comércio,11,Moderado,23.125,16.818181818181817,0.7272727272727273,1
199,True,16,Comércio,8,Ineficiente,12.4375,24.875,2.0,1
683,True,16,Casa,6,Ineficiente,42.6875,113.83333333333331,2.6666666666666665,1
137,False,3,Casa,11,Eficiente,45.66666666666666,12.454545454545457,0.2727272727272727,0
425,True,7,Casa,7,Moderado,60.71428571428572,60.71428571428572,1.0,1
553,True,6,Casa,1,Ineficiente,92.16666666666669,553.0,6.0,1
196,True,7,Casa,10,Moderado,28.0,19.6,0.7,1
206,True,9,Comércio,5,Eficiente,22.88888888888889,41.2,1.8,1
472,False,8,Apartamento,4,Moderado,59.0,118.0,2.0,0
137,True,14,Apartamento,10,Moderado,9.785714285714286,13.7,1.4,1
592,True,11,Apartamento,3,Ineficiente,53.81818181818182,197.33333333333331,3.6666666666666665,1
175,False,8,Apartamento,2,Eficiente,21.875,87.5,4.0,0
197,False,11,Apartamento,9,Moderado,17.90909090909091,21.88888888888889,1.2222222222222223,0
639,False,6,Apartamento,8,Ineficiente,106.5,79.875,0.75,0
680,False,3,Casa,10,Ineficiente,226.66666666666663,68.0,0.3,0
567,True,3,Apartamento,2,Ineficiente,189.0,283.5,1.5,1
316,True,12,Apartamento,6,Moderado,26.33333333333333,52.66666666666666,2.0,1
351,True,9,Apartamento,3,Moderado,39.0,117.0,3.0,1
268,False,15,Comércio,3,Eficiente,17.866666666666667,89.33333333333333,5.0,0
526,True,15,Casa,5,Ineficiente,35.06666666666667,105.2,3.0,1
660,True,15,Apartamento,7,Ineficiente,44.0,94.28571428571428,2.142857142857143,1
326,True,5,Casa,7,Moderado,65.2,46.57142857142857,0.7142857142857143,1
155,True,4,Apartamento,11,Moderado,38.75,14.090909090909092,0.3636363636363636,1
233,True,16,Casa,10,Moderado,14.5625,23.3,1.6,1
514,False,8,Casa,1,Moderado,64.25,514.0,8.0,0
165,True,8,Casa,11,Moderado,20.625,15.0,0.7272727272727273,1
364,False,15,Apartamento,7,Moderado,24.266666666666666,52.0,2.142857142857143,0
299,False,9,Casa,7,Eficiente,33.22222222222222,42.71428571428572,1.2857142857142858,0
148,True,7,Comércio,6,Eficiente,21.142857142857142,24.666666666666668,1.1666666666666667,1
126,True,10,Casa,6,Eficiente,12.6,21.0,1.6666666666666667,1
173,True,9,Comércio,2,Eficiente,19.22222222222222,86.5,4.5,1
532,True,4,Apartamento,3,Ineficiente,133.0,177.33333333333334,1.3333333333333333,1
283,False,17,Casa,3,Eficiente,16.647058823529413,94.33333333333331,5.666666666666667,0
297,True,3,Casa,3,Eficiente,99.0,99.0,1.0,1
553,True,15,Apartamento,2,Ineficiente,36.86666666666667,276.5,7.5,1
511,True,16,Apartamento,9,Ineficiente,31.9375,56.77777777777778,1.7777777777777777,1
420,False,11,Apartamento,6,Moderado,38.18181818181818,70.0,1.8333333333333333,0
630,False,7,Casa,2,Moderado,90.0,315.0,3.5,0
691,False,14,Apartamento,3,Ineficiente,49.35714285714285,230.33333333333331,4.666666666666667,0
368,False,13,Comércio,10,Ineficiente,28.307692307692307,36.8,1.3,0
333,True,7,Casa,6,Moderado,47.57142857142857,55.5,1.1666666666666667,1
436,False,14,Casa,4,Moderado,31.142857142857142,109.0,3.5,0
102,True,12,Casa,7,Moderado,8.5,14.571428571428571,1.7142857142857142,1
601,False,6,Apartamento,6,Moderado,100.16666666666669,100.16666666666669,1.0,0
179,False,4,Apartamento,6,Eficiente,44.75,29.83333333333333,0.6666666666666666,0
259,True,7,Casa,3,Eficiente,37.0,86.33333333333333,2.333333333333333,1
302,False,4,Casa,11,Moderado,75.5,27.454545454545453,0.3636363636363636,0
521,False,14,Casa,8,Ineficiente,37.21428571428572,65.125,1.75,0
687,True,9,Casa,9,Ineficiente,76.33333333333333,76.33333333333333,1.0,1
404,False,13,Casa,6,Moderado,31.07692307692308,67.33333333333333,2.1666666666666665,0
595,True,11,Comércio,2,Ineficiente,54.09090909090909,297.5,5.5,1
95,False,11,Apartamento,1,Eficiente,8.636363636363637,95.0,11.0,0
415,True,13,Casa,3,Moderado,31.923076923076923,138.33333333333334,4.333333333333333,1
337,True,8,Comércio,3,Moderado,42.125,112.33333333333331,2.6666666666666665,1
576,False,3,Apartamento,8,Ineficiente,192.0,72.0,0.375,0
239,False,15,Apartamento,5,Eficiente,15.933333333333334,47.8,3.0,0
554,False,8,Casa,1,Moderado,69.25,554.0,8.0,0
459,True,7,Casa,11,Ineficiente,65.57142857142857,41.72727272727273,0.6363636363636364,1
624,False,6,Comércio,4,Moderado,104.0,156.0,1.5,0
506,True,14,Apartamento,7,Ineficiente,36.142857142857146,72.28571428571429,2.0,1
692,False,8,Casa,5,Moderado,86.5,138.4,1.6,0
347,True,8,Apartamento,10,Moderado,43.375,34.7,0.8,1
656,True,16,Comércio,6,Ineficiente,41.0,109.33333333333331,2.6666666666666665,1
496,False,8,Casa,10,Ineficiente,62.0,49.6,0.8,0
247,True,4,Apartamento,4,Eficiente,61.75,61.75,1.0,1
122,True,17,Comércio,2,Moderado,7.176470588235294,61.0,8.5,1
635,True,16,Casa,9,Ineficiente,39.6875,70.55555555555556,1.7777777777777777,1
364,True,9,Apartamento,2,Moderado,40.44444444444444,182.0,4.5,1
476,True,16,Apartamento,2,Ineficiente,29.75,238.0,8.0,1
91,True,6,Apartamento,2,Eficiente,15.166666666666666,45.5,3.0,1
686,True,15,Casa,1,Ineficiente,45.73333333333333,686.0,15.0,1
381,True,17,Casa,3,Moderado,22.41176470588235,127.0,5.666666666666667,1
332,False,14,Apartamento,6,Moderado,23.714285714285715,55.333333333333336,2.333333333333333,0
578,True,11,Casa,7,Ineficiente,52.54545454545455,82.57142857142857,1.5714285714285714,1
114,False,12,Casa,1,Eficiente,9.5,114.0,12.0,0
169,False,4,Casa,5,Eficiente,42.25,33.8,0.8,0
684,True,7,Casa,5,Ineficiente,97.71428571428572,136.8,1.4,1
681,False,16,Comércio,1,Ineficiente,42.5625,681.0,16.0,0
497,False,6,Casa,4,Moderado,82.83333333333333,124.25,1.5,0
194,False,11,Comércio,10,Moderado,17.636363636363637,19.4,1.1,0
696,False,6,Casa,1,Moderado,116.0,696.0,6.0,0
275,True,10,Apartamento,1,Eficiente,27.5,275.0,10.0,1
580,False,10,Casa,7,Ineficiente,58.0,82.85714285714286,1.4285714285714286,0
572,False,8,Apartamento,7,Ineficiente,71.5,81.71428571428571,1.1428571428571428,0
154,False,8,Apartamento,3,Eficiente,19.25,51.333333333333336,2.6666666666666665,0
492,True,13,Casa,7,Ineficiente,37.84615384615385,70.28571428571429,1.8571428571428568,1
455,False,10,Comércio,3,Moderado,45.5,151.66666666666666,3.333333333333333,0
499,False,14,Casa,2,Ineficiente,35.642857142857146,249.5,7.0,0
356,True,15,Apartamento,10,Ineficiente,23.73333333333333,35.6,1.5,1
473,True,14,Comércio,4,Ineficiente,33.785714285714285,118.25,3.5,1
536,True,12,Comércio,10,Ineficiente,44.66666666666666,53.6,1.2,1
271,False,11,Comércio,3,Eficiente,24.63636363636364,90.33333333333331,3.6666666666666665,0
178,False,17,Casa,7,Moderado,10.470588235294118,25.428571428571427,2.4285714285714284,0
627,False,7,Casa,1,Moderado,89.57142857142857,627.0,7.0,0
175,True,13,Casa,6,Moderado,13.461538461538462,29.166666666666668,2.1666666666666665,1
269,False,3,Apartamento,2,Eficiente,89.66666666666667,134.5,1.5,0
116,True,3,Apartamento,8,Moderado,38.66666666666666,14.5,0.375,1
448,True,17,Casa,5,Moderado,26.352941176470587,89.6,3.4,1
604,False,4,Apartamento,3,Moderado,151.0,201.33333333333331,1.3333333333333333,0
358,False,12,Casa,10,Moderado,29.83333333333333,35.8,1.2,0
296,False,12,Casa,7,Moderado,24.666666666666668,42.285714285714285,1.7142857142857142,0
352,False,7,Apartamento,11,Moderado,50.285714285714285,32.0,0.6363636363636364,0
141,True,6,Apartamento,2,Eficiente,23.5,70.5,3.0,1
675,True,3,Apartamento,5,Ineficiente,225.0,135.0,0.6,1
421,False,6,Casa,11,Moderado,70.16666666666667,38.27272727272727,0.5454545454545454,0
476,False,6,Apartamento,8,Ineficiente,79.33333333333333,59.5,0.75,0
98,True,12,Casa,11,Moderado,8.166666666666666,8.909090909090908,1.0909090909090908,1
256,True,6,Casa,1,Eficiente,42.66666666666666,256.0,6.0,1
691,True,3,Apartamento,1,Ineficiente,230.33333333333331,691.0,3.0,1
475,False,11,Comércio,3,Ineficiente,43.18181818181818,158.33333333333334,3.6666666666666665,0
524,True,16,Casa,3,Ineficiente,32.75,174.66666666666666,5.333333333333333,1
312,True,5,Casa,7,Moderado,62.4,44.57142857142857,0.7142857142857143,1
155,True,15,Apartamento,6,Moderado,10.333333333333334,25.83333333333333,2.5,1
344,True,6,Casa,7,Moderado,57.333333333333336,49.142857142857146,0.8571428571428571,1
534,False,7,Apartamento,4,Moderado,76.28571428571429,133.5,1.75,0
463,True,15,Apartamento,11,Ineficiente,30.866666666666667,42.09090909090909,1.3636363636363635,1
643,False,15,Casa,2,Ineficiente,42.86666666666667,321.5,7.5,0
585,False,9,Apartamento,2,Moderado,65.0,292.5,4.5,0
446,False,8,Apartamento,10,Moderado,55.75,44.6,0.8,0
223,True,7,Casa,1,Eficiente,31.857142857142858,223.0,7.0,1
148,False,10,Apartamento,9,Eficiente,14.8,16.444444444444443,1.1111111111111112,0
178,False,16,Casa,7,Moderado,11.125,25.428571428571427,2.2857142857142856,0
475,False,3,Apartamento,10,Ineficiente,158.33333333333334,47.5,0.3,0
104,False,9,Casa,3,Eficiente,11.555555555555555,34.666666666666664,3.0,0
548,True,14,Apartamento,2,Ineficiente,39.142857142857146,274.0,7.0,1
563,True,8,Casa,3,Ineficiente,70.375,187.66666666666663,2.6666666666666665,1
644,True,13,Casa,7,Ineficiente,49.53846153846154,92.0,1.8571428571428568,1
230,True,7,Apartamento,5,Eficiente,32.857142857142854,46.0,1.4,1
223,True,9,Casa,3,Eficiente,24.77777777777778,74.33333333333333,3.0,1
648,True,5,Casa,9,Ineficiente,129.6,72.0,0.5555555555555556,1
118,True,3,Casa,2,Eficiente,39.333333333333336,59.0,1.5,1
188,True,11,Casa,7,Moderado,17.09090909090909,26.857142857142858,1.5714285714285714,1
121,True,4,Comércio,10,Moderado,30.25,12.1,0.4,1
265,True,15,Apartamento,6,Moderado,17.666666666666668,44.16666666666666,2.5,1
477,True,12,Casa,6,Ineficiente,39.75,79.5,2.0,1
302,True,17,Apartamento,7,Ineficiente,17.764705882352942,43.142857142857146,2.4285714285714284,1
212,True,5,Apartamento,6,Eficiente,42.4,35.333333333333336,0.8333333333333334,1
242,True,10,Comércio,2,Eficiente,24.2,121.0,5.0,1
294,False,14,Casa,11,Moderado,21.0,26.727272727272727,1.2727272727272727,0
314,True,12,Apartamento,5,Moderado,26.166666666666668,62.8,2.4,1
667,True,11,Apartamento,3,Ineficiente,60.63636363636363,222.33333333333331,3.6666666666666665,1
88,True,15,Apartamento,9,Moderado,5.866666666666666,9.77777777777778,1.6666666666666667,1
153,False,5,Apartamento,8,Eficiente,30.6,19.125,0.625,0
571,False,8,Casa,10,Ineficiente,71.375,57.1,0.8,0
332,False,9,Apartamento,11,Moderado,36.888888888888886,30.181818181818183,0.8181818181818182,0
309,False,17,Apartamento,2,Moderado,18.176470588235293,154.5,8.5,0
598,True,3,Comércio,1,Ineficiente,199.33333333333331,598.0,3.0,1
253,True,16,Casa,4,Moderado,15.8125,63.25,4.0,1
247,True,9,Apartamento,4,Eficiente,27.444444444444443,61.75,2.25,1
249,False,6,Comércio,10,Eficiente,41.5,24.9,0.6,0
472,False,7,Apartamento,11,Ineficiente,67.42857142857143,42.90909090909091,0.6363636363636364,0
273,False,10,Comércio,2,Eficiente,27.3,136.5,5.0,0
596,True,6,Apartamento,7,Ineficiente,99.33333333333331,85.14285714285714,0.8571428571428571,1
108,False,17,Casa,3,Eficiente,6.352941176470588,36.0,5.666666666666667,0
244,True,6,Apartamento,7,Moderado,40.66666666666666,34.857142857142854,0.8571428571428571,1
501,True,10,Casa,7,Ineficiente,50.1,71.57142857142857,1.4285714285714286,1
418,True,17,Apartamento,1,Moderado,24.58823529411765,418.0,17.0,1
575,False,7,Casa,6,Moderado,82.14285714285714,95.83333333333331,1.1666666666666667,0
444,True,15,Apartamento,4,Moderado,29.6,111.0,3.75,1
421,False,8,Apartamento,11,Moderado,52.625,38.27272727272727,0.7272727272727273,0
579,True,14,Casa,8,Ineficiente,41.35714285714285,72.375,1.75,1
590,False,13,Casa,8,Ineficiente,45.38461538461539,73.75,1.625,0
406,True,16,Comércio,3,Ineficiente,25.375,135.33333333333334,5.333333333333333,1
296,True,7,Casa,4,Eficiente,42.285714285714285,74.0,1.75,1
380,False,3,Casa,1,Eficiente,126.66666666666669,380.0,3.0,0
211,False,9,Casa,10,Eficiente,23.444444444444443,21.1,0.9,0
149,False,8,Comércio,2,Eficiente,18.625,74.5,4.0,0
331,False,4,Comércio,7,Moderado,82.75,47.285714285714285,0.5714285714285714,0
494,False,13,Apartamento,11,Ineficiente,38.0,44.90909090909091,1.181818181818182,0
524,True,9,Comércio,7,Ineficiente,58.22222222222222,74.85714285714286,1.2857142857142858,1
261,False,8,Casa,9,Eficiente,32.625,29.0,0.8888888888888888,0
246,True,7,Comércio,10,Moderado,35.142857142857146,24.6,0.7,1
170,True,10,Casa,9,Moderado,17.0,18.88888888888889,1.1111111111111112,1
610,True,7,Casa,9,Ineficiente,87.14285714285714,67.77777777777777,0.7777777777777778,1
118,False,13,Casa,6,Eficiente,9.076923076923077,19.666666666666668,2.1666666666666665,0
205,False,4,Apartamento,8,Eficiente,51.25,25.625,0.5,0
530,True,8,Apartamento,9,Ineficiente,66.25,58.888888888888886,0.8888888888888888,1
252,False,16,Casa,7,Moderado,15.75,36.0,2.2857142857142856,0
299,False,14,Comércio,4,Eficiente,21.357142857142858,74.75,3.5,0
137,True,3,Casa,4,Eficiente,45.66666666666666,34.25,0.75,1
555,True,7,Casa,6,Ineficiente,79.28571428571429,92.5,1.1666666666666667,1
535,False,16,Apartamento,11,Ineficiente,33.4375,48.63636363636363,1.4545454545454546,0
440,True,8,Apartamento,4,Moderado,55.0,110.0,2.0,1
80,False,17,Apartamento,11,Moderado,4.705882352941177,7.272727272727272,1.5454545454545454,0
466,True,9,Apartamento,7,Ineficiente,51.77777777777778,66.57142857142857,1.2857142857142858,1
427,True,16,Apartamento,8,Ineficiente,26.6875,53.375,2.0,1
269,False,4,Casa,8,Eficiente,67.25,33.625,0.5,0
584,False,3,Apartamento,8,Ineficiente,194.66666666666663,73.0,0.375,0
270,False,8,Comércio,2,Eficiente,33.75,135.0,4.0,0
587,False,5,Casa,10,Ineficiente,117.4,58.7,0.5,0
448,False,7,Comércio,2,Eficiente,64.0,224.0,3.5,0
488,False,14,Apartamento,2,Ineficiente,34.857142857142854,244.0,7.0,0
196,True,17,Casa,2,Moderado,11.529411764705882,98.0,8.5,1
213,True,13,Comércio,4,Moderado,16.384615384615383,53.25,3.25,1
137,True,15,Apartamento,5,Moderado,9.133333333333333,27.4,3.0,1
635,False,17,Casa,4,Ineficiente,37.35294117647059,158.75,4.25,0
252,True,4,Casa,5,Eficiente,63.0,50.4,0.8,1
228,False,17,Casa,4,Eficiente,13.411764705882351,57.0,4.25,0
159,True,3,Apartamento,7,Moderado,53.0,22.714285714285715,0.4285714285714285,1
292,False,3,Apartamento,10,Eficiente,97.33333333333331,29.2,0.3,0
282,False,15,Comércio,1,Eficiente,18.8,282.0,15.0,0
308,True,13,Casa,1,Moderado,23.692307692307693,308.0,13.0,1
306,False,6,Casa,2,Eficiente,51.0,153.0,3.0,0
611,True,12,Casa,1,Ineficiente,50.91666666666666,611.0,12.0,1
520,True,15,Apartamento,10,Ineficiente,34.666666666666664,52.0,1.5,1
481,False,4,Comércio,10,Ineficiente,120.25,48.1,0.4,0
126,True,3,Apartamento,11,Moderado,42.0,11.454545454545457,0.2727272727272727,1
312,False,8,Casa,3,Eficiente,39.0,104.0,2.6666666666666665,0
384,True,16,Comércio,6,Ineficiente,24.0,64.0,2.6666666666666665,1
605,True,6,Apartamento,10,Ineficiente,100.83333333333331,60.5,0.6,1
222,False,12,Casa,11,Moderado,18.5,20.181818181818183,1.0909090909090908,0
494,True,15,Apartamento,6,Ineficiente,32.93333333333333,82.33333333333333,2.5,1
592,False,14,Casa,1,Ineficiente,42.285714285714285,592.0,14.0,0
452,False,17,Casa,6,Ineficiente,26.58823529411765,75.33333333333333,2.833333333333333,0
645,True,9,Casa,5,Ineficiente,71.66666666666667,129.0,1.8,1
338,True,13,Apartamento,7,Ineficiente,26.0,48.285714285714285,1.8571428571428568,1
550,True,8,Casa,6,Ineficiente,68.75,91.66666666666669,1.3333333333333333,1
91,True,7,Casa,7,Moderado,13.0,13.0,1.0,1
409,True,12,Casa,2,Moderado,34.083333333333336,204.5,6.0,1
437,True,14,Apartamento,1,Moderado,31.214285714285715,437.0,14.0,1
487,True,15,Comércio,7,Ineficiente,32.46666666666667,69.57142857142857,2.142857142857143,1
452,True,14,Apartamento,9,Ineficiente,32.285714285714285,50.22222222222222,1.5555555555555556,1
87,False,14,Casa,2,Eficiente,6.214285714285714,43.5,7.0,0
201,False,14,Casa,7,Moderado,14.357142857142858,28.714285714285715,2.0,0
427,False,4,Casa,3,Eficiente,106.75,142.33333333333334,1.3333333333333333,0
169,True,7,Casa,6,Eficiente,24.142857142857142,28.166666666666668,1.1666666666666667,1
395,False,11,Apartamento,3,Moderado,35.90909090909091,131.66666666666666,3.6666666666666665,0
257,True,11,Apartamento,10,Moderado,23.363636363636363,25.7,1.1,1
619,False,4,Apartamento,11,Ineficiente,154.75,56.27272727272727,0.3636363636363636,0
120,False,9,Apartamento,11,Eficiente,13.333333333333334,10.909090909090908,0.8181818181818182,0
581,True,12,Casa,11,Ineficiente,48.41666666666666,52.81818181818182,1.0909090909090908,1
224,False,16,Casa,5,Eficiente,14.0,44.8,3.2,0
280,False,6,Apartamento,2,Eficiente,46.66666666666666,140.0,3.0,0
540,False,15,Casa,8,Ineficiente,36.0,67.5,1.875,0
637,False,15,Casa,8,Ineficiente,42.46666666666667,79.625,1.875,0
626,True,5,Casa,7,Ineficiente,125.2,89.42857142857143,0.7142857142857143,1
332,True,13,Casa,6,Moderado,25.53846153846154,55.333333333333336,2.1666666666666665,1
469,True,3,Casa,1,Ineficiente,156.33333333333334,469.0,3.0,1
673,False,5,Apartamento,8,Ineficiente,134.6,84.125,0.625,0
335,True,13,Comércio,1,Ineficiente,25.76923076923077,335.0,13.0,1
529,False,11,Casa,8,Ineficiente,48.09090909090909,66.125,1.375,0
89,True,16,Casa,11,Moderado,5.5625,8.090909090909092,1.4545454545454546,1
321,True,17,Apartamento,2,Moderado,18.88235294117647,160.5,8.5,1
330,True,11,Casa,8,Ineficiente,30.0,41.25,1.375,1
84,False,9,Casa,10,Eficiente,9.333333333333334,8.4,0.9,0
198,True,5,Casa,4,Eficiente,39.6,49.5,1.25,1
453,True,15,Casa,7,Ineficiente,30.2,64.71428571428571,2.142857142857143,1
144,True,5,Apartamento,5,Eficiente,28.8,28.8,1.0,1
225,True,6,Apartamento,8,Moderado,37.5,28.125,0.75,1
303,True,9,Casa,6,Moderado,33.666666666666664,50.5,1.5,1
318,False,9,Casa,5,Eficiente,35.333333333333336,63.6,1.8,0
256,True,14,Casa,1,Moderado,18.285714285714285,256.0,14.0,1
361,True,14,Casa,3,Moderado,25.785714285714285,120.33333333333331,4.666666666666667,1
142,False,16,Comércio,10,Moderado,8.875,14.2,1.6,0
296,False,4,Apartamento,9,Eficiente,74.0,32.888888888888886,0.4444444444444444,0
540,False,14,Apartamento,9,Ineficiente,38.57142857142857,60.0,1.5555555555555556,0
689,True,17,Apartamento,5,Ineficiente,40.52941176470589,137.8,3.4,1
184,False,7,Apartamento,3,Eficiente,26.285714285714285,61.333333333333336,2.333333333333333,0
178,False,9,Apartamento,6,Eficiente,19.77777777777778,29.666666666666668,1.5,0
590,False,9,Casa,5,Moderado,65.55555555555556,118.0,1.8,0
464,True,8,Casa,1,Ineficiente,58.0,464.0,8.0,1
484,False,12,Apartamento,2,Ineficiente,40.333333333333336,242.0,6.0,0
597,False,12,Casa,5,Ineficiente,49.75,119.4,2.4,0
555,True,14,Comércio,9,Ineficiente,39.642857142857146,61.66666666666666,1.5555555555555556,1
516,True,10,Apartamento,4,Ineficiente,51.6,129.0,2.5,1
102,False,5,Comércio,9,Eficiente,20.4,11.333333333333334,0.5555555555555556,0
644,False,17,Casa,3,Ineficiente,37.88235294117647,214.66666666666663,5.666666666666667,0
537,True,3,Comércio,1,Ineficiente,179.0,537.0,3.0,1
162,False,5,Casa,6,Eficiente,32.4,27.0,0.8333333333333334,0
224,True,13,Comércio,10,Ineficiente,17.23076923076923,22.4,1.3,1
164,True,4,Casa,7,Moderado,41.0,23.428571428571427,0.5714285714285714,1
157,False,4,Apartamento,4,Eficiente,39.25,39.25,1.0,0
536,True,16,Apartamento,10,Ineficiente,33.5,53.6,1.6,1
80,True,16,Casa,5,Moderado,5.0,16.0,3.2,1
130,False,4,Apartamento,4,Eficiente,32.5,32.5,1.0,0
525,True,7,Comércio,3,Ineficiente,75.0,175.0,2.333333333333333,1
528,True,15,Casa,1,Ineficiente,35.2,528.0,15.0,1
567,False,3,Apartamento,6,Moderado,189.0,94.5,0.5,0
113,False,12,Casa,10,Moderado,9.416666666666666,11.3,1.2,0
427,False,6,Apartamento,5,Eficiente,71.16666666666667,85.4,1.2,0
174,False,16,Apartamento,11,Moderado,10.875,15.818181818181818,1.4545454545454546,0
151,True,12,Casa,1,Moderado,12.583333333333334,151.0,12.0,1
630,False,7,Casa,5,Moderado,90.0,126.0,1.4,0
233,True,4,Apartamento,6,Eficiente,58.25,38.833333333333336,0.6666666666666666,1
329,False,7,Casa,10,Moderado,47.0,32.9,0.7,0
517,True,12,Casa,5,Ineficiente,43.083333333333336,103.4,2.4,1
197,False,17,Apartamento,1,Eficiente,11.588235294117649,197.0,17.0,0
385,True,6,Casa,5,Moderado,64.16666666666667,77.0,1.2,1
347,True,10,Casa,10,Moderado,34.7,34.7,1.0,1
133,False,3,Apartamento,1,Eficiente,44.333333333333336,133.0,3.0,0
315,False,17,Casa,11,Moderado,18.529411764705884,28.63636363636364,1.5454545454545454,0
468,False,14,Casa,3,Ineficiente,33.42857142857143,156.0,4.666666666666667,0
480,True,7,Casa,2,Ineficiente,68.57142857142857,240.0,3.5,1
382,True,16,Apartamento,1,Moderado,23.875,382.0,16.0,1
286,False,16,Apartamento,4,Eficiente,17.875,71.5,4.0,0
308,False,13,Apartamento,2,Moderado,23.692307692307693,154.0,6.5,0
657,False,14,Casa,5,Ineficiente,46.92857142857143,131.4,2.8,0
154,False,12,Casa,10,Moderado,12.833333333333334,15.4,1.2,0
514,False,3,Casa,1,Moderado,171.33333333333334,514.0,3.0,0
182,False,12,Casa,10,Moderado,15.166666666666666,18.2,1.2,0
501,False,12,Comércio,1,Ineficiente,41.75,501.0,12.0,0
385,False,6,Casa,11,Moderado,64.16666666666667,35.0,0.5454545454545454,0
177,False,10,Casa,10,Eficiente,17.7,17.7,1.0,0
414,False,3,Casa,4,Eficiente,138.0,103.5,0.75,0
514,False,13,Apartamento,7,Ineficiente,39.53846153846154,73.42857142857143,1.8571428571428568,0
526,False,17,Apartamento,2,Ineficiente,30.94117647058824,263.0,8.5,0
387,True,4,Apartamento,2,Moderado,96.75,193.5,2.0,1
328,True,3,Comércio,1,Moderado,109.33333333333331,328.0,3.0,1
245,False,13,Apartamento,5,Eficiente,18.846153846153847,49.0,2.6,0
560,False,9,Casa,6,Moderado,62.22222222222222,93.33333333333331,1.5,0
414,False,4,Casa,6,Eficiente,103.5,69.0,0.6666666666666666,0
621,False,3,Apartamento,2,Moderado,207.0,310.5,1.5,0
185,False,17,Apartamento,7,Moderado,10.882352941176473,26.428571428571427,2.4285714285714284,0
642,True,14,Apartamento,6,Ineficiente,45.85714285714285,107.0,2.333333333333333,1
160,False,8,Apartamento,8,Eficiente,20.0,20.0,1.0,0
212,False,8,Apartamento,6,Eficiente,26.5,35.333333333333336,1.3333333333333333,0
217,True,12,Comércio,9,Ineficiente,18.08333333333333,24.11111111111111,1.3333333333333333,1
263,True,4,Apartamento,10,Moderado,65.75,26.3,0.4,1
480,True,17,Apartamento,2,Ineficiente,28.235294117647054,240.0,8.5,1
409,True,3,Casa,7,Moderado,136.33333333333334,58.42857142857143,0.4285714285714285,1
587,True,16,Apartamento,5,Ineficiente,36.6875,117.4,3.2,1
148,True,12,Comércio,1,Moderado,12.333333333333334,148.0,12.0,1
625,True,5,Casa,3,Ineficiente,125.0,208.33333333333331,1.6666666666666667,1
132,True,12,Apartamento,4,Moderado,11.0,33.0,3.0,1
529,True,16,Apartamento,2,Ineficiente,33.0625,264.5,8.0,1
284,False,7,Casa,7,Eficiente,40.57142857142857,40.57142857142857,1.0,0
205,False,8,Apartamento,1,Eficiente,25.625,205.0,8.0,0
122,False,5,Casa,3,Eficiente,24.4,40.66666666666666,1.6666666666666667,0
190,True,11,Comércio,9,Ineficiente,17.272727272727273,21.11111111111111,1.2222222222222223,1
262,True,13,Apartamento,11,Moderado,20.153846153846157,23.818181818181817,1.181818181818182,1
174,True,7,Casa,2,Eficiente,24.857142857142858,87.0,3.5,1
453,True,15,Casa,5,Ineficiente,30.2,90.6,3.0,1
599,True,4,Apartamento,4,Ineficiente,149.75,149.75,1.0,1
439,True,12,Casa,3,Moderado,36.583333333333336,146.33333333333334,4.0,1
360,True,8,Casa,5,Moderado,45.0,72.0,1.6,1
274,False,14,Apartamento,6,Eficiente,19.571428571428573,45.66666666666666,2.333333333333333,0
274,True,10,Casa,1,Eficiente,27.4,274.0,10.0,1
172,True,13,Casa,2,Moderado,13.23076923076923,86.0,6.5,1
140,False,8,Apartamento,1,Eficiente,17.5,140.0,8.0,0
130,True,6,Comércio,3,Eficiente,21.666666666666668,43.333333333333336,2.0,1
482,True,8,Apartamento,8,Ineficiente,60.25,60.25,1.0,1
84,False,10,Apartamento,8,Eficiente,8.4,10.5,1.25,0
545,False,10,Casa,4,Moderado,54.5,136.25,2.5,0
683,False,15,Casa,6,Ineficiente,45.53333333333333,113.83333333333331,2.5,0
613,True,12,Casa,9,Ineficiente,51.083333333333336,68.11111111111111,1.3333333333333333,1
484,True,4,Apartamento,7,Ineficiente,121.0,69.14285714285714,0.5714285714285714,1
592,True,10,Comércio,2,Ineficiente,59.2,296.0,5.0,1
312,True,8,Apartamento,11,Moderado,39.0,28.363636363636363,0.7272727272727273,1
603,False,4,Comércio,2,Moderado,150.75,301.5,2.0,0
425,False,3,Apartamento,3,Eficiente,141.66666666666666,141.66666666666666,1.0,0
125,True,8,Casa,8,Moderado,15.625,15.625,1.0,1
625,False,15,Casa,10,Ineficiente,41.66666666666666,62.5,1.5,0
157,True,9,Casa,9,Moderado,17.444444444444443,17.444444444444443,1.0,1
152,False,16,Casa,3,Eficiente,9.5,50.66666666666666,5.333333333333333,0
328,True,16,Apartamento,9,Ineficiente,20.5,36.44444444444444,1.7777777777777777,1
126,True,12,Casa,10,Moderado,10.5,12.6,1.2,1
200,True,7,Apartamento,8,Moderado,28.571428571428573,25.0,0.875,1
293,False,16,Apartamento,5,Eficiente,18.3125,58.6,3.2,0
318,False,12,Casa,11,Moderado,26.5,28.90909090909091,1.0909090909090908,0
135,True,10,Apartamento,10,Moderado,13.5,13.5,1.0,1
429,True,13,Apartamento,3,Moderado,33.0,143.0,4.333333333333333,1
186,True,15,Casa,11,Moderado,12.4,16.90909090909091,1.3636363636363635,1
127,True,14,Apartamento,7,Moderado,9.071428571428571,18.142857142857142,2.0,1
652,False,11,Apartamento,9,Ineficiente,59.27272727272727,72.44444444444444,1.2222222222222223,0
416,True,6,Apartamento,6,Moderado,69.33333333333333,69.33333333333333,1.0,1
105,True,9,Comércio,3,Eficiente,11.666666666666666,35.0,3.0,1
336,False,10,Comércio,5,Eficiente,33.6,67.2,2.0,0
87,True,15,Comércio,7,Ineficiente,5.8,12.428571428571429,2.142857142857143,1
332,False,8,Casa,8,Moderado,41.5,41.5,1.0,0
382,False,4,Casa,4,Eficiente,95.5,95.5,1.0,0
135,True,9,Casa,2,Eficiente,15.0,67.5,4.5,1
605,False,15,Casa,10,Ineficiente,40.333333333333336,60.5,1.5,0
553,False,11,Comércio,2,Ineficiente,50.27272727272727,276.5,5.5,0
107,True,7,Apartamento,3,Eficiente,15.285714285714286,35.666666666666664,2.333333333333333,1
157,True,17,Casa,8,Moderado,9.235294117647058,19.625,2.125,1
295,True,4,Casa,1,Eficiente,73.75,295.0,4.0,1
465,False,6,Casa,7,Ineficiente,77.5,66.42857142857143,0.8571428571428571,0
444,False,5,Apartamento,6,Eficiente,88.8,74.0,0.8333333333333334,0
605,False,6,Apartamento,2,Moderado,100.83333333333331,302.5,3.0,0
391,False,12,Comércio,9,Ineficiente,32.583333333333336,43.44444444444444,1.3333333333333333,0
86,False,9,Comércio,5,Eficiente,9.555555555555555,17.2,1.8,0
82,False,12,Casa,2,Eficiente,6.833333333333333,41.0,6.0,0
442,True,10,Casa,3,Moderado,44.2,147.33333333333334,3.333333333333333,1
587,True,3,Casa,7,Ineficiente,195.66666666666663,83.85714285714286,0.4285714285714285,1
353,True,15,Casa,7,Ineficiente,23.53333333333333,50.42857142857143,2.142857142857143,1
585,False,10,Comércio,10,Ineficiente,58.5,58.5,1.0,0
94,True,7,Apartamento,1,Eficiente,13.428571428571429,94.0,7.0,1
271,True,14,Apartamento,10,Moderado,19.357142857142858,27.1,1.4,1
564,True,9,Apartamento,11,Ineficiente,62.66666666666666,51.27272727272727,0.8181818181818182,1
107,True,13,Casa,11,Moderado,8.23076923076923,9.727272727272728,1.181818181818182,1
118,False,13,Casa,4,Eficiente,9.076923076923077,29.5,3.25,0
352,True,3,Apartamento,6,Moderado,117.33333333333331,58.66666666666666,0.5,1
310,False,4,Apartamento,8,Moderado,77.5,38.75,0.5,0
165,True,3,Casa,3,Eficiente,55.0,55.0,1.0,1
553,False,7,Apartamento,3,Moderado,79.0,184.33333333333331,2.333333333333333,0
205,True,16,Apartamento,8,Moderado,12.8125,25.625,2.0,1
616,True,16,Casa,8,Ineficiente,38.5,77.0,2.0,1
224,False,8,Apartamento,8,Eficiente,28.0,28.0,1.0,0
604,True,12,Casa,1,Ineficiente,50.333333333333336,604.0,12.0,1
291,True,11,Apartamento,8,Moderado,26.454545454545453,36.375,1.375,1
104,True,10,Apartamento,8,Moderado,10.4,13.0,1.25,1
659,True,9,Comércio,2,Ineficiente,73.22222222222223,329.5,4.5,1
473,True,14,Casa,9,Ineficiente,33.785714285714285,52.55555555555556,1.5555555555555556,1
146,True,7,Casa,7,Moderado,20.857142857142858,20.857142857142858,1.0,1
312,False,16,Casa,8,Moderado,19.5,39.0,2.0,0
188,False,17,Casa,2,Eficiente,11.058823529411764,94.0,8.5,0
225,True,5,Apartamento,4,Eficiente,45.0,56.25,1.25,1
190,False,11,Comércio,7,Moderado,17.272727272727273,27.142857142857142,1.5714285714285714,0
307,True,15,Casa,6,Moderado,20.466666666666665,51.16666666666666,2.5,1
190,False,7,Casa,7,Eficiente,27.142857142857142,27.142857142857142,1.0,0
549,False,5,Casa,1,Moderado,109.8,549.0,5.0,0
113,False,5,Apartamento,8,Eficiente,22.6,14.125,0.625,0
448,True,5,Casa,7,Moderado,89.6,64.0,0.7142857142857143,1
674,True,16,Casa,4,Ineficiente,42.125,168.5,4.0,1
633,True,8,Apartamento,1,Ineficiente,79.125,633.0,8.0,1
504,True,3,Casa,8,Ineficiente,168.0,63.0,0.375,1
692,True,13,Apartamento,10,Ineficiente,53.23076923076923,69.2,1.3,1
597,True,6,Apartamento,7,Ineficiente,99.5,85.28571428571429,0.8571428571428571,1
361,True,15,Casa,8,Ineficiente,24.066666666666663,45.125,1.875,1
399,True,10,Apartamento,10,Moderado,39.9,39.9,1.0,1
522,False,5,Apartamento,1,Moderado,104.4,522.0,5.0,0
394,False,7,Apartamento,5,Eficiente,56.285714285714285,78.8,1.4,0
456,False,4,Casa,9,Ineficiente,114.0,50.66666666666666,0.4444444444444444,0
368,True,17,Casa,5,Moderado,21.647058823529413,73.6,3.4,1
516,False,4,Apartamento,10,Ineficiente,129.0,51.6,0.4,0
356,False,13,Apartamento,3,Moderado,27.384615384615383,118.66666666666669,4.333333333333333,0
661,True,15,Casa,9,Ineficiente,44.06666666666667,73.44444444444444,1.6666666666666667,1
582,True,9,Casa,9,Ineficiente,64.66666666666667,64.66666666666667,1.0,1
595,False,12,Casa,4,Ineficiente,49.583333333333336,148.75,3.0,0
429,True,5,Casa,4,Moderado,85.8,107.25,1.25,1
525,True,7,Apartamento,11,Ineficiente,75.0,47.72727272727273,0.6363636363636364,1
429,True,5,Casa,8,Moderado,85.8,53.625,0.625,1
686,True,8,Casa,7,Ineficiente,85.75,98.0,1.1428571428571428,1
216,False,15,Apartamento,11,Moderado,14.4,19.63636363636364,1.3636363636363635,0
322,False,12,Casa,5,Moderado,26.83333333333333,64.4,2.4,0
622,True,5,Apartamento,6,Ineficiente,124.4,103.66666666666669,0.8333333333333334,1
119,True,10,Apartamento,3,Eficiente,11.9,39.66666666666666,3.333333333333333,1
308,False,4,Casa,6,Eficiente,77.0,51.333333333333336,0.6666666666666666,0
627,False,5,Apartamento,8,Ineficiente,125.4,78.375,0.625,0
302,True,10,Apartamento,10,Moderado,30.2,30.2,1.0,1
85,False,10,Casa,11,Eficiente,8.5,7.727272727272727,0.9090909090909092,0
401,True,3,Casa,9,Moderado,133.66666666666666,44.55555555555556,0.3333333333333333,1
547,True,10,Apartamento,3,Ineficiente,54.7,182.33333333333331,3.333333333333333,1
154,False,12,Comércio,8,Moderado,12.833333333333334,19.25,1.5,0
83,True,4,Apartamento,3,Eficiente,20.75,27.666666666666668,1.3333333333333333,1
197,False,14,Casa,2,Eficiente,14.071428571428571,98.5,7.0,0
685,False,9,Apartamento,5,Moderado,76.11111111111111,137.0,1.8,0
583,False,8,Casa,4,Moderado,72.875,145.75,2.0,0
653,True,4,Apartamento,5,Ineficiente,163.25,130.6,0.8,1
520,True,7,Apartamento,6,Ineficiente,74.28571428571429,86.66666666666667,1.1666666666666667,1
273,True,9,Apartamento,3,Eficiente,30.33333333333333,91.0,3.0,1
471,True,10,Apartamento,1,Ineficiente,47.1,471.0,10.0,1
105,False,5,Apartamento,4,Eficiente,21.0,26.25,1.25,0
514,False,3,Apartamento,6,Moderado,171.33333333333334,85.66666666666667,0.5,0
252,False,15,Casa,2,Eficiente,16.8,126.0,7.5,0
379,False,9,Apartamento,2,Eficiente,42.11111111111112,189.5,4.5,0
405,False,15,Comércio,1,Moderado,27.0,405.0,15.0,0
489,True,7,Casa,9,Ineficiente,69.85714285714286,54.333333333333336,0.7777777777777778,1
197,True,7,Apartamento,3,Eficiente,28.142857142857142,65.66666666666667,2.333333333333333,1
304,False,9,Casa,2,Eficiente,33.77777777777778,152.0,4.5,0
611,True,3,Apartamento,4,Ineficiente,203.66666666666663,152.75,0.75,1
192,True,10,Apartamento,6,Eficiente,19.2,32.0,1.6666666666666667,1
219,True,14,Casa,1,Moderado,15.642857142857142,219.0,14.0,1
638,False,16,Comércio,9,Ineficiente,39.875,70.88888888888889,1.7777777777777777,0
80,True,12,Casa,9,Moderado,6.666666666666667,8.88888888888889,1.3333333333333333,1
169,False,17,Apartamento,8,Moderado,9.941176470588236,21.125,2.125,0
399,False,7,Apartamento,6,Eficiente,57.0,66.5,1.1666666666666667,0
629,True,10,Casa,4,Ineficiente,62.9,157.25,2.5,1
218,True,12,Casa,2,Moderado,18.166666666666668,109.0,6.0,1
590,True,17,Casa,8,Ineficiente,34.705882352941174,73.75,2.125,1
338,False,12,Apartamento,7,Moderado,28.166666666666668,48.285714285714285,1.7142857142857142,0
89,False,7,Apartamento,4,Eficiente,12.714285714285714,22.25,1.75,0
340,False,14,Casa,3,Moderado,24.285714285714285,113.33333333333331,4.666666666666667,0
251,False,9,Casa,6,Eficiente,27.88888888888889,41.833333333333336,1.5,0
92,True,12,Casa,1,Moderado,7.666666666666667,92.0,12.0,1
247,True,5,Apartamento,2,Eficiente,49.4,123.5,2.5,1
675,False,4,Apartamento,7,Ineficiente,168.75,96.42857142857144,0.5714285714285714,0
400,True,8,Casa,11,Moderado,50.0,36.36363636363637,0.7272727272727273,1
398,True,7,Apartamento,3,Moderado,56.85714285714285,132.66666666666666,2.333333333333333,1
692,True,11,Casa,1,Ineficiente,62.90909090909091,692.0,11.0,1
408,True,12,Comércio,2,Ineficiente,34.0,204.0,6.0,1
629,True,6,Comércio,10,Ineficiente,104.83333333333331,62.9,0.6,1
498,True,13,Apartamento,10,Ineficiente,38.30769230769231,49.8,1.3,1
685,True,5,Comércio,9,Ineficiente,137.0,76.11111111111111,0.5555555555555556,1
174,True,11,Apartamento,7,Moderado,15.818181818181818,24.857142857142858,1.5714285714285714,1
660,False,10,Apartamento,7,Ineficiente,66.0,94.28571428571428,1.4285714285714286,0
397,False,8,Apartamento,10,Moderado,49.625,39.7,0.8,0
315,True,3,Casa,8,Moderado,105.0,39.375,0.375,1
413,False,16,Casa,8,Moderado,25.8125,51.625,2.0,0
455,True,12,Casa,9,Ineficiente,37.91666666666666,50.55555555555556,1.3333333333333333,1
538,True,15,Apartamento,2,Ineficiente,35.86666666666667,269.0,7.5,1
216,False,14,Casa,8,Moderado,15.428571428571429,27.0,1.75,0
667,False,13,Casa,8,Ineficiente,51.30769230769231,83.375,1.625,0
626,False,3,Apartamento,5,Moderado,208.66666666666663,125.2,0.6,0
592,True,14,Casa,5,Ineficiente,42.285714285714285,118.4,2.8,1
375,True,8,Apartamento,4,Moderado,46.875,93.75,2.0,1
399,False,15,Comércio,5,Moderado,26.6,79.8,3.0,0
651,True,5,Apartamento,2,Ineficiente,130.2,325.5,2.5,1
428,True,5,Apartamento,2,Moderado,85.6,214.0,2.5,1
308,False,8,Apartamento,5,Eficiente,38.5,61.6,1.6,0
349,False,15,Apartamento,11,Moderado,23.266666666666666,31.727272727272727,1.3636363636363635,0
370,False,5,Casa,3,Eficiente,74.0,123.33333333333331,1.6666666666666667,0
244,True,15,Comércio,1,Moderado,16.266666666666666,244.0,15.0,1
84,False,13,Casa,9,Moderado,6.461538461538462,9.333333333333334,1.4444444444444444,0
458,True,12,Casa,2,Ineficiente,38.16666666666666,229.0,6.0,1
157,True,8,Apartamento,10,Moderado,19.625,15.7,0.8,1
489,False,7,Casa,2,Moderado,69.85714285714286,244.5,3.5,0
653,True,6,Casa,4,Ineficiente,108.83333333333331,163.25,1.5,1
211,True,10,Casa,2,Eficiente,21.1,105.5,5.0,1
680,False,4,Casa,7,Ineficiente,170.0,97.14285714285714,0.5714285714285714,0
121,True,17,Casa,10,Moderado,7.117647058823529,12.1,1.7,1
168,True,14,Casa,1,Moderado,12.0,168.0,14.0,1
481,True,16,Apartamento,11,Ineficiente,30.0625,43.72727272727273,1.4545454545454546,1
375,True,13,Apartamento,2,Moderado,28.846153846153847,187.5,6.5,1
374,True,9,Casa,11,Moderado,41.55555555555556,34.0,0.8181818181818182,1
695,False,6,Comércio,5,Moderado,115.83333333333331,139.0,1.2,0
605,False,4,Casa,2,Moderado,151.25,302.5,2.0,0
501,True,17,Casa,9,Ineficiente,29.47058823529412,55.66666666666666,1.8888888888888888,1
102,False,9,Casa,4,Eficiente,11.333333333333334,25.5,2.25,0
654,True,15,Apartamento,9,Ineficiente,43.6,72.66666666666667,1.6666666666666667,1
222,True,3,Casa,11,Moderado,74.0,20.181818181818183,0.2727272727272727,1
224,False,6,Apartamento,1,Eficiente,37.333333333333336,224.0,6.0,0
304,True,11,Apartamento,1,Moderado,27.63636363636364,304.0,11.0,1
582,False,16,Apartamento,1,Ineficiente,36.375,582.0,16.0,0
695,True,6,Apartamento,4,Ineficiente,115.83333333333331,173.75,1.5,1
183,False,14,Comércio,9,Moderado,13.071428571428571,20.33333333333333,1.5555555555555556,0
118,True,15,Casa,8,Moderado,7.866666666666666,14.75,1.875,1
277,True,5,Casa,7,Moderado,55.4,39.57142857142857,0.7142857142857143,1
658,True,12,Apartamento,1,Ineficiente,54.833333333333336,658.0,12.0,1
470,False,12,Apartamento,3,Ineficiente,39.16666666666666,156.66666666666666,4.0,0
258,True,4,Casa,9,Moderado,64.5,28.666666666666668,0.4444444444444444,1
633,False,16,Casa,9,Ineficiente,39.5625,70.33333333333333,1.7777777777777777,0
527,True,17,Apartamento,5,Ineficiente,31.0,105.4,3.4,1
579,True,5,Casa,6,Ineficiente,115.8,96.5,0.8333333333333334,1
94,True,3,Casa,11,Moderado,31.33333333333333,8.545454545454545,0.2727272727272727,1
368,False,12,Comércio,6,Moderado,30.666666666666668,61.333333333333336,2.0,0
557,False,10,Apartamento,10,Ineficiente,55.7,55.7,1.0,0
310,True,3,Apartamento,4,Moderado,103.33333333333331,77.5,0.75,1
499,False,5,Apartamento,1,Moderado,99.8,499.0,5.0,0
236,True,16,Comércio,5,Moderado,14.75,47.2,3.2,1
629,False,5,Casa,1,Moderado,125.8,629.0,5.0,0
520,False,15,Casa,1,Ineficiente,34.666666666666664,520.0,15.0,0
176,True,17,Apartamento,11,Moderado,10.352941176470589,16.0,1.5454545454545454,1
490,True,4,Apartamento,5,Ineficiente,122.5,98.0,0.8,1
368,False,16,Casa,5,Moderado,23.0,73.6,3.2,0
333,False,7,Comércio,7,Moderado,47.57142857142857,47.57142857142857,1.0,0
275,False,12,Apartamento,2,Eficiente,22.916666666666668,137.5,6.0,0
677,True,5,Casa,6,Ineficiente,135.4,112.83333333333331,0.8333333333333334,1
601,True,5,Casa,2,Ineficiente,120.2,300.5,2.5,1
596,True,10,Casa,10,Ineficiente,59.6,59.6,1.0,1
197,False,6,Apartamento,5,Eficiente,32.833333333333336,39.4,1.2,0
238,False,6,Comércio,4,Eficiente,39.66666666666666,59.5,1.5,0
307,True,5,Casa,11,Moderado,61.4,27.90909090909091,0.4545454545454545,1
295,True,13,Comércio,10,Ineficiente,22.692307692307693,29.5,1.3,1
94,True,3,Apartamento,5,Eficiente,31.33333333333333,18.8,0.6,1
236,True,10,Apartamento,2,Eficiente,23.6,118.0,5.0,1
340,True,17,Apartamento,8,Ineficiente,20.0,42.5,2.125,1
236,True,3,Casa,8,Moderado,78.66666666666667,29.5,0.375,1
126,True,9,Apartamento,6,Eficiente,14.0,21.0,1.5,1
403,True,7,Casa,3,Moderado,57.57142857142857,134.33333333333334,2.333333333333333,1
209,True,6,Apartamento,4,Eficiente,34.833333333333336,52.25,1.5,1
490,True,6,Casa,1,Ineficiente,81.66666666666667,490.0,6.0,1
174,True,10,Apartamento,9,Moderado,17.4,19.33333333333333,1.1111111111111112,1
371,True,13,Apartamento,10,Ineficiente,28.53846153846154,37.1,1.3,1
362,True,13,Casa,5,Moderado,27.846153846153847,72.4,2.6,1
148,True,15,Casa,8,Moderado,9.866666666666667,18.5,1.875,1
90,True,16,Apartamento,3,Moderado,5.625,30.0,5.333333333333333,1
333,False,8,Apartamento,4,Eficiente,41.625,83.25,2.0,0
629,False,16,Casa,4,Ineficiente,39.3125,157.25,4.0,0
213,False,14,Apartamento,8,Moderado,15.214285714285714,26.625,1.75,0
102,True,3,Casa,9,Moderado,34.0,11.333333333333334,0.3333333333333333,1
425,False,16,Casa,3,Moderado,26.5625,141.66666666666666,5.333333333333333,0
381,False,12,Casa,7,Moderado,31.75,54.42857142857143,1.7142857142857142,0
442,True,10,Casa,9,Moderado,44.2,49.11111111111112,1.1111111111111112,1
475,True,15,Apartamento,2,Ineficiente,31.666666666666668,237.5,7.5,1
297,False,16,Comércio,4,Eficiente,18.5625,74.25,4.0,0
220,True,4,Casa,3,Eficiente,55.0,73.33333333333333,1.3333333333333333,1
695,True,8,Apartamento,8,Ineficiente,86.875,86.875,1.0,1
289,False,11,Casa,4,Eficiente,26.272727272727277,72.25,2.75,0
695,False,3,Apartamento,9,Ineficiente,231.66666666666663,77.22222222222223,0.3333333333333333,0
539,True,8,Casa,1,Ineficiente,67.375,539.0,8.0,1
435,True,10,Apartamento,1,Moderado,43.5,435.0,10.0,1
403,True,12,Comércio,4,Ineficiente,33.583333333333336,100.75,3.0,1
212,False,15,Casa,3,Eficiente,14.133333333333333,70.66666666666667,5.0,0
206,True,4,Apartamento,3,Eficiente,51.5,68.66666666666667,1.3333333333333333,1
185,True,7,Casa,10,Moderado,26.428571428571427,18.5,0.7,1
683,False,8,Casa,2,Moderado,85.375,341.5,4.0,0
457,True,7,Casa,10,Ineficiente,65.28571428571429,45.7,0.7,1
130,False,5,Casa,10,Eficiente,26.0,13.0,0.5,0
108,True,6,Casa,2,Eficiente,18.0,54.0,3.0,1
541,True,9,Casa,8,Ineficiente,60.11111111111112,67.625,1.125,1
375,False,6,Casa,1,Eficiente,62.5,375.0,6.0,0
376,True,11,Casa,8,Ineficiente,34.18181818181818,47.0,1.375,1
486,True,13,Apartamento,10,Ineficiente,37.38461538461539,48.6,1.3,1
692,True,14,Comércio,3,Ineficiente,49.42857142857143,230.66666666666663,4.666666666666667,1
484,False,16,Casa,2,Ineficiente,30.25,242.0,8.0,0
425,False,15,Casa,9,Moderado,28.33333333333333,47.22222222222222,1.6666666666666667,0
499,False,15,Casa,5,Ineficiente,33.266666666666666,99.8,3.0,0
261,True,12,Comércio,5,Moderado,21.75,52.2,2.4,1
80,True,4,Apartamento,6,Eficiente,20.0,13.333333333333334,0.6666666666666666,1
646,True,7,Apartamento,4,Ineficiente,92.28571428571428,161.5,1.75,1
450,False,10,Casa,7,Moderado,45.0,64.28571428571429,1.4285714285714286,0
510,True,16,Casa,7,Ineficiente,31.875,72.85714285714286,2.2857142857142856,1
388,False,7,Casa,11,Moderado,55.42857142857143,35.27272727272727,0.6363636363636364,0
216,True,12,Comércio,9,Ineficiente,18.0,24.0,1.3333333333333333,1
281,False,14,Comércio,6,Eficiente,20.071428571428573,46.833333333333336,2.333333333333333,0
515,False,10,Casa,1,Moderado,51.5,515.0,10.0,0
392,False,10,Apartamento,9,Moderado,39.2,43.55555555555556,1.1111111111111112,0
196,True,11,Casa,10,Moderado,17.818181818181817,19.6,1.1,1
654,True,12,Casa,9,Ineficiente,54.5,72.66666666666667,1.3333333333333333,1
323,True,8,Comércio,5,Moderado,40.375,64.6,1.6,1
616,True,14,Apartamento,7,Ineficiente,44.0,88.0,2.0,1
681,True,6,Casa,1,Ineficiente,113.5,681.0,6.0,1
154,True,14,Casa,4,Moderado,11.0,38.5,3.5,1
465,True,13,Apartamento,10,Ineficiente,35.76923076923077,46.5,1.3,1
289,False,5,Apartamento,4,Eficiente,57.8,72.25,1.25,0
554,False,17,Apartamento,5,Ineficiente,32.588235294117645,110.8,3.4,0
497,True,14,Casa,6,Ineficiente,35.5,82.83333333333333,2.333333333333333,1
426,False,16,Casa,4,Moderado,26.625,106.5,4.0,0
608,True,7,Comércio,6,Ineficiente,86.85714285714286,101.33333333333331,1.1666666666666667,1
258,True,8,Apartamento,10,Moderado,32.25,25.8,0.8,1
261,True,5,Casa,7,Moderado,52.2,37.285714285714285,0.7142857142857143,1
104,False,4,Apartamento,3,Eficiente,26.0,34.666666666666664,1.3333333333333333,0
259,True,9,Apartamento,9,Moderado,28.77777777777778,28.77777777777778,1.0,1
580,True,13,Casa,8,Ineficiente,44.61538461538461,72.5,1.625,1
240,False,7,Casa,1,Eficiente,34.285714285714285,240.0,7.0,0
256,True,11,Apartamento,2,Moderado,23.272727272727277,128.0,5.5,1
364,False,17,Apartamento,2,Moderado,21.41176470588235,182.0,8.5,0
142,False,5,Apartamento,10,Eficiente,28.4,14.2,0.5,0
235,False,16,Comércio,9,Moderado,14.6875,26.11111111111111,1.7777777777777777,0
548,True,17,Casa,9,Ineficiente,32.23529411764706,60.888888888888886,1.8888888888888888,1
128,True,10,Casa,9,Moderado,12.8,14.22222222222222,1.1111111111111112,1
163,True,8,Comércio,1,Eficiente,20.375,163.0,8.0,1
440,True,6,Casa,7,Moderado,73.33333333333333,62.85714285714285,0.8571428571428571,1
227,True,14,Apartamento,11,Moderado,16.214285714285715,20.63636363636364,1.2727272727272727,1
421,True,14,Apartamento,3,Moderado,30.071428571428573,140.33333333333334,4.666666666666667,1
555,False,17,Apartamento,11,Ineficiente,32.64705882352941,50.45454545454545,1.5454545454545454,0
142,False,11,Casa,9,Moderado,12.909090909090908,15.77777777777778,1.2222222222222223,0
439,True,7,Apartamento,8,Moderado,62.71428571428572,54.875,0.875,1
640,True,17,Apartamento,3,Ineficiente,37.64705882352941,213.33333333333331,5.666666666666667,1
406,True,12,Apartamento,1,Moderado,33.833333333333336,406.0,12.0,1
220,True,8,Apartamento,9,Moderado,27.5,24.444444444444443,0.8888888888888888,1
294,False,16,Casa,10,Moderado,18.375,29.4,1.6,0
514,False,17,Casa,1,Ineficiente,30.235294117647054,514.0,17.0,0
397,False,17,Casa,3,Moderado,23.352941176470587,132.33333333333334,5.666666666666667,0
111,False,15,Casa,6,Eficiente,7.4,18.5,2.5,0
364,True,11,Comércio,6,Ineficiente,33.09090909090909,60.66666666666666,1.8333333333333333,1
384,False,9,Apartamento,11,Moderado,42.66666666666666,34.90909090909091,0.8181818181818182,0
508,True,14,Apartamento,10,Ineficiente,36.285714285714285,50.8,1.4,1
556,False,7,Apartamento,4,Moderado,79.42857142857143,139.0,1.75,0
365,True,4,Casa,2,Moderado,91.25,182.5,2.0,1
223,True,6,Comércio,10,Moderado,37.16666666666666,22.3,0.6,1
503,True,4,Casa,6,Ineficiente,125.75,83.83333333333333,0.6666666666666666,1
98,True,5,Casa,10,Moderado,19.6,9.8,0.5,1
97,False,12,Apartamento,5,Eficiente,8.083333333333334,19.4,2.4,0
669,True,14,Comércio,6,Ineficiente,47.785714285714285,111.5,2.333333333333333,1
450,True,5,Comércio,7,Ineficiente,90.0,64.28571428571429,0.7142857142857143,1
254,True,6,Casa,11,Moderado,42.333333333333336,23.09090909090909,0.5454545454545454,1
273,False,8,Comércio,9,Eficiente,34.125,30.33333333333333,0.8888888888888888,0
581,True,14,Casa,7,Ineficiente,41.5,83.0,2.0,1
192,False,5,Casa,4,Eficiente,38.4,48.0,1.25,0
193,False,12,Apartamento,10,Moderado,16.083333333333332,19.3,1.2,0
301,False,16,Comércio,5,Moderado,18.8125,60.2,3.2,0
343,False,3,Apartamento,6,Eficiente,114.33333333333331,57.16666666666666,0.5,0
134,True,3,Apartamento,9,Moderado,44.66666666666666,14.88888888888889,0.3333333333333333,1
537,True,11,Apartamento,5,Ineficiente,48.81818181818182,107.4,2.2,1
241,False,11,Apartamento,5,Eficiente,21.90909090909091,48.2,2.2,0
459,True,7,Comércio,7,Ineficiente,65.57142857142857,65.57142857142857,1.0,1
166,True,11,Apartamento,2,Moderado,15.090909090909092,83.0,5.5,1
134,False,13,Comércio,3,Eficiente,10.307692307692308,44.66666666666666,4.333333333333333,0
555,True,9,Comércio,2,Ineficiente,61.66666666666666,277.5,4.5,1
257,False,11,Casa,10,Moderado,23.363636363636363,25.7,1.1,0
470,True,14,Apartamento,10,Ineficiente,33.57142857142857,47.0,1.4,1
428,False,9,Apartamento,2,Eficiente,47.55555555555556,214.0,4.5,0
87,True,11,Casa,3,Moderado,7.909090909090909,29.0,3.6666666666666665,1
392,False,17,Apartamento,6,Moderado,23.058823529411764,65.33333333333333,2.833333333333333,0
522,True,4,Casa,5,Ineficiente,130.5,104.4,0.8,1
407,True,13,Apartamento,11,Ineficiente,31.307692307692307,37.0,1.181818181818182,1
133,False,13,Comércio,5,Eficiente,10.23076923076923,26.6,2.6,0
318,True,10,Casa,2,Moderado,31.8,159.0,5.0,1
308,True,9,Casa,2,Moderado,34.22222222222222,154.0,4.5,1
658,True,8,Comércio,1,Ineficiente,82.25,658.0,8.0,1
130,False,7,Casa,3,Eficiente,18.571428571428573,43.333333333333336,2.333333333333333,0
688,True,6,Casa,11,Ineficiente,114.66666666666669,62.54545454545455,0.5454545454545454,1
683,False,9,Casa,7,Ineficiente,75.88888888888889,97.57142857142856,1.2857142857142858,0
343,True,5,Apartamento,11,Moderado,68.6,31.181818181818183,0.4545454545454545,1
497,True,10,Apartamento,5,Ineficiente,49.7,99.4,2.0,1
175,False,4,Apartamento,7,Eficiente,43.75,25.0,0.5714285714285714,0
167,False,3,Apartamento,9,Eficiente,55.66666666666666,18.55555555555556,0.3333333333333333,0
157,False,13,Apartamento,6,Eficiente,12.076923076923077,26.166666666666668,2.1666666666666665,0
367,False,4,Apartamento,2,Eficiente,91.75,183.5,2.0,0
199,True,11,Casa,1,Moderado,18.09090909090909,199.0,11.0,1
570,True,7,Apartamento,1,Ineficiente,81.42857142857143,570.0,7.0,1
531,True,13,Apartamento,10,Ineficiente,40.84615384615385,53.1,1.3,1
579,False,10,Apartamento,9,Ineficiente,57.9,64.33333333333333,1.1111111111111112,0
244,False,5,Casa,6,Eficiente,48.8,40.66666666666666,0.8333333333333334,0
261,True,9,Casa,6,Eficiente,29.0,43.5,1.5,1
548,True,17,Casa,4,Ineficiente,32.23529411764706,137.0,4.25,1
86,True,4,Casa,2,Eficiente,21.5,43.0,2.0,1
409,False,10,Apartamento,10,Moderado,40.9,40.9,1.0,0
230,True,16,Casa,3,Moderado,14.375,76.66666666666667,5.333333333333333,1
164,True,9,Apartamento,3,Eficiente,18.22222222222222,54.66666666666666,3.0,1
226,True,14,Casa,8,Moderado,16.142857142857142,28.25,1.75,1
460,False,7,Casa,6,Moderado,65.71428571428571,76.66666666666667,1.1666666666666667,0
627,False,14,Apartamento,7,Ineficiente,44.785714285714285,89.57142857142857,2.0,0
364,False,13,Casa,9,Moderado,28.0,40.44444444444444,1.4444444444444444,0
161,True,6,Comércio,1,Eficiente,26.83333333333333,161.0,6.0,1
593,True,3,Casa,2,Ineficiente,197.66666666666663,296.5,1.5,1
602,False,7,Casa,9,Ineficiente,86.0,66.88888888888889,0.7777777777777778,0
465,False,14,Apartamento,5,Ineficiente,33.214285714285715,93.0,2.8,0
550,True,11,Apartamento,4,Ineficiente,50.0,137.5,2.75,1
198,True,12,Casa,1,Moderado,16.5,198.0,12.0,1
475,True,6,Casa,9,Ineficiente,79.16666666666667,52.77777777777778,0.6666666666666666,1
611,True,15,Apartamento,11,Ineficiente,40.73333333333333,55.54545454545455,1.3636363636363635,1
340,False,11,Comércio,9,Ineficiente,30.90909090909091,37.77777777777778,1.2222222222222223,0
335,True,14,Comércio,4,Ineficiente,23.928571428571427,83.75,3.5,1
305,True,4,Casa,9,Moderado,76.25,33.888888888888886,0.4444444444444444,1
132,True,6,Comércio,10,Moderado,22.0,13.2,0.6,1
579,True,11,Casa,1,Ineficiente,52.63636363636363,579.0,11.0,1
585,True,6,Casa,5,Ineficiente,97.5,117.0,1.2,1
443,True,7,Apartamento,1,Moderado,63.285714285714285,443.0,7.0,1
359,True,13,Casa,4,Moderado,27.615384615384617,89.75,3.25,1
672,False,10,Casa,5,Moderado,67.2,134.4,2.0,0
237,True,3,Casa,11,Moderado,79.0,21.545454545454547,0.2727272727272727,1
138,True,3,Casa,3,Eficiente,46.0,46.0,1.0,1
207,False,11,Apartamento,2,Eficiente,18.818181818181817,103.5,5.5,0
194,False,11,Apartamento,6,Eficiente,17.636363636363637,32.333333333333336,1.8333333333333333,0
288,False,6,Casa,11,Eficiente,48.0,26.181818181818183,0.5454545454545454,0
605,True,15,Apartamento,3,Ineficiente,40.333333333333336,201.66666666666663,5.0,1
600,True,4,Comércio,10,Ineficiente,150.0,60.0,0.4,1
631,True,15,Apartamento,1,Ineficiente,42.06666666666667,631.0,15.0,1
316,True,11,Casa,11,Ineficiente,28.727272727272727,28.727272727272727,1.0,1
360,True,16,Comércio,5,Ineficiente,22.5,72.0,3.2,1
438,False,6,Apartamento,2,Eficiente,73.0,219.0,3.0,0
280,True,8,Casa,2,Eficiente,35.0,140.0,4.0,1
357,True,14,Casa,4,Moderado,25.5,89.25,3.5,1
314,False,3,Casa,4,Eficiente,104.66666666666669,78.5,0.75,0
573,True,14,Apartamento,4,Ineficiente,40.92857142857143,143.25,3.5,1
83,False,11,Casa,7,Moderado,7.545454545454546,11.857142857142858,1.5714285714285714,0
521,False,7,Apartamento,1,Moderado,74.42857142857143,521.0,7.0,0
108,False,17,Casa,8,Moderado,6.352941176470588,13.5,2.125,0
188,False,5,Comércio,10,Eficiente,37.6,18.8,0.5,0
689,True,6,Casa,9,Ineficiente,114.83333333333331,76.55555555555556,0.6666666666666666,1
154,True,3,Comércio,10,Moderado,51.333333333333336,15.4,0.3,1
225,False,16,Comércio,6,Eficiente,14.0625,37.5,2.6666666666666665,0
207,False,11,Casa,4,Eficiente,18.818181818181817,51.75,2.75,0
121,True,16,Apartamento,6,Moderado,7.5625,20.166666666666668,2.6666666666666665,1
435,False,10,Casa,10,Moderado,43.5,43.5,1.0,0
120,True,6,Comércio,7,Moderado,20.0,17.142857142857142,0.8571428571428571,1
113,False,4,Apartamento,6,Eficiente,28.25,18.83333333333333,0.6666666666666666,0
96,True,16,Casa,11,Moderado,6.0,8.727272727272727,1.4545454545454546,1
232,True,11,Casa,1,Moderado,21.09090909090909,232.0,11.0,1
457,False,6,Casa,5,Moderado,76.16666666666667,91.4,1.2,0
667,True,11,Comércio,8,Ineficiente,60.63636363636363,83.375,1.375,1
678,True,12,Apartamento,8,Ineficiente,56.5,84.75,1.5,1
421,True,5,Comércio,10,Ineficiente,84.2,42.1,0.5,1
106,False,9,Casa,9,Eficiente,11.77777777777778,11.77777777777778,1.0,0
366,False,9,Casa,4,Eficiente,40.66666666666666,91.5,2.25,0
247,False,12,Comércio,10,Moderado,20.58333333333333,24.7,1.2,0
689,False,15,Casa,6,Ineficiente,45.93333333333333,114.83333333333331,2.5,0
347,False,6,Comércio,7,Moderado,57.833333333333336,49.57142857142857,0.8571428571428571,0
534,True,4,Casa,5,Ineficiente,133.5,106.8,0.8,1
480,True,13,Casa,11,Ineficiente,36.92307692307692,43.63636363636363,1.181818181818182,1
555,False,11,Apartamento,8,Ineficiente,50.45454545454545,69.375,1.375,0
637,True,6,Comércio,3,Ineficiente,106.16666666666669,212.33333333333331,2.0,1
655,True,10,Comércio,8,Ineficiente,65.5,81.875,1.25,1
209,True,16,Casa,5,Moderado,13.0625,41.8,3.2,1
442,True,4,Casa,1,Moderado,110.5,442.0,4.0,1
371,False,10,Apartamento,6,Eficiente,37.1,61.833333333333336,1.6666666666666667,0
450,True,13,Apartamento,2,Moderado,34.61538461538461,225.0,6.5,1
108,False,12,Apartamento,7,Moderado,9.0,15.428571428571429,1.7142857142857142,0
228,True,7,Casa,9,Moderado,32.57142857142857,25.33333333333333,0.7777777777777778,1
375,True,9,Comércio,3,Moderado,41.66666666666666,125.0,3.0,1
90,True,9,Apartamento,10,Moderado,10.0,9.0,0.9,1
591,False,14,Apartamento,4,Ineficiente,42.21428571428572,147.75,3.5,0
192,False,11,Apartamento,4,Eficiente,17.454545454545453,48.0,2.75,0
266,False,5,Casa,4,Eficiente,53.2,66.5,1.25,0
306,False,12,Comércio,3,Moderado,25.5,102.0,4.0,0
389,False,6,Apartamento,5,Eficiente,64.83333333333333,77.8,1.2,0
177,False,12,Comércio,9,Moderado,14.75,19.666666666666668,1.3333333333333333,0
134,False,6,Comércio,11,Eficiente,22.33333333333333,12.181818181818182,0.5454545454545454,0
485,False,17,Apartamento,8,Ineficiente,28.529411764705884,60.625,2.125,0
148,True,15,Apartamento,10,Moderado,9.866666666666667,14.8,1.5,1
391,True,12,Casa,2,Moderado,32.583333333333336,195.5,6.0,1
368,False,7,Casa,9,Moderado,52.57142857142857,40.888888888888886,0.7777777777777778,0
627,False,16,Casa,10,Ineficiente,39.1875,62.7,1.6,0
227,True,8,Casa,2,Eficiente,28.375,113.5,4.0,1
546,False,17,Casa,7,Ineficiente,32.11764705882353,78.0,2.4285714285714284,0
323,False,5,Casa,5,Eficiente,64.6,64.6,1.0,0
570,True,15,Casa,7,Ineficiente,38.0,81.42857142857143,2.142857142857143,1
586,False,6,Casa,5,Moderado,97.66666666666669,117.2,1.2,0
444,True,5,Casa,6,Moderado,88.8,74.0,0.8333333333333334,1
561,True,4,Casa,8,Ineficiente,140.25,70.125,0.5,1
280,True,12,Apartamento,1,Moderado,23.33333333333333,280.0,12.0,1
233,True,14,Apartamento,11,Moderado,16.642857142857142,21.181818181818183,1.2727272727272727,1
529,False,11,Casa,1,Ineficiente,48.09090909090909,529.0,11.0,0
580,True,3,Apartamento,5,Ineficiente,193.33333333333331,116.0,0.6,1
152,True,4,Apartamento,1,Eficiente,38.0,152.0,4.0,1
375,True,10,Casa,3,Moderado,37.5,125.0,3.333333333333333,1
96,True,17,Apartamento,10,Moderado,5.647058823529412,9.6,1.7,1
296,True,9,Comércio,9,Moderado,32.888888888888886,32.888888888888886,1.0,1
140,False,14,Apartamento,7,Moderado,10.0,20.0,2.0,0
695,True,3,Casa,6,Ineficiente,231.66666666666663,115.83333333333331,0.5,1
121,False,7,Apartamento,8,Eficiente,17.285714285714285,15.125,0.875,0
104,False,12,Casa,8,Moderado,8.666666666666666,13.0,1.5,0
118,True,8,Apartamento,6,Eficiente,14.75,19.666666666666668,1.3333333333333333,1
210,False,7,Comércio,4,Eficiente,30.0,52.5,1.75,0
577,True,6,Apartamento,4,Ineficiente,96.16666666666669,144.25,1.5,1
308,True,16,Comércio,4,Ineficiente,19.25,77.0,4.0,1
187,True,15,Casa,6,Moderado,12.466666666666669,31.166666666666668,2.5,1
251,True,3,Comércio,1,Eficiente,83.66666666666667,251.0,3.0,1
514,True,9,Apartamento,2,Ineficiente,57.11111111111112,257.0,4.5,1
557,False,11,Casa,6,Ineficiente,50.63636363636363,92.83333333333331,1.8333333333333333,0
181,True,8,Apartamento,11,Moderado,22.625,16.454545454545453,0.7272727272727273,1
603,False,5,Casa,1,Moderado,120.6,603.0,5.0,0
354,True,17,Casa,9,Ineficiente,20.823529411764707,39.333333333333336,1.8888888888888888,1
692,False,12,Apartamento,6,Ineficiente,57.66666666666666,115.33333333333331,2.0,0
123,True,16,Casa,7,Moderado,7.6875,17.571428571428573,2.2857142857142856,1
96,True,6,Apartamento,1,Eficiente,16.0,96.0,6.0,1
409,True,12,Casa,8,Ineficiente,34.083333333333336,51.125,1.5,1
648,True,7,Casa,5,Ineficiente,92.57142857142856,129.6,1.4,1
576,True,17,Comércio,5,Ineficiente,33.88235294117647,115.2,3.4,1
91,False,14,Casa,6,Eficiente,6.5,15.166666666666666,2.333333333333333,0
397,True,14,Apartamento,7,Ineficiente,28.357142857142858,56.71428571428572,2.0,1
671,False,3,Apartamento,7,Ineficiente,223.66666666666663,95.85714285714286,0.4285714285714285,0
295,False,7,Apartamento,5,Eficiente,42.142857142857146,59.0,1.4,0
418,False,3,Comércio,1,Eficiente,139.33333333333334,418.0,3.0,0
160,True,11,Apartamento,11,Moderado,14.545454545454543,14.545454545454543,1.0,1
564,True,9,Casa,9,Ineficiente,62.66666666666666,62.66666666666666,1.0,1
453,False,5,Comércio,6,Moderado,90.6,75.5,0.8333333333333334,0
279,False,11,Casa,9,Moderado,25.363636363636363,31.0,1.2222222222222223,0
616,True,4,Apartamento,11,Ineficiente,154.0,56.0,0.3636363636363636,1
545,True,14,Comércio,4,Ineficiente,38.92857142857143,136.25,3.5,1
168,True,9,Apartamento,2,Eficiente,18.666666666666668,84.0,4.5,1
347,False,11,Apartamento,3,Moderado,31.545454545454547,115.66666666666669,3.6666666666666665,0
650,False,8,Apartamento,4,Moderado,81.25,162.5,2.0,0
568,True,12,Apartamento,10,Ineficiente,47.333333333333336,56.8,1.2,1
617,False,7,Comércio,8,Ineficiente,88.14285714285714,77.125,0.875,0
126,False,14,Casa,3,Eficiente,9.0,42.0,4.666666666666667,0
367,True,9,Casa,8,Moderado,40.77777777777778,45.875,1.125,1
95,False,16,Apartamento,6,Eficiente,5.9375,15.833333333333334,2.6666666666666665,0
480,False,17,Apartamento,4,Ineficiente,28.235294117647054,120.0,4.25,0
165,True,17,Casa,7,Moderado,9.705882352941176,23.571428571428573,2.4285714285714284,1
329,False,8,Casa,11,Moderado,41.125,29.90909090909091,0.7272727272727273,0
470,True,7,Casa,5,Ineficiente,67.14285714285714,94.0,1.4,1
414,True,16,Comércio,5,Ineficiente,25.875,82.8,3.2,1
598,True,4,Apartamento,9,Ineficiente,149.5,66.44444444444444,0.4444444444444444,1
216,True,10,Casa,3,Eficiente,21.6,72.0,3.333333333333333,1
577,True,17,Casa,10,Ineficiente,33.94117647058823,57.7,1.7,1
556,True,15,Casa,4,Ineficiente,37.06666666666667,139.0,3.75,1
673,False,9,Casa,5,Moderado,74.77777777777777,134.6,1.8,0
302,True,8,Casa,1,Moderado,37.75,302.0,8.0,1
451,False,7,Comércio,7,Ineficiente,64.42857142857143,64.42857142857143,1.0,0
481,True,7,Comércio,8,Ineficiente,68.71428571428571,60.125,0.875,1
522,False,11,Casa,6,Ineficiente,47.45454545454545,87.0,1.8333333333333333,0
569,False,3,Casa,9,Ineficiente,189.66666666666663,63.22222222222222,0.3333333333333333,0
694,True,11,Casa,3,Ineficiente,63.09090909090909,231.33333333333331,3.6666666666666665,1
352,False,8,Apartamento,2,Eficiente,44.0,176.0,4.0,0
605,True,6,Casa,5,Ineficiente,100.83333333333331,121.0,1.2,1
238,False,12,Casa,9,Moderado,19.83333333333333,26.444444444444443,1.3333333333333333,0
231,True,16,Casa,11,Moderado,14.4375,21.0,1.4545454545454546,1
699,False,9,Apartamento,1,Moderado,77.66666666666667,699.0,9.0,0
267,False,11,Apartamento,1,Eficiente,24.272727272727277,267.0,11.0,0
177,True,7,Apartamento,10,Moderado,25.285714285714285,17.7,0.7,1
210,True,16,Casa,3,Moderado,13.125,70.0,5.333333333333333,1
250,False,7,Comércio,10,Eficiente,35.714285714285715,25.0,0.7,0
262,True,10,Comércio,3,Eficiente,26.2,87.33333333333333,3.333333333333333,1
443,True,9,Casa,5,Moderado,49.22222222222222,88.6,1.8,1
118,True,15,Casa,4,Moderado,7.866666666666666,29.5,3.75,1
606,True,15,Apartamento,6,Ineficiente,40.4,101.0,2.5,1
576,False,10,Casa,8,Ineficiente,57.6,72.0,1.25,0
595,True,13,Casa,8,Ineficiente,45.76923076923077,74.375,1.625,1
428,True,14,Apartamento,11,Ineficiente,30.571428571428573,38.90909090909091,1.2727272727272727,1
476,False,12,Apartamento,4,Ineficiente,39.66666666666666,119.0,3.0,0
240,False,4,Casa,1,Eficiente,60.0,240.0,4.0,0
95,True,11,Apartamento,7,Moderado,8.636363636363637,13.571428571428571,1.5714285714285714,1
572,True,5,Comércio,6,Ineficiente,114.4,95.33333333333331,0.8333333333333334,1
505,False,8,Casa,5,Moderado,63.125,101.0,1.6,0
187,False,8,Apartamento,4,Eficiente,23.375,46.75,2.0,0
529,True,4,Casa,6,Ineficiente,132.25,88.16666666666667,0.6666666666666666,1
390,True,14,Casa,8,Ineficiente,27.857142857142858,48.75,1.75,1
249,True,15,Apartamento,6,Moderado,16.6,41.5,2.5,1
625,True,9,Casa,3,Ineficiente,69.44444444444444,208.33333333333331,3.0,1
493,True,11,Casa,9,Ineficiente,44.81818181818182,54.77777777777778,1.2222222222222223,1
330,False,14,Casa,3,Moderado,23.571428571428573,110.0,4.666666666666667,0
220,True,12,Apartamento,4,Moderado,18.33333333333333,55.0,3.0,1
353,False,13,Apartamento,5,Moderado,27.153846153846157,70.6,2.6,0
495,True,3,Casa,11,Ineficiente,165.0,45.0,0.2727272727272727,1
687,False,10,Apartamento,2,Moderado,68.7,343.5,5.0,0
118,False,4,Casa,11,Eficiente,29.5,10.727272727272728,0.3636363636363636,0
108,True,16,Apartamento,10,Moderado,6.75,10.8,1.6,1
556,True,3,Casa,11,Ineficiente,185.33333333333331,50.54545454545455,0.2727272727272727,1
397,True,10,Apartamento,10,Moderado,39.7,39.7,1.0,1
324,False,4,Comércio,2,Eficiente,81.0,162.0,2.0,0
351,False,8,Comércio,6,Eficiente,43.875,58.5,1.3333333333333333,0
519,True,17,Casa,2,Ineficiente,30.529411764705884,259.5,8.5,1
318,True,8,Comércio,10,Ineficiente,39.75,31.8,0.8,1
456,True,7,Casa,1,Ineficiente,65.14285714285714,456.0,7.0,1
345,False,10,Comércio,8,Moderado,34.5,43.125,1.25,0
438,True,5,Casa,10,Moderado,87.6,43.8,0.5,1
419,True,15,Casa,10,Ineficiente,27.933333333333334,41.9,1.5,1
468,True,12,Casa,1,Ineficiente,39.0,468.0,12.0,1
656,True,17,Casa,10,Ineficiente,38.588235294117645,65.6,1.7,1
82,False,6,Apartamento,6,Eficiente,13.666666666666666,13.666666666666666,1.0,0
508,True,9,Comércio,1,Ineficiente,56.44444444444444,508.0,9.0,1
221,False,17,Apartamento,8,Moderado,13.0,27.625,2.125,0
455,True,9,Apartamento,5,Ineficiente,50.55555555555556,91.0,1.8,1
403,True,15,Apartamento,3,Moderado,26.866666666666667,134.33333333333334,5.0,1
225,False,14,Casa,5,Eficiente,16.071428571428573,45.0,2.8,0
372,False,16,Casa,1,Moderado,23.25,372.0,16.0,0
511,False,10,Casa,1,Moderado,51.1,511.0,10.0,0
664,True,4,Casa,4,Ineficiente,166.0,166.0,1.0,1
478,True,13,Casa,9,Ineficiente,36.76923076923077,53.11111111111112,1.4444444444444444,1
423,False,14,Casa,9,Moderado,30.214285714285715,47.0,1.5555555555555556,0
219,True,4,Casa,1,Eficiente,54.75,219.0,4.0,1
266,True,6,Casa,3,Eficiente,44.333333333333336,88.66666666666667,2.0,1
140,False,15,Comércio,4,Eficiente,9.333333333333334,35.0,3.75,0
459,False,12,Casa,2,Ineficiente,38.25,229.5,6.0,0
519,False,15,Apartamento,7,Ineficiente,34.6,74.14285714285714,2.142857142857143,0
398,False,11,Apartamento,3,Moderado,36.18181818181818,132.66666666666666,3.6666666666666665,0
381,False,12,Apartamento,1,Moderado,31.75,381.0,12.0,0
423,True,14,Casa,1,Moderado,30.214285714285715,423.0,14.0,1
90,True,11,Casa,3,Moderado,8.181818181818182,30.0,3.6666666666666665,1
141,False,15,Casa,6,Eficiente,9.4,23.5,2.5,0
305,True,15,Casa,4,Moderado,20.33333333333333,76.25,3.75,1
232,True,6,Casa,1,Eficiente,38.66666666666666,232.0,6.0,1
643,True,11,Apartamento,7,Ineficiente,58.45454545454545,91.85714285714286,1.5714285714285714,1
650,True,17,Apartamento,2,Ineficiente,38.23529411764706,325.0,8.5,1
663,False,16,Apartamento,5,Ineficiente,41.4375,132.6,3.2,0
654,True,5,Casa,8,Ineficiente,130.8,81.75,0.625,1
389,True,14,Casa,7,Ineficiente,27.785714285714285,55.57142857142857,2.0,1
322,True,7,Apartamento,11,Moderado,46.0,29.272727272727277,0.6363636363636364,1
572,False,12,Casa,8,Ineficiente,47.66666666666666,71.5,1.5,0
445,True,11,Apartamento,10,Ineficiente,40.45454545454545,44.5,1.1,1
409,True,8,Apartamento,11,Moderado,51.125,37.18181818181818,0.7272727272727273,1
186,False,5,Casa,6,Eficiente,37.2,31.0,0.8333333333333334,0
305,True,12,Casa,7,Ineficiente,25.416666666666668,43.57142857142857,1.7142857142857142,1
297,True,11,Apartamento,9,Moderado,27.0,33.0,1.2222222222222223,1
585,True,8,Casa,6,Ineficiente,73.125,97.5,1.3333333333333333,1
338,True,6,Casa,9,Moderado,56.333333333333336,37.55555555555556,0.6666666666666666,1
596,False,16,Casa,2,Ineficiente,37.25,298.0,8.0,0
133,True,6,Casa,2,Eficiente,22.166666666666668,66.5,3.0,1
126,False,10,Apartamento,2,Eficiente,12.6,63.0,5.0,0
600,True,9,Apartamento,6,Ineficiente,66.66666666666667,100.0,1.5,1
178,True,3,Casa,2,Eficiente,59.333333333333336,89.0,1.5,1
99,False,8,Comércio,3,Eficiente,12.375,33.0,2.6666666666666665,0
652,True,10,Comércio,8,Ineficiente,65.2,81.5,1.25,1
569,True,5,Comércio,8,Ineficiente,113.8,71.125,0.625,1
498,True,16,Apartamento,11,Ineficiente,31.125,45.27272727272727,1.4545454545454546,1
141,True,11,Casa,4,Moderado,12.818181818181818,35.25,2.75,1
224,False,12,Casa,9,Moderado,18.666666666666668,24.88888888888889,1.3333333333333333,0
295,True,4,Apartamento,8,Moderado,73.75,36.875,0.5,1
82,False,16,Apartamento,1,Eficiente,5.125,82.0,16.0,0
239,False,8,Apartamento,8,Eficiente,29.875,29.875,1.0,0
199,True,14,Comércio,1,Moderado,14.214285714285714,199.0,14.0,1
168,True,3,Apartamento,4,Eficiente,56.0,42.0,0.75,1
408,True,14,Casa,10,Ineficiente,29.142857142857142,40.8,1.4,1
659,False,13,Casa,6,Ineficiente,50.69230769230769,109.83333333333331,2.1666666666666665,0
436,True,17,Casa,7,Ineficiente,25.647058823529413,62.285714285714285,2.4285714285714284,1
689,False,4,Apartamento,10,Ineficiente,172.25,68.9,0.4,0
346,True,15,Apartamento,4,Moderado,23.066666666666663,86.5,3.75,1
696,False,7,Apartamento,8,Ineficiente,99.42857142857144,87.0,0.875,0
402,True,3,Apartamento,8,Moderado,134.0,50.25,0.375,1
620,False,10,Comércio,9,Ineficiente,62.0,68.88888888888889,1.1111111111111112,0
274,True,3,Apartamento,6,Eficiente,91.33333333333331,45.66666666666666,0.5,1
411,True,15,Apartamento,4,Moderado,27.4,102.75,3.75,1
249,True,11,Casa,2,Moderado,22.63636363636364,124.5,5.5,1
600,True,12,Comércio,7,Ineficiente,50.0,85.71428571428571,1.7142857142857142,1
542,False,13,Apartamento,10,Ineficiente,41.69230769230769,54.2,1.3,0
119,True,5,Casa,3,Eficiente,23.8,39.66666666666666,1.6666666666666667,1
616,True,14,Casa,11,Ineficiente,44.0,56.0,1.2727272727272727,1
340,False,4,Comércio,3,Eficiente,85.0,113.33333333333331,1.3333333333333333,0
474,True,17,Casa,3,Ineficiente,27.88235294117647,158.0,5.666666666666667,1
305,True,3,Apartamento,4,Moderado,101.66666666666669,76.25,0.75,1
203,False,11,Casa,2,Eficiente,18.454545454545453,101.5,5.5,0
117,True,17,Apartamento,5,Moderado,6.882352941176471,23.4,3.4,1
407,False,6,Apartamento,3,Eficiente,67.83333333333333,135.66666666666666,2.0,0
330,True,14,Casa,10,Ineficiente,23.571428571428573,33.0,1.4,1
255,True,3,Casa,5,Eficiente,85.0,51.0,0.6,1
681,False,3,Comércio,7,Ineficiente,227.0,97.28571428571428,0.4285714285714285,0
533,False,9,Apartamento,9,Ineficiente,59.22222222222222,59.22222222222222,1.0,0
116,True,4,Comércio,2,Eficiente,29.0,58.0,2.0,1
395,False,9,Casa,9,Moderado,43.888888888888886,43.888888888888886,1.0,0
672,True,14,Casa,10,Ineficiente,48.0,67.2,1.4,1
193,True,17,Casa,6,Moderado,11.352941176470589,32.166666666666664,2.833333333333333,1
119,False,9,Apartamento,6,Eficiente,13.22222222222222,19.83333333333333,1.5,0
380,True,17,Casa,11,Ineficiente,22.352941176470587,34.54545454545455,1.5454545454545454,1
303,True,12,Casa,3,Moderado,25.25,101.0,4.0,1
397,False,16,Casa,10,Moderado,24.8125,39.7,1.6,0
428,False,11,Casa,9,Moderado,38.90909090909091,47.55555555555556,1.2222222222222223,0
194,True,15,Apartamento,4,Moderado,12.933333333333334,48.5,3.75,1
402,True,9,Casa,5,Moderado,44.66666666666666,80.4,1.8,1
647,False,15,Apartamento,3,Ineficiente,43.13333333333333,215.66666666666663,5.0,0
119,False,16,Comércio,5,Eficiente,7.4375,23.8,3.2,0
119,False,3,Casa,8,Eficiente,39.66666666666666,14.875,0.375,0
368,True,14,Apartamento,8,Ineficiente,26.285714285714285,46.0,1.75,1
341,True,15,Comércio,8,Ineficiente,22.73333333333333,42.625,1.875,1
295,True,10,Comércio,6,Eficiente,29.5,49.16666666666666,1.6666666666666667,1
226,False,10,Casa,1,Eficiente,22.6,226.0,10.0,0
415,False,6,Casa,11,Moderado,69.16666666666667,37.72727272727273,0.5454545454545454,0
247,False,15,Casa,10,Moderado,16.466666666666665,24.7,1.5,0
171,False,10,Apartamento,6,Eficiente,17.1,28.5,1.6666666666666667,0
432,True,6,Apartamento,11,Moderado,72.0,39.27272727272727,0.5454545454545454,1
650,True,17,Apartamento,10,Ineficiente,38.23529411764706,65.0,1.7,1
650,True,10,Casa,7,Ineficiente,65.0,92.85714285714286,1.4285714285714286,1
442,True,7,Casa,9,Moderado,63.142857142857146,49.11111111111112,0.7777777777777778,1
636,True,6,Apartamento,8,Ineficiente,106.0,79.5,0.75,1
424,True,8,Apartamento,11,Moderado,53.0,38.54545454545455,0.7272727272727273,1
249,False,4,Apartamento,8,Eficiente,62.25,31.125,0.5,0
435,False,14,Casa,7,Moderado,31.071428571428573,62.142857142857146,2.0,0
270,True,4,Casa,2,Eficiente,67.5,135.0,2.0,1
501,True,4,Casa,1,Ineficiente,125.25,501.0,4.0,1
86,True,11,Casa,2,Moderado,7.818181818181818,43.0,5.5,1
212,False,17,Casa,6,Eficiente,12.470588235294118,35.333333333333336,2.833333333333333,0
636,False,16,Casa,2,Ineficiente,39.75,318.0,8.0,0
110,False,12,Casa,10,Moderado,9.166666666666666,11.0,1.2,0
614,True,5,Casa,4,Ineficiente,122.8,153.5,1.25,1
505,True,17,Casa,10,Ineficiente,29.705882352941178,50.5,1.7,1
473,True,12,Apartamento,3,Ineficiente,39.41666666666666,157.66666666666666,4.0,1
442,False,6,Casa,6,Eficiente,73.66666666666667,73.66666666666667,1.0,0
516,False,12,Apartamento,8,Ineficiente,43.0,64.5,1.5,0
630,False,14,Apartamento,11,Ineficiente,45.0,57.27272727272727,1.2727272727272727,0
161,True,10,Apartamento,6,Eficiente,16.1,26.83333333333333,1.6666666666666667,1
435,False,6,Comércio,2,Eficiente,72.5,217.5,3.0,0
337,False,13,Casa,5,Moderado,25.923076923076923,67.4,2.6,0
668,True,12,Apartamento,11,Ineficiente,55.66666666666666,60.72727272727273,1.0909090909090908,1
603,True,12,Comércio,6,Ineficiente,50.25,100.5,2.0,1
374,False,15,Comércio,9,Ineficiente,24.933333333333334,41.55555555555556,1.6666666666666667,0
303,True,9,Casa,6,Moderado,33.666666666666664,50.5,1.5,1
604,False,7,Casa,10,Ineficiente,86.28571428571429,60.4,0.7,0
125,False,11,Casa,5,Eficiente,11.363636363636363,25.0,2.2,0
192,False,6,Apartamento,1,Eficiente,32.0,192.0,6.0,0
312,False,5,Apartamento,10,Moderado,62.4,31.2,0.5,0
96,False,15,Casa,5,Eficiente,6.4,19.2,3.0,0
439,False,4,Apartamento,5,Eficiente,109.75,87.8,0.8,0
302,True,3,Apartamento,6,Moderado,100.66666666666669,50.333333333333336,0.5,1
527,True,13,Casa,7,Ineficiente,40.53846153846154,75.28571428571429,1.8571428571428568,1
444,True,8,Comércio,4,Moderado,55.5,111.0,2.0,1
405,False,12,Apartamento,7,Moderado,33.75,57.85714285714285,1.7142857142857142,0
546,True,4,Casa,5,Ineficiente,136.5,109.2,0.8,1
493,True,10,Apartamento,6,Ineficiente,49.3,82.16666666666667,1.6666666666666667,1
534,True,8,Casa,4,Ineficiente,66.75,133.5,2.0,1
665,False,14,Apartamento,8,Ineficiente,47.5,83.125,1.75,0
312,False,14,Comércio,9,Ineficiente,22.285714285714285,34.666666666666664,1.5555555555555556,0
303,False,7,Comércio,2,Eficiente,43.285714285714285,151.5,3.5,0
491,True,15,Casa,11,Ineficiente,32.733333333333334,44.63636363636363,1.3636363636363635,1
651,False,4,Casa,4,Moderado,162.75,162.75,1.0,0
414,False,9,Casa,11,Moderado,46.0,37.63636363636363,0.8181818181818182,0
301,True,4,Apartamento,8,Moderado,75.25,37.625,0.5,1
116,False,15,Casa,8,Moderado,7.733333333333333,14.5,1.875,0
357,True,16,Apartamento,9,Ineficiente,22.3125,39.66666666666666,1.7777777777777777,1
275,False,7,Casa,3,Eficiente,39.285714285714285,91.66666666666669,2.333333333333333,0
563,True,4,Casa,1,Ineficiente,140.75,563.0,4.0,1
321,True,13,Casa,9,Ineficiente,24.692307692307693,35.666666666666664,1.4444444444444444,1
403,False,12,Comércio,1,Moderado,33.583333333333336,403.0,12.0,0
271,True,13,Apartamento,3,Moderado,20.846153846153847,90.33333333333331,4.333333333333333,1
96,True,13,Casa,3,Moderado,7.384615384615385,32.0,4.333333333333333,1
603,False,4,Casa,9,Ineficiente,150.75,67.0,0.4444444444444444,0
480,True,17,Apartamento,1,Ineficiente,28.235294117647054,480.0,17.0,1
101,False,9,Casa,7,Eficiente,11.22222222222222,14.428571428571429,1.2857142857142858,0
553,True,11,Apartamento,2,Ineficiente,50.27272727272727,276.5,5.5,1
199,False,7,Apartamento,7,Eficiente,28.428571428571427,28.428571428571427,1.0,0
289,False,9,Apartamento,1,Eficiente,32.111111111111114,289.0,9.0,0
385,True,6,Apartamento,10,Moderado,64.16666666666667,38.5,0.6,1
349,False,4,Apartamento,10,Moderado,87.25,34.9,0.4,0
364,False,5,Comércio,8,Moderado,72.8,45.5,0.625,0
306,False,4,Comércio,10,Moderado,76.5,30.6,0.4,0
460,False,7,Apartamento,10,Ineficiente,65.71428571428571,46.0,0.7,0
539,False,8,Casa,2,Moderado,67.375,269.5,4.0,0
86,True,17,Apartamento,3,Moderado,5.0588235294117645,28.666666666666668,5.666666666666667,1
108,True,17,Casa,8,Moderado,6.352941176470588,13.5,2.125,1
112,False,9,Apartamento,3,Eficiente,12.444444444444445,37.333333333333336,3.0,0
158,True,5,Apartamento,1,Eficiente,31.6,158.0,5.0,1
538,True,6,Casa,9,Ineficiente,89.66666666666667,59.77777777777778,0.6666666666666666,1
649,True,10,Casa,8,Ineficiente,64.9,81.125,1.25,1
617,True,6,Apartamento,4,Ineficiente,102.83333333333331,154.25,1.5,1
561,True,9,Comércio,8,Ineficiente,62.333333333333336,70.125,1.125,1
509,False,14,Apartamento,5,Ineficiente,36.35714285714285,101.8,2.8,0
364,True,8,Apartamento,3,Moderado,45.5,121.33333333333331,2.6666666666666665,1
595,True,9,Casa,1,Ineficiente,66.11111111111111,595.0,9.0,1
178,False,3,Apartamento,10,Eficiente,59.333333333333336,17.8,0.3,0
476,False,5,Casa,5,Moderado,95.2,95.2,1.0,0
568,True,8,Apartamento,11,Ineficiente,71.0,51.63636363636363,0.7272727272727273,1
118,True,5,Casa,6,Eficiente,23.6,19.666666666666668,0.8333333333333334,1
350,False,17,Apartamento,4,Moderado,20.58823529411765,87.5,4.25,0
236,False,16,Casa,7,Moderado,14.75,33.714285714285715,2.2857142857142856,0
154,False,17,Casa,3,Eficiente,9.058823529411764,51.333333333333336,5.666666666666667,0
209,False,16,Comércio,7,Moderado,13.0625,29.857142857142858,2.2857142857142856,0
163,False,9,Casa,1,Eficiente,18.11111111111111,163.0,9.0,0
101,True,11,Casa,7,Moderado,9.181818181818182,14.428571428571429,1.5714285714285714,1
538,False,5,Apartamento,1,Moderado,107.6,538.0,5.0,0
618,True,16,Comércio,11,Ineficiente,38.625,56.18181818181818,1.4545454545454546,1
461,False,3,Casa,1,Moderado,153.66666666666666,461.0,3.0,0
519,False,12,Apartamento,2,Ineficiente,43.25,259.5,6.0,0
683,True,17,Comércio,2,Ineficiente,40.1764705882353,341.5,8.5,1
100,True,15,Casa,4,Moderado,6.666666666666667,25.0,3.75,1
382,True,8,Casa,1,Moderado,47.75,382.0,8.0,1
163,True,14,Casa,4,Moderado,11.642857142857142,40.75,3.5,1
532,False,3,Apartamento,2,Moderado,177.33333333333334,266.0,1.5,0
466,True,3,Casa,4,Ineficiente,155.33333333333334,116.5,0.75,1
586,False,16,Casa,4,Ineficiente,36.625,146.5,4.0,0
336,True,10,Apartamento,9,Moderado,33.6,37.333333333333336,1.1111111111111112,1
649,False,11,Apartamento,9,Ineficiente,59.0,72.11111111111111,1.2222222222222223,0
606,False,4,Casa,1,Moderado,151.5,606.0,4.0,0
241,False,11,Apartamento,5,Eficiente,21.90909090909091,48.2,2.2,0
242,True,7,Casa,7,Moderado,34.57142857142857,34.57142857142857,1.0,1
603,False,15,Casa,4,Ineficiente,40.2,150.75,3.75,0
350,True,10,Apartamento,5,Moderado,35.0,70.0,2.0,1
571,True,9,Comércio,2,Ineficiente,63.44444444444444,285.5,4.5,1
287,True,9,Casa,3,Eficiente,31.88888888888889,95.66666666666669,3.0,1
618,True,6,Comércio,7,Ineficiente,103.0,88.28571428571429,0.8571428571428571,1
663,False,4,Apartamento,10,Ineficiente,165.75,66.3,0.4,0
139,True,7,Casa,7,Moderado,19.857142857142858,19.857142857142858,1.0,1
509,False,16,Apartamento,4,Ineficiente,31.8125,127.25,4.0,0
684,False,13,Casa,1,Ineficiente,52.61538461538461,684.0,13.0,0
388,True,13,Comércio,1,Ineficiente,29.846153846153847,388.0,13.0,1
599,False,5,Comércio,4,Moderado,119.8,149.75,1.25,0
670,True,17,Casa,4,Ineficiente,39.41176470588236,167.5,4.25,1
106,True,16,Casa,6,Moderado,6.625,17.666666666666668,2.6666666666666665,1
641,True,11,Casa,7,Ineficiente,58.27272727272727,91.57142857142856,1.5714285714285714,1
278,False,8,Casa,9,Eficiente,34.75,30.88888888888889,0.8888888888888888,0
466,False,3,Casa,9,Ineficiente,155.33333333333334,51.77777777777778,0.3333333333333333,0
428,True,5,Casa,10,Moderado,85.6,42.8,0.5,1
615,True,14,Apartamento,5,Ineficiente,43.92857142857143,123.0,2.8,1
457,False,6,Casa,10,Ineficiente,76.16666666666667,45.7,0.6,0
637,True,11,Apartamento,11,Ineficiente,57.90909090909091,57.90909090909091,1.0,1
606,False,13,Apartamento,3,Ineficiente,46.61538461538461,202.0,4.333333333333333,0
232,False,8,Apartamento,3,Eficiente,29.0,77.33333333333333,2.6666666666666665,0
285,True,6,Comércio,6,Eficiente,47.5,47.5,1.0,1
534,False,3,Casa,1,Moderado,178.0,534.0,3.0,0
352,True,10,Casa,7,Moderado,35.2,50.285714285714285,1.4285714285714286,1
315,False,16,Apartamento,3,Moderado,19.6875,105.0,5.333333333333333,0
600,False,13,Apartamento,5,Ineficiente,46.15384615384615,120.0,2.6,0
580,True,4,Apartamento,7,Ineficiente,145.0,82.85714285714286,0.5714285714285714,1
196,True,13,Comércio,7,Ineficiente,15.076923076923077,28.0,1.8571428571428568,1
465,False,17,Comércio,9,Ineficiente,27.352941176470587,51.66666666666666,1.8888888888888888,0
423,False,13,Apartamento,1,Moderado,32.53846153846154,423.0,13.0,0
663,True,10,Apartamento,3,Ineficiente,66.3,221.0,3.333333333333333,1
474,False,8,Casa,9,Ineficiente,59.25,52.66666666666666,0.8888888888888888,0
143,True,10,Casa,8,Moderado,14.3,17.875,1.25,1
151,True,8,Apartamento,2,Eficiente,18.875,75.5,4.0,1
353,False,7,Casa,8,Moderado,50.42857142857143,44.125,0.875,0
399,True,7,Casa,8,Moderado,57.0,49.875,0.875,1
417,False,16,Casa,2,Moderado,26.0625,208.5,8.0,0
445,True,16,Apartamento,8,Ineficiente,27.8125,55.625,2.0,1
574,False,12,Casa,3,Ineficiente,47.833333333333336,191.33333333333331,4.0,0
686,True,12,Apartamento,7,Ineficiente,57.16666666666666,98.0,1.7142857142857142,1
245,True,13,Casa,9,Moderado,18.846153846153847,27.22222222222222,1.4444444444444444,1
623,False,10,Casa,4,Moderado,62.3,155.75,2.5,0
90,True,9,Casa,11,Moderado,10.0,8.181818181818182,0.8181818181818182,1
380,True,10,Casa,6,Moderado,38.0,63.333333333333336,1.6666666666666667,1
181,True,14,Comércio,9,Ineficiente,12.928571428571429,20.11111111111111,1.5555555555555556,1
504,True,10,Casa,11,Ineficiente,50.4,45.81818181818182,0.9090909090909092,1
471,False,9,Casa,11,Ineficiente,52.333333333333336,42.81818181818182,0.8181818181818182,0
293,True,4,Apartamento,5,Eficiente,73.25,58.6,0.8,1
167,False,13,Apartamento,1,Eficiente,12.846153846153848,167.0,13.0,0
632,True,17,Casa,3,Ineficiente,37.1764705882353,210.66666666666663,5.666666666666667,1
480,True,11,Casa,11,Ineficiente,43.63636363636363,43.63636363636363,1.0,1
667,True,15,Comércio,9,Ineficiente,44.46666666666667,74.11111111111111,1.6666666666666667,1
125,True,9,Apartamento,3,Eficiente,13.88888888888889,41.66666666666666,3.0,1
542,True,14,Casa,11,Ineficiente,38.71428571428572,49.27272727272727,1.2727272727272727,1
671,False,13,Apartamento,11,Ineficiente,51.61538461538461,61.0,1.181818181818182,0
389,False,17,Casa,10,Moderado,22.88235294117647,38.9,1.7,0
165,True,8,Casa,2,Eficiente,20.625,82.5,4.0,1
171,True,11,Apartamento,4,Moderado,15.545454545454543,42.75,2.75,1
321,True,15,Comércio,5,Ineficiente,21.4,64.2,3.0,1
81,True,3,Casa,7,Moderado,27.0,11.571428571428571,0.4285714285714285,1
304,True,13,Apartamento,7,Ineficiente,23.384615384615383,43.42857142857143,1.8571428571428568,1
668,True,4,Casa,9,Ineficiente,167.0,74.22222222222223,0.4444444444444444,1
195,True,15,Casa,8,Moderado,13.0,24.375,1.875,1
182,True,3,Casa,2,Eficiente,60.66666666666666,91.0,1.5,1
273,True,12,Casa,8,Moderado,22.75,34.125,1.5,1
245,True,14,Comércio,8,Ineficiente,17.5,30.625,1.75,1
169,True,5,Apartamento,5,Eficiente,33.8,33.8,1.0,1
201,True,13,Casa,3,Moderado,15.461538461538462,67.0,4.333333333333333,1
222,True,7,Comércio,9,Moderado,31.714285714285715,24.666666666666668,0.7777777777777778,1
185,True,3,Comércio,7,Moderado,61.66666666666666,26.428571428571427,0.4285714285714285,1
507,True,6,Apartamento,1,Ineficiente,84.5,507.0,6.0,1
384,True,16,Comércio,8,Ineficiente,24.0,48.0,2.0,1
396,True,15,Casa,10,Ineficiente,26.4,39.6,1.5,1
88,True,10,Apartamento,5,Eficiente,8.8,17.6,2.0,1
152,True,8,Apartamento,6,Eficiente,19.0,25.33333333333333,1.3333333333333333,1
438,True,15,Comércio,9,Ineficiente,29.2,48.66666666666666,1.6666666666666667,1
302,False,3,Apartamento,10,Moderado,100.66666666666669,30.2,0.3,0
495,True,14,Casa,8,Ineficiente,35.357142857142854,61.875,1.75,1
632,True,3,Apartamento,11,Ineficiente,210.66666666666663,57.45454545454545,0.2727272727272727,1
449,False,5,Casa,3,Eficiente,89.8,149.66666666666666,1.6666666666666667,0
343,True,16,Casa,5,Moderado,21.4375,68.6,3.2,1
397,True,12,Casa,4,Moderado,33.083333333333336,99.25,3.0,1
163,False,17,Comércio,1,Eficiente,9.588235294117649,163.0,17.0,0
397,False,10,Casa,5,Eficiente,39.7,79.4,2.0,0
190,True,13,Apartamento,10,Moderado,14.615384615384617,19.0,1.3,1
330,True,13,Casa,7,Ineficiente,25.384615384615383,47.142857142857146,1.8571428571428568,1
462,True,16,Comércio,1,Ineficiente,28.875,462.0,16.0,1
86,True,10,Casa,4,Eficiente,8.6,21.5,2.5,1
538,False,15,Apartamento,6,Ineficiente,35.86666666666667,89.66666666666667,2.5,0
163,True,5,Comércio,11,Moderado,32.6,14.818181818181818,0.4545454545454545,1
287,True,9,Casa,9,Moderado,31.88888888888889,31.88888888888889,1.0,1
469,False,14,Casa,11,Ineficiente,33.5,42.63636363636363,1.2727272727272727,0
393,False,5,Apartamento,8,Moderado,78.6,49.125,0.625,0
101,True,6,Comércio,2,Eficiente,16.833333333333332,50.5,3.0,1
489,False,11,Apartamento,11,Ineficiente,44.45454545454545,44.45454545454545,1.0,0
594,True,15,Casa,3,Ineficiente,39.6,198.0,5.0,1
206,False,6,Comércio,10,Eficiente,34.333333333333336,20.6,0.6,0
93,True,5,Casa,5,Eficiente,18.6,18.6,1.0,1
91,True,7,Apartamento,11,Moderado,13.0,8.272727272727273,0.6363636363636364,1
166,True,9,Apartamento,7,Moderado,18.444444444444443,23.714285714285715,1.2857142857142858,1
603,True,7,Casa,3,Ineficiente,86.14285714285714,201.0,2.333333333333333,1
616,True,6,Apartamento,7,Ineficiente,102.66666666666669,88.0,0.8571428571428571,1
380,False,10,Apartamento,5,Eficiente,38.0,76.0,2.0,0
322,False,6,Comércio,10,Moderado,53.66666666666666,32.2,0.6,0
201,True,4,Casa,6,Eficiente,50.25,33.5,0.6666666666666666,1
226,True,12,Casa,6,Moderado,18.83333333333333,37.66666666666666,2.0,1
646,True,15,Apartamento,11,Ineficiente,43.06666666666667,58.72727272727273,1.3636363636363635,1
435,False,16,Casa,11,Moderado,27.1875,39.54545454545455,1.4545454545454546,0
388,False,8,Casa,4,Eficiente,48.5,97.0,2.0,0
367,False,4,Comércio,8,Moderado,91.75,45.875,0.5,0
386,False,5,Casa,9,Moderado,77.2,42.888888888888886,0.5555555555555556,0
673,True,3,Comércio,2,Ineficiente,224.33333333333331,336.5,1.5,1
628,True,7,Casa,9,Ineficiente,89.71428571428571,69.77777777777777,0.7777777777777778,1
431,False,11,Casa,11,Moderado,39.18181818181818,39.18181818181818,1.0,0
391,False,4,Apartamento,4,Eficiente,97.75,97.75,1.0,0
138,True,14,Apartamento,6,Moderado,9.857142857142858,23.0,2.333333333333333,1
114,True,9,Apartamento,7,Moderado,12.666666666666666,16.285714285714285,1.2857142857142858,1
524,False,7,Apartamento,4,Moderado,74.85714285714286,131.0,1.75,0
172,True,4,Apartamento,8,Moderado,43.0,21.5,0.5,1
286,True,10,Casa,10,Moderado,28.6,28.6,1.0,1
432,False,13,Casa,8,Moderado,33.23076923076923,54.0,1.625,0
411,True,17,Casa,1,Moderado,24.176470588235293,411.0,17.0,1
238,True,15,Apartamento,8,Moderado,15.866666666666667,29.75,1.875,1
103,False,15,Casa,10,Moderado,6.866666666666666,10.3,1.5,0
483,False,8,Casa,3,Moderado,60.375,161.0,2.6666666666666665,0
595,False,6,Apartamento,5,Moderado,99.16666666666669,119.0,1.2,0
443,True,15,Casa,10,Ineficiente,29.53333333333333,44.3,1.5,1
461,True,6,Casa,8,Ineficiente,76.83333333333333,57.625,0.75,1
611,False,4,Apartamento,11,Ineficiente,152.75,55.54545454545455,0.3636363636363636,0
231,True,5,Casa,6,Eficiente,46.2,38.5,0.8333333333333334,1
641,True,17,Comércio,4,Ineficiente,37.70588235294117,160.25,4.25,1
687,False,9,Apartamento,4,Moderado,76.33333333333333,171.75,2.25,0
696,True,5,Casa,4,Ineficiente,139.2,174.0,1.25,1
499,True,15,Apartamento,6,Ineficiente,33.266666666666666,83.16666666666667,2.5,1
329,True,7,Casa,7,Moderado,47.0,47.0,1.0,1
196,True,12,Apartamento,5,Moderado,16.333333333333332,39.2,2.4,1
591,True,8,Comércio,10,Ineficiente,73.875,59.1,0.8,1
657,True,8,Apartamento,8,Ineficiente,82.125,82.125,1.0,1
414,False,16,Apartamento,7,Moderado,25.875,59.142857142857146,2.2857142857142856,0
497,False,6,Casa,8,Ineficiente,82.83333333333333,62.125,0.75,0
374,True,8,Casa,4,Moderado,46.75,93.5,2.0,1
450,True,5,Comércio,8,Ineficiente,90.0,56.25,0.625,1
265,True,9,Casa,6,Eficiente,29.444444444444443,44.16666666666666,1.5,1
325,True,9,Casa,3,Moderado,36.11111111111112,108.33333333333331,3.0,1
347,False,6,Casa,8,Moderado,57.833333333333336,43.375,0.75,0
316,False,4,Apartamento,7,Moderado,79.0,45.142857142857146,0.5714285714285714,0
609,False,13,Casa,10,Ineficiente,46.84615384615385,60.9,1.3,0
631,True,9,Comércio,5,Ineficiente,70.11111111111111,126.2,1.8,1
100,True,5,Casa,11,Moderado,20.0,9.090909090909092,0.4545454545454545,1
599,True,17,Casa,4,Ineficiente,35.23529411764706,149.75,4.25,1
179,True,3,Apartamento,1,Eficiente,59.66666666666666,179.0,3.0,1
557,False,4,Casa,10,Ineficiente,139.25,55.7,0.4,0
678,False,12,Apartamento,3,Ineficiente,56.5,226.0,4.0,0
377,True,11,Casa,2,Moderado,34.27272727272727,188.5,5.5,1
605,False,14,Casa,8,Ineficiente,43.21428571428572,75.625,1.75,0
413,True,17,Casa,8,Ineficiente,24.294117647058822,51.625,2.125,1
81,True,10,Comércio,5,Eficiente,8.1,16.2,2.0,1
454,False,17,Apartamento,5,Ineficiente,26.705882352941178,90.8,3.4,0
372,True,17,Apartamento,11,Ineficiente,21.88235294117647,33.81818181818182,1.5454545454545454,1
632,True,16,Casa,4,Ineficiente,39.5,158.0,4.0,1
397,False,8,Apartamento,1,Eficiente,49.625,397.0,8.0,0
581,False,16,Apartamento,1,Ineficiente,36.3125,581.0,16.0,0
460,True,8,Comércio,6,Ineficiente,57.5,76.66666666666667,1.3333333333333333,1
93,True,16,Apartamento,4,Moderado,5.8125,23.25,4.0,1
583,False,3,Apartamento,4,Moderado,194.33333333333331,145.75,0.75,0
310,False,4,Casa,3,Eficiente,77.5,103.33333333333331,1.3333333333333333,0
163,False,6,Apartamento,9,Eficiente,27.166666666666668,18.11111111111111,0.6666666666666666,0
209,True,5,Apartamento,3,Eficiente,41.8,69.66666666666667,1.6666666666666667,1
224,False,16,Comércio,8,Moderado,14.0,28.0,2.0,0
107,True,3,Casa,2,Eficiente,35.666666666666664,53.5,1.5,1
145,False,10,Casa,4,Eficiente,14.5,36.25,2.5,0
242,True,9,Casa,1,Eficiente,26.88888888888889,242.0,9.0,1
308,False,6,Casa,11,Moderado,51.333333333333336,28.0,0.5454545454545454,0
340,True,14,Casa,5,Moderado,24.285714285714285,68.0,2.8,1
528,True,14,Comércio,2,Ineficiente,37.71428571428572,264.0,7.0,1
503,True,11,Apartamento,11,Ineficiente,45.72727272727273,45.72727272727273,1.0,1
539,True,13,Comércio,1,Ineficiente,41.46153846153846,539.0,13.0,1
380,False,16,Apartamento,1,Moderado,23.75,380.0,16.0,0
382,False,6,Casa,2,Eficiente,63.66666666666666,191.0,3.0,0
366,False,3,Apartamento,5,Eficiente,122.0,73.2,0.6,0
474,True,17,Casa,9,Ineficiente,27.88235294117647,52.66666666666666,1.8888888888888888,1
89,False,12,Comércio,6,Eficiente,7.416666666666667,14.833333333333334,2.0,0
349,False,17,Casa,4,Moderado,20.529411764705884,87.25,4.25,0
671,True,3,Casa,3,Ineficiente,223.66666666666663,223.66666666666663,1.0,1
684,True,3,Casa,8,Ineficiente,228.0,85.5,0.375,1
440,False,3,Apartamento,3,Eficiente,146.66666666666666,146.66666666666666,1.0,0
336,False,6,Casa,1,Eficiente,56.0,336.0,6.0,0
212,False,3,Casa,4,Eficiente,70.66666666666667,53.0,0.75,0
355,True,4,Apartamento,11,Moderado,88.75,32.27272727272727,0.3636363636363636,1
592,True,6,Apartamento,5,Ineficiente,98.66666666666669,118.4,1.2,1
392,True,9,Casa,5,Moderado,43.55555555555556,78.4,1.8,1
655,False,4,Apartamento,5,Moderado,163.75,131.0,0.8,0
363,False,10,Comércio,8,Moderado,36.3,45.375,1.25,0
200,True,15,Casa,8,Moderado,13.333333333333334,25.0,1.875,1
186,False,9,Comércio,4,Eficiente,20.666666666666668,46.5,2.25,0
283,True,11,Casa,9,Moderado,25.727272727272727,31.444444444444443,1.2222222222222223,1
244,False,16,Apartamento,1,Eficiente,15.25,244.0,16.0,0
384,True,8,Apartamento,5,Moderado,48.0,76.8,1.6,1
576,True,6,Apartamento,5,Ineficiente,96.0,115.2,1.2,1
635,True,8,Comércio,5,Ineficiente,79.375,127.0,1.6,1
235,True,17,Casa,8,Moderado,13.823529411764708,29.375,2.125,1
446,True,6,Casa,9,Moderado,74.33333333333333,49.55555555555556,0.6666666666666666,1
699,False,9,Apartamento,3,Moderado,77.66666666666667,233.0,3.0,0
330,False,11,Apartamento,9,Moderado,30.0,36.66666666666666,1.2222222222222223,0
413,False,5,Casa,11,Moderado,82.6,37.54545454545455,0.4545454545454545,0
590,True,5,Apartamento,8,Ineficiente,118.0,73.75,0.625,1
372,True,4,Casa,3,Moderado,93.0,124.0,1.3333333333333333,1
99,True,3,Casa,2,Eficiente,33.0,49.5,1.5,1
361,False,16,Apartamento,4,Moderado,22.5625,90.25,4.0,0
80,True,3,Casa,2,Eficiente,26.666666666666668,40.0,1.5,1
198,False,15,Apartamento,4,Eficiente,13.2,49.5,3.75,0
114,False,5,Casa,5,Eficiente,22.8,22.8,1.0,0
277,True,16,Casa,2,Moderado,17.3125,138.5,8.0,1
564,True,9,Apartamento,8,Ineficiente,62.66666666666666,70.5,1.125,1
138,True,17,Apartamento,1,Moderado,8.117647058823529,138.0,17.0,1
240,True,13,Casa,3,Moderado,18.46153846153846,80.0,4.333333333333333,1
285,False,11,Casa,7,Moderado,25.90909090909091,40.71428571428572,1.5714285714285714,0
91,False,16,Casa,10,Moderado,5.6875,9.1,1.6,0
569,True,4,Apartamento,1,Ineficiente,142.25,569.0,4.0,1
355,False,9,Comércio,11,Moderado,39.44444444444444,32.27272727272727,0.8181818181818182,0
321,False,3,Comércio,2,Eficiente,107.0,160.5,1.5,0
295,False,4,Casa,3,Eficiente,73.75,98.33333333333331,1.3333333333333333,0
330,True,8,Casa,2,Moderado,41.25,165.0,4.0,1
205,True,13,Comércio,2,Moderado,15.76923076923077,102.5,6.5,1
296,True,7,Apartamento,11,Moderado,42.285714285714285,26.90909090909091,0.6363636363636364,1
385,False,10,Apartamento,6,Eficiente,38.5,64.16666666666667,1.6666666666666667,0
264,True,14,Apartamento,7,Moderado,18.857142857142858,37.71428571428572,2.0,1
118,True,13,Casa,6,Moderado,9.076923076923077,19.666666666666668,2.1666666666666665,1
302,False,4,Apartamento,11,Moderado,75.5,27.454545454545453,0.3636363636363636,0
263,False,3,Comércio,6,Eficiente,87.66666666666667,43.833333333333336,0.5,0
574,False,9,Apartamento,9,Ineficiente,63.77777777777778,63.77777777777778,1.0,0
506,True,8,Casa,8,Ineficiente,63.25,63.25,1.0,1
257,True,10,Casa,8,Moderado,25.7,32.125,1.25,1
507,False,13,Casa,6,Ineficiente,39.0,84.5,2.1666666666666665,0
373,True,17,Apartamento,5,Moderado,21.94117647058824,74.6,3.4,1
230,True,17,Casa,9,Moderado,13.529411764705882,25.55555555555556,1.8888888888888888,1
463,True,15,Casa,2,Ineficiente,30.866666666666667,231.5,7.5,1
387,True,16,Comércio,7,Ineficiente,24.1875,55.285714285714285,2.2857142857142856,1
415,True,10,Casa,6,Moderado,41.5,69.16666666666667,1.6666666666666667,1
454,False,4,Casa,7,Ineficiente,113.5,64.85714285714286,0.5714285714285714,0
87,False,16,Casa,4,Eficiente,5.4375,21.75,4.0,0
420,False,10,Casa,9,Moderado,42.0,46.66666666666666,1.1111111111111112,0
208,True,8,Casa,7,Moderado,26.0,29.714285714285715,1.1428571428571428,1
431,True,11,Comércio,2,Ineficiente,39.18181818181818,215.5,5.5,1
437,True,14,Comércio,4,Ineficiente,31.214285714285715,109.25,3.5,1
596,False,9,Apartamento,5,Moderado,66.22222222222223,119.2,1.8,0
574,True,4,Casa,2,Ineficiente,143.5,287.0,2.0,1
165,False,10,Apartamento,10,Eficiente,16.5,16.5,1.0,0
254,False,11,Casa,8,Moderado,23.09090909090909,31.75,1.375,0
272,True,9,Casa,1,Eficiente,30.22222222222222,272.0,9.0,1
390,True,6,Comércio,3,Moderado,65.0,130.0,2.0,1
198,False,11,Casa,1,Eficiente,18.0,198.0,11.0,0
297,False,6,Casa,5,Eficiente,49.5,59.4,1.2,0
506,True,14,Apartamento,8,Ineficiente,36.142857142857146,63.25,1.75,1
493,True,6,Apartamento,7,Ineficiente,82.16666666666667,70.42857142857143,0.8571428571428571,1
193,False,11,Casa,9,Moderado,17.545454545454547,21.444444444444443,1.2222222222222223,0
224,True,16,Casa,2,Moderado,14.0,112.0,8.0,1
617,True,10,Casa,8,Ineficiente,61.7,77.125,1.25,1
382,True,6,Apartamento,8,Moderado,63.66666666666666,47.75,0.75,1
667,True,16,Casa,6,Ineficiente,41.6875,111.16666666666669,2.6666666666666665,1
424,True,10,Casa,3,Moderado,42.4,141.33333333333334,3.333333333333333,1
80,True,17,Apartamento,2,Moderado,4.705882352941177,40.0,8.5,1
226,True,10,Comércio,8,Moderado,22.6,28.25,1.25,1
366,True,9,Casa,6,Moderado,40.66666666666666,61.0,1.5,1
132,False,12,Casa,4,Eficiente,11.0,33.0,3.0,0
383,False,15,Apartamento,5,Moderado,25.53333333333333,76.6,3.0,0
148,False,8,Apartamento,5,Eficiente,18.5,29.6,1.6,0
440,False,10,Casa,9,Moderado,44.0,48.888888888888886,1.1111111111111112,0
681,True,9,Casa,9,Ineficiente,75.66666666666667,75.66666666666667,1.0,1
299,True,7,Casa,8,Moderado,42.71428571428572,37.375,0.875,1
654,False,14,Casa,8,Ineficiente,46.71428571428572,81.75,1.75,0
664,True,15,Apartamento,2,Ineficiente,44.266666666666666,332.0,7.5,1
240,True,15,Casa,3,Moderado,16.0,80.0,5.0,1
168,False,6,Apartamento,8,Eficiente,28.0,21.0,0.75,0
664,True,16,Apartamento,5,Ineficiente,41.5,132.8,3.2,1
668,True,14,Apartamento,7,Ineficiente,47.71428571428572,95.42857142857144,2.0,1
238,False,4,Casa,8,Eficiente,59.5,29.75,0.5,0
568,False,13,Apartamento,6,Ineficiente,43.69230769230769,94.66666666666669,2.1666666666666665,0
403,True,10,Casa,5,Moderado,40.3,80.6,2.0,1
689,False,11,Comércio,8,Ineficiente,62.63636363636363,86.125,1.375,0
460,False,6,Comércio,1,Moderado,76.66666666666667,460.0,6.0,0
181,False,6,Casa,1,Eficiente,30.166666666666668,181.0,6.0,0
573,True,7,Casa,1,Ineficiente,81.85714285714286,573.0,7.0,1
693,True,4,Casa,3,Ineficiente,173.25,231.0,1.3333333333333333,1
98,False,9,Apartamento,10,Eficiente,10.88888888888889,9.8,0.9,0
533,False,17,Apartamento,6,Ineficiente,31.352941176470587,88.83333333333333,2.833333333333333,0
561,False,7,Apartamento,6,Moderado,80.14285714285714,93.5,1.1666666666666667,0
673,True,8,Apartamento,5,Ineficiente,84.125,134.6,1.6,1
476,True,6,Casa,7,Ineficiente,79.33333333333333,68.0,0.8571428571428571,1
358,False,10,Apartamento,5,Eficiente,35.8,71.6,2.0,0
444,True,10,Apartamento,2,Moderado,44.4,222.0,5.0,1
410,True,14,Apartamento,4,Moderado,29.285714285714285,102.5,3.5,1
423,True,7,Apartamento,1,Moderado,60.42857142857143,423.0,7.0,1
534,True,14,Apartamento,7,Ineficiente,38.142857142857146,76.28571428571429,2.0,1
680,False,8,Apartamento,4,Moderado,85.0,170.0,2.0,0
144,False,5,Apartamento,4,Eficiente,28.8,36.0,1.25,0
155,True,3,Apartamento,4,Eficiente,51.66666666666666,38.75,0.75,1
222,True,11,Apartamento,3,Moderado,20.181818181818183,74.0,3.6666666666666665,1
684,False,11,Apartamento,8,Ineficiente,62.18181818181818,85.5,1.375,0
552,True,5,Apartamento,4,Ineficiente,110.4,138.0,1.25,1
496,True,6,Apartamento,8,Ineficiente,82.66666666666667,62.0,0.75,1
384,False,15,Casa,9,Moderado,25.6,42.66666666666666,1.6666666666666667,0
576,True,9,Casa,1,Ineficiente,64.0,576.0,9.0,1
370,False,4,Casa,4,Eficiente,92.5,92.5,1.0,0
181,True,14,Apartamento,6,Moderado,12.928571428571429,30.166666666666668,2.333333333333333,1
346,False,5,Apartamento,8,Moderado,69.2,43.25,0.625,0
82,True,8,Comércio,6,Eficiente,10.25,13.666666666666666,1.3333333333333333,1
164,False,13,Casa,6,Eficiente,12.615384615384617,27.33333333333333,2.1666666666666665,0
407,True,10,Casa,10,Moderado,40.7,40.7,1.0,1
529,True,17,Casa,4,Ineficiente,31.11764705882353,132.25,4.25,1
533,False,3,Casa,9,Ineficiente,177.66666666666666,59.22222222222222,0.3333333333333333,0
300,True,6,Apartamento,7,Moderado,50.0,42.85714285714285,0.8571428571428571,1
233,True,17,Casa,11,Moderado,13.705882352941176,21.181818181818183,1.5454545454545454,1
91,True,3,Apartamento,6,Eficiente,30.33333333333333,15.166666666666666,0.5,1
212,False,4,Apartamento,1,Eficiente,53.0,212.0,4.0,0
383,True,10,Apartamento,2,Moderado,38.3,191.5,5.0,1
372,True,8,Comércio,6,Moderado,46.5,62.0,1.3333333333333333,1
379,False,11,Casa,11,Moderado,34.45454545454545,34.45454545454545,1.0,0
122,True,4,Casa,1,Eficiente,30.5,122.0,4.0,1
422,False,5,Comércio,11,Moderado,84.4,38.36363636363637,0.4545454545454545,0
405,False,11,Comércio,5,Moderado,36.81818181818182,81.0,2.2,0
577,False,11,Casa,1,Ineficiente,52.45454545454545,577.0,11.0,0
443,False,15,Casa,3,Moderado,29.53333333333333,147.66666666666666,5.0,0
506,False,8,Casa,7,Ineficiente,63.25,72.28571428571429,1.1428571428571428,0
100,True,16,Casa,5,Moderado,6.25,20.0,3.2,1
486,False,17,Comércio,10,Ineficiente,28.58823529411765,48.6,1.7,0
698,True,5,Apartamento,1,Ineficiente,139.6,698.0,5.0,1
415,True,7,Casa,1,Moderado,59.285714285714285,415.0,7.0,1
196,False,17,Comércio,8,Moderado,11.529411764705882,24.5,2.125,0
203,True,4,Apartamento,11,Moderado,50.75,18.454545454545453,0.3636363636363636,1
478,False,9,Casa,9,Ineficiente,53.11111111111112,53.11111111111112,1.0,0
130,True,12,Comércio,7,Ineficiente,10.833333333333334,18.571428571428573,1.7142857142857142,1
403,False,13,Apartamento,3,Moderado,31.0,134.33333333333334,4.333333333333333,0
220,True,10,Apartamento,6,Eficiente,22.0,36.66666666666666,1.6666666666666667,1
549,False,8,Apartamento,3,Moderado,68.625,183.0,2.6666666666666665,0
413,False,10,Apartamento,10,Moderado,41.3,41.3,1.0,0
452,False,4,Casa,4,Moderado,113.0,113.0,1.0,0
643,True,5,Apartamento,4,Ineficiente,128.6,160.75,1.25,1
573,True,9,Comércio,3,Ineficiente,63.66666666666666,191.0,3.0,1
618,True,12,Casa,10,Ineficiente,51.5,61.8,1.2,1
235,False,14,Apartamento,6,Eficiente,16.785714285714285,39.16666666666666,2.333333333333333,0
370,False,3,Apartamento,5,Eficiente,123.33333333333331,74.0,0.6,0
223,True,9,Casa,11,Moderado,24.77777777777778,20.272727272727277,0.8181818181818182,1
185,False,8,Apartamento,9,Eficiente,23.125,20.55555555555556,0.8888888888888888,0
499,False,10,Casa,9,Ineficiente,49.9,55.44444444444444,1.1111111111111112,0
81,True,9,Apartamento,3,Eficiente,9.0,27.0,3.0,1
668,False,6,Casa,9,Ineficiente,111.33333333333331,74.22222222222223,0.6666666666666666,0
169,False,5,Comércio,3,Eficiente,33.8,56.333333333333336,1.6666666666666667,0
424,True,5,Casa,4,Moderado,84.8,106.0,1.25,1
429,True,17,Casa,1,Moderado,25.235294117647054,429.0,17.0,1
538,True,6,Casa,5,Ineficiente,89.66666666666667,107.6,1.2,1
342,False,17,Comércio,9,Ineficiente,20.11764705882353,38.0,1.8888888888888888,0
430,False,11,Apartamento,2,Moderado,39.09090909090909,215.0,5.5,0
187,False,11,Apartamento,4,Eficiente,17.0,46.75,2.75,0
665,True,15,Apartamento,10,Ineficiente,44.333333333333336,66.5,1.5,1
118,True,4,Apartamento,2,Eficiente,29.5,59.0,2.0,1
238,True,7,Casa,8,Moderado,34.0,29.75,0.875,1
662,True,3,Apartamento,9,Ineficiente,220.66666666666663,73.55555555555556,0.3333333333333333,1
391,False,6,Casa,3,Eficiente,65.16666666666667,130.33333333333334,2.0,0
320,False,4,Comércio,9,Moderado,80.0,35.55555555555556,0.4444444444444444,0
524,False,10,Apartamento,6,Moderado,52.4,87.33333333333333,1.6666666666666667,0
377,False,6,Casa,6,Eficiente,62.833333333333336,62.833333333333336,1.0,0
115,True,7,Casa,7,Moderado,16.428571428571427,16.428571428571427,1.0,1
163,True,13,Apartamento,5,Moderado,12.538461538461538,32.6,2.6,1
531,True,6,Casa,6,Ineficiente,88.5,88.5,1.0,1
464,False,7,Casa,11,Ineficiente,66.28571428571429,42.18181818181818,0.6363636363636364,0
251,False,7,Casa,1,Eficiente,35.857142857142854,251.0,7.0,0
455,True,7,Apartamento,3,Ineficiente,65.0,151.66666666666666,2.333333333333333,1
441,True,13,Apartamento,9,Ineficiente,33.92307692307692,49.0,1.4444444444444444,1
638,True,5,Casa,5,Ineficiente,127.6,127.6,1.0,1
220,True,9,Casa,5,Eficiente,24.444444444444443,44.0,1.8,1
197,True,5,Apartamento,8,Moderado,39.4,24.625,0.625,1
356,True,4,Apartamento,11,Moderado,89.0,32.36363636363637,0.3636363636363636,1
299,True,5,Casa,11,Moderado,59.8,27.181818181818183,0.4545454545454545,1
105,False,13,Casa,2,Eficiente,8.076923076923077,52.5,6.5,0
600,False,5,Comércio,7,Ineficiente,120.0,85.71428571428571,0.7142857142857143,0
89,True,10,Comércio,9,Moderado,8.9,9.88888888888889,1.1111111111111112,1
457,True,6,Comércio,7,Ineficiente,76.16666666666667,65.28571428571429,0.8571428571428571,1
663,True,5,Apartamento,5,Ineficiente,132.6,132.6,1.0,1
231,True,12,Casa,6,Moderado,19.25,38.5,2.0,1
128,True,7,Casa,4,Eficiente,18.285714285714285,32.0,1.75,1
233,True,6,Casa,7,Moderado,38.833333333333336,33.285714285714285,0.8571428571428571,1
372,False,11,Casa,1,Moderado,33.81818181818182,372.0,11.0,0
659,False,10,Comércio,4,Moderado,65.9,164.75,2.5,0
129,True,13,Apartamento,3,Moderado,9.923076923076923,43.0,4.333333333333333,1
610,False,9,Apartamento,4,Moderado,67.77777777777777,152.5,2.25,0
691,True,17,Casa,1,Ineficiente,40.64705882352941,691.0,17.0,1
139,True,10,Comércio,2,Eficiente,13.9,69.5,5.0,1
246,False,15,Apartamento,11,Moderado,16.4,22.363636363636363,1.3636363636363635,0
281,False,7,Casa,9,Eficiente,40.142857142857146,31.22222222222222,0.7777777777777778,0
225,False,6,Comércio,7,Eficiente,37.5,32.142857142857146,0.8571428571428571,0
518,False,9,Casa,6,Moderado,57.55555555555556,86.33333333333333,1.5,0
321,False,3,Casa,2,Eficiente,107.0,160.5,1.5,0
660,False,8,Apartamento,1,Moderado,82.5,660.0,8.0,0
640,False,17,Apartamento,2,Ineficiente,37.64705882352941,320.0,8.5,0
562,True,10,Casa,7,Ineficiente,56.2,80.28571428571429,1.4285714285714286,1
187,False,9,Casa,2,Eficiente,20.77777777777778,93.5,4.5,0
305,False,4,Comércio,3,Eficiente,76.25,101.66666666666669,1.3333333333333333,0
511,False,16,Apartamento,8,Ineficiente,31.9375,63.875,2.0,0
498,True,15,Apartamento,7,Ineficiente,33.2,71.14285714285714,2.142857142857143,1
534,False,16,Casa,11,Ineficiente,33.375,48.54545454545455,1.4545454545454546,0
239,True,9,Casa,11,Moderado,26.55555555555556,21.727272727272727,0.8181818181818182,1
602,True,15,Casa,11,Ineficiente,40.13333333333333,54.72727272727273,1.3636363636363635,1
669,True,8,Casa,9,Ineficiente,83.625,74.33333333333333,0.8888888888888888,1
156,False,15,Casa,4,Eficiente,10.4,39.0,3.75,0
588,False,7,Casa,7,Ineficiente,84.0,84.0,1.0,0
520,True,6,Apartamento,1,Ineficiente,86.66666666666667,520.0,6.0,1
333,True,3,Casa,11,Moderado,111.0,30.272727272727277,0.2727272727272727,1
399,True,15,Apartamento,11,Ineficiente,26.6,36.27272727272727,1.3636363636363635,1
342,False,4,Casa,2,Eficiente,85.5,171.0,2.0,0
676,True,17,Apartamento,7,Ineficiente,39.76470588235294,96.57142857142856,2.4285714285714284,1
633,True,9,Casa,2,Ineficiente,70.33333333333333,316.5,4.5,1
453,True,12,Apartamento,6,Ineficiente,37.75,75.5,2.0,1
246,True,5,Casa,10,Moderado,49.2,24.6,0.5,1
538,True,7,Comércio,9,Ineficiente,76.85714285714286,59.77777777777778,0.7777777777777778,1
359,False,10,Apartamento,11,Moderado,35.9,32.63636363636363,0.9090909090909092,0
381,True,15,Apartamento,5,Moderado,25.4,76.2,3.0,1
610,False,15,Casa,10,Ineficiente,40.66666666666666,61.0,1.5,0
659,True,10,Apartamento,7,Ineficiente,65.9,94.14285714285714,1.4285714285714286,1
297,True,8,Apartamento,1,Eficiente,37.125,297.0,8.0,1
181,True,7,Casa,8,Moderado,25.857142857142858,22.625,0.875,1
633,False,15,Apartamento,9,Ineficiente,42.2,70.33333333333333,1.6666666666666667,0
367,False,4,Apartamento,5,Eficiente,91.75,73.4,0.8,0
246,False,11,Apartamento,6,Eficiente,22.363636363636363,41.0,1.8333333333333333,0
115,False,3,Apartamento,11,Eficiente,38.333333333333336,10.454545454545457,0.2727272727272727,0
432,True,13,Comércio,8,Ineficiente,33.23076923076923,54.0,1.625,1
152,False,4,Comércio,4,Eficiente,38.0,38.0,1.0,0
432,False,15,Casa,2,Moderado,28.8,216.0,7.5,0
149,True,3,Apartamento,10,Moderado,49.66666666666666,14.9,0.3,1
504,False,14,Apartamento,8,Ineficiente,36.0,63.0,1.75,0
640,True,6,Apartamento,2,Ineficiente,106.66666666666669,320.0,3.0,1
596,True,6,Comércio,5,Ineficiente,99.33333333333331,119.2,1.2,1
507,True,7,Casa,6,Ineficiente,72.42857142857143,84.5,1.1666666666666667,1
618,True,7,Casa,5,Ineficiente,88.28571428571429,123.6,1.4,1
239,True,10,Casa,6,Eficiente,23.9,39.833333333333336,1.6666666666666667,1
228,True,13,Casa,6,Moderado,17.53846153846154,38.0,2.1666666666666665,1
309,True,17,Casa,3,Moderado,18.176470588235293,103.0,5.666666666666667,1
641,True,13,Apartamento,11,Ineficiente,49.30769230769231,58.27272727272727,1.181818181818182,1
146,False,5,Casa,11,Eficiente,29.2,13.272727272727272,0.4545454545454545,0
460,False,8,Apartamento,3,Moderado,57.5,153.33333333333334,2.6666666666666665,0
137,True,14,Apartamento,9,Moderado,9.785714285714286,15.22222222222222,1.5555555555555556,1
338,True,15,Casa,3,Moderado,22.53333333333333,112.66666666666669,5.0,1
421,True,14,Casa,3,Moderado,30.071428571428573,140.33333333333334,4.666666666666667,1
209,False,5,Apartamento,11,Eficiente,41.8,19.0,0.4545454545454545,0
251,True,15,Apartamento,2,Moderado,16.733333333333334,125.5,7.5,1
693,True,4,Comércio,7,Ineficiente,173.25,99.0,0.5714285714285714,1
288,True,10,Comércio,10,Moderado,28.8,28.8,1.0,1
433,False,3,Comércio,10,Moderado,144.33333333333334,43.3,0.3,0
550,True,11,Apartamento,4,Ineficiente,50.0,137.5,2.75,1
195,True,13,Comércio,1,Moderado,15.0,195.0,13.0,1
343,True,9,Apartamento,6,Moderado,38.11111111111112,57.16666666666666,1.5,1
521,True,14,Comércio,5,Ineficiente,37.21428571428572,104.2,2.8,1
627,False,12,Casa,11,Ineficiente,52.25,57.0,1.0909090909090908,0
532,False,15,Comércio,2,Ineficiente,35.46666666666667,266.0,7.5,0
556,False,17,Apartamento,6,Ineficiente,32.705882352941174,92.66666666666669,2.833333333333333,0
366,False,14,Apartamento,1,Moderado,26.142857142857142,366.0,14.0,0
382,True,13,Casa,3,Moderado,29.384615384615383,127.33333333333331,4.333333333333333,1
390,False,6,Casa,4,Eficiente,65.0,97.5,1.5,0
287,False,5,Casa,3,Eficiente,57.4,95.66666666666669,1.6666666666666667,0
697,True,8,Casa,6,Ineficiente,87.125,116.16666666666669,1.3333333333333333,1
525,False,11,Casa,11,Ineficiente,47.72727272727273,47.72727272727273,1.0,0
134,True,17,Apartamento,4,Moderado,7.882352941176471,33.5,4.25,1
91,True,11,Casa,1,Moderado,8.272727272727273,91.0,11.0,1
479,False,6,Casa,5,Moderado,79.83333333333333,95.8,1.2,0
594,False,12,Casa,5,Ineficiente,49.5,118.8,2.4,0
621,False,7,Apartamento,9,Ineficiente,88.71428571428571,69.0,0.7777777777777778,0
316,True,13,Casa,8,Ineficiente,24.307692307692307,39.5,1.625,1
358,False,15,Casa,8,Moderado,23.866666666666667,44.75,1.875,0
427,True,11,Apartamento,5,Moderado,38.81818181818182,85.4,2.2,1
183,True,4,Apartamento,8,Moderado,45.75,22.875,0.5,1
596,False,4,Casa,10,Ineficiente,149.0,59.6,0.4,0
327,False,7,Casa,7,Moderado,46.71428571428572,46.71428571428572,1.0,0
443,True,3,Casa,1,Moderado,147.66666666666666,443.0,3.0,1
400,False,10,Comércio,7,Moderado,40.0,57.142857142857146,1.4285714285714286,0
365,True,7,Casa,11,Moderado,52.142857142857146,33.18181818181818,0.6363636363636364,1
228,True,14,Apartamento,8,Moderado,16.285714285714285,28.5,1.75,1
163,True,12,Casa,3,Moderado,13.583333333333334,54.333333333333336,4.0,1
485,False,4,Apartamento,9,Ineficiente,121.25,53.888888888888886,0.4444444444444444,0
535,True,14,Casa,8,Ineficiente,38.21428571428572,66.875,1.75,1
240,False,11,Casa,2,Eficiente,21.818181818181817,120.0,5.5,0
539,True,4,Apartamento,6,Ineficiente,134.75,89.83333333333333,0.6666666666666666,1
629,False,9,Casa,4,Moderado,69.88888888888889,157.25,2.25,0
579,True,10,Casa,3,Ineficiente,57.9,193.0,3.333333333333333,1
588,False,16,Apartamento,11,Ineficiente,36.75,53.45454545454545,1.4545454545454546,0
560,True,8,Comércio,6,Ineficiente,70.0,93.33333333333331,1.3333333333333333,1
193,False,16,Casa,10,Moderado,12.0625,19.3,1.6,0
657,False,13,Apartamento,9,Ineficiente,50.53846153846154,73.0,1.4444444444444444,0
440,False,9,Comércio,2,Eficiente,48.888888888888886,220.0,4.5,0
420,True,13,Apartamento,10,Ineficiente,32.30769230769231,42.0,1.3,1
528,False,3,Apartamento,10,Ineficiente,176.0,52.8,0.3,0
259,True,6,Apartamento,10,Moderado,43.16666666666666,25.9,0.6,1
486,False,15,Casa,5,Ineficiente,32.4,97.2,3.0,0
275,False,9,Apartamento,6,Eficiente,30.55555555555556,45.833333333333336,1.5,0
545,True,3,Casa,4,Ineficiente,181.66666666666663,136.25,0.75,1
390,True,15,Casa,7,Ineficiente,26.0,55.71428571428572,2.142857142857143,1
341,True,3,Casa,2,Moderado,113.66666666666669,170.5,1.5,1
498,False,13,Casa,7,Ineficiente,38.30769230769231,71.14285714285714,1.8571428571428568,0
485,False,8,Apartamento,2,Moderado,60.625,242.5,4.0,0
222,True,6,Apartamento,1,Eficiente,37.0,222.0,6.0,1
421,True,5,Apartamento,11,Moderado,84.2,38.27272727272727,0.4545454545454545,1
395,True,14,Casa,5,Moderado,28.214285714285715,79.0,2.8,1
180,True,17,Casa,2,Moderado,10.588235294117649,90.0,8.5,1
323,True,7,Apartamento,8,Moderado,46.142857142857146,40.375,0.875,1
569,False,11,Comércio,8,Ineficiente,51.72727272727273,71.125,1.375,0
91,True,12,Casa,1,Moderado,7.583333333333333,91.0,12.0,1
318,False,12,Casa,4,Moderado,26.5,79.5,3.0,0
640,False,14,Comércio,9,Ineficiente,45.71428571428572,71.11111111111111,1.5555555555555556,0
121,True,16,Casa,5,Moderado,7.5625,24.2,3.2,1
673,False,16,Comércio,11,Ineficiente,42.0625,61.18181818181818,1.4545454545454546,0
508,True,14,Apartamento,10,Ineficiente,36.285714285714285,50.8,1.4,1
237,True,13,Casa,6,Moderado,18.23076923076923,39.5,2.1666666666666665,1
295,True,12,Casa,3,Moderado,24.58333333333333,98.33333333333331,4.0,1
541,True,5,Casa,5,Ineficiente,108.2,108.2,1.0,1
213,True,7,Casa,1,Eficiente,30.428571428571427,213.0,7.0,1
146,True,12,Comércio,8,Ineficiente,12.166666666666666,18.25,1.5,1
86,True,7,Apartamento,11,Moderado,12.285714285714286,7.818181818181818,0.6363636363636364,1
605,True,11,Apartamento,6,Ineficiente,55.0,100.83333333333331,1.8333333333333333,1
152,True,13,Apartamento,2,Moderado,11.692307692307692,76.0,6.5,1
478,True,14,Casa,4,Ineficiente,34.142857142857146,119.5,3.5,1
484,True,12,Apartamento,4,Ineficiente,40.333333333333336,121.0,3.0,1
657,True,13,Apartamento,9,Ineficiente,50.53846153846154,73.0,1.4444444444444444,1
209,False,6,Apartamento,9,Eficiente,34.833333333333336,23.22222222222222,0.6666666666666666,0
545,True,3,Casa,5,Ineficiente,181.66666666666663,109.0,0.6,1
285,False,12,Apartamento,3,Eficiente,23.75,95.0,4.0,0
345,True,7,Comércio,1,Moderado,49.285714285714285,345.0,7.0,1
616,False,3,Casa,6,Moderado,205.33333333333331,102.66666666666669,0.5,0
332,True,8,Casa,8,Moderado,41.5,41.5,1.0,1
368,False,14,Apartamento,1,Moderado,26.285714285714285,368.0,14.0,0
243,False,12,Casa,11,Moderado,20.25,22.09090909090909,1.0909090909090908,0
174,True,12,Apartamento,1,Moderado,14.5,174.0,12.0,1
189,False,17,Comércio,11,Moderado,11.117647058823527,17.181818181818183,1.5454545454545454,0
415,True,9,Apartamento,7,Moderado,46.11111111111112,59.285714285714285,1.2857142857142858,1
317,True,3,Apartamento,7,Moderado,105.66666666666669,45.285714285714285,0.4285714285714285,1
460,False,12,Apartamento,2,Ineficiente,38.333333333333336,230.0,6.0,0
515,False,6,Casa,3,Moderado,85.83333333333333,171.66666666666666,2.0,0
562,True,11,Casa,2,Ineficiente,51.09090909090909,281.0,5.5,1
104,True,15,Comércio,6,Moderado,6.933333333333334,17.333333333333332,2.5,1
196,False,3,Apartamento,8,Eficiente,65.33333333333333,24.5,0.375,0
561,False,11,Casa,8,Ineficiente,51.0,70.125,1.375,0
471,False,10,Casa,1,Moderado,47.1,471.0,10.0,0
616,False,7,Apartamento,11,Ineficiente,88.0,56.0,0.6363636363636364,0
158,True,8,Apartamento,9,Moderado,19.75,17.555555555555557,0.8888888888888888,1
659,False,9,Apartamento,11,Ineficiente,73.22222222222223,59.90909090909091,0.8181818181818182,0
252,True,6,Casa,8,Moderado,42.0,31.5,0.75,1
91,True,16,Comércio,9,Ineficiente,5.6875,10.11111111111111,1.7777777777777777,1
207,True,16,Apartamento,9,Moderado,12.9375,23.0,1.7777777777777777,1
687,False,8,Apartamento,11,Ineficiente,85.875,62.45454545454545,0.7272727272727273,0
171,True,9,Apartamento,6,Eficiente,19.0,28.5,1.5,1
622,False,13,Casa,3,Ineficiente,47.84615384615385,207.33333333333331,4.333333333333333,0
611,True,17,Comércio,1,Ineficiente,35.94117647058823,611.0,17.0,1
526,True,8,Casa,11,Ineficiente,65.75,47.81818181818182,0.7272727272727273,1
469,False,13,Casa,8,Ineficiente,36.07692307692308,58.625,1.625,0
122,True,15,Apartamento,10,Moderado,8.133333333333333,12.2,1.5,1
333,True,17,Apartamento,3,Moderado,19.58823529411765,111.0,5.666666666666667,1
209,True,14,Apartamento,7,Moderado,14.928571428571429,29.857142857142858,2.0,1
139,False,8,Apartamento,10,Eficiente,17.375,13.9,0.8,0
546,True,4,Casa,6,Ineficiente,136.5,91.0,0.6666666666666666,1
366,True,7,Comércio,3,Moderado,52.285714285714285,122.0,2.333333333333333,1
596,True,5,Casa,6,Ineficiente,119.2,99.33333333333331,0.8333333333333334,1
546,True,9,Comércio,3,Ineficiente,60.66666666666666,182.0,3.0,1
424,True,6,Casa,9,Moderado,70.66666666666667,47.11111111111112,0.6666666666666666,1
461,True,3,Apartamento,1,Ineficiente,153.66666666666666,461.0,3.0,1
332,True,14,Casa,8,Ineficiente,23.714285714285715,41.5,1.75,1
135,False,14,Apartamento,5,Eficiente,9.642857142857142,27.0,2.8,0
542,True,8,Comércio,4,Ineficiente,67.75,135.5,2.0,1
536,True,8,Apartamento,1,Ineficiente,67.0,536.0,8.0,1
162,True,9,Apartamento,9,Moderado,18.0,18.0,1.0,1
178,True,17,Apartamento,9,Moderado,10.470588235294118,19.77777777777778,1.8888888888888888,1
228,False,13,Apartamento,5,Eficiente,17.53846153846154,45.6,2.6,0
408,True,10,Comércio,11,Ineficiente,40.8,37.09090909090909,0.9090909090909092,1
235,True,17,Casa,9,Moderado,13.823529411764708,26.11111111111111,1.8888888888888888,1
269,False,5,Casa,10,Eficiente,53.8,26.9,0.5,0
573,True,16,Casa,9,Ineficiente,35.8125,63.66666666666666,1.7777777777777777,1
342,True,8,Casa,7,Moderado,42.75,48.85714285714285,1.1428571428571428,1
159,True,12,Casa,8,Moderado,13.25,19.875,1.5,1
479,True,4,Apartamento,1,Ineficiente,119.75,479.0,4.0,1
688,True,15,Casa,4,Ineficiente,45.86666666666667,172.0,3.75,1
339,True,16,Casa,10,Ineficiente,21.1875,33.9,1.6,1
694,False,11,Casa,10,Ineficiente,63.09090909090909,69.4,1.1,0
631,False,4,Apartamento,4,Moderado,157.75,157.75,1.0,0
180,True,5,Apartamento,9,Moderado,36.0,20.0,0.5555555555555556,1
438,True,14,Casa,3,Moderado,31.285714285714285,146.0,4.666666666666667,1
459,True,17,Comércio,10,Ineficiente,27.0,45.9,1.7,1
300,True,17,Casa,10,Moderado,17.647058823529413,30.0,1.7,1
499,True,15,Comércio,1,Ineficiente,33.266666666666666,499.0,15.0,1
203,False,12,Apartamento,11,Moderado,16.916666666666668,18.454545454545453,1.0909090909090908,0
501,False,14,Casa,5,Ineficiente,35.785714285714285,100.2,2.8,0
310,False,14,Apartamento,7,Moderado,22.142857142857142,44.285714285714285,2.0,0
142,False,4,Apartamento,4,Eficiente,35.5,35.5,1.0,0
564,True,11,Casa,9,Ineficiente,51.27272727272727,62.66666666666666,1.2222222222222223,1
653,True,3,Comércio,6,Ineficiente,217.66666666666663,108.83333333333331,0.5,1
562,True,7,Casa,6,Ineficiente,80.28571428571429,93.66666666666669,1.1666666666666667,1
598,True,3,Casa,3,Ineficiente,199.33333333333331,199.33333333333331,1.0,1
234,False,7,Casa,10,Eficiente,33.42857142857143,23.4,0.7,0
171,True,10,Casa,10,Moderado,17.1,17.1,1.0,1
605,False,10,Casa,5,Moderado,60.5,121.0,2.0,0
534,True,13,Comércio,10,Ineficiente,41.07692307692308,53.4,1.3,1
677,False,10,Casa,6,Moderado,67.7,112.83333333333331,1.6666666666666667,0
589,False,4,Casa,4,Moderado,147.25,147.25,1.0,0
262,False,10,Apartamento,3,Eficiente,26.2,87.33333333333333,3.333333333333333,0
465,False,14,Comércio,5,Ineficiente,33.214285714285715,93.0,2.8,0
653,True,7,Comércio,7,Ineficiente,93.28571428571428,93.28571428571428,1.0,1
484,False,17,Apartamento,11,Ineficiente,28.47058823529412,44.0,1.5454545454545454,0
325,False,3,Comércio,6,Eficiente,108.33333333333331,54.16666666666666,0.5,0
670,False,9,Apartamento,2,Moderado,74.44444444444444,335.0,4.5,0
550,False,15,Comércio,1,Ineficiente,36.66666666666666,550.0,15.0,0
502,False,8,Apartamento,5,Moderado,62.75,100.4,1.6,0
144,False,7,Casa,5,Eficiente,20.571428571428573,28.8,1.4,0
92,True,3,Casa,6,Eficiente,30.666666666666668,15.333333333333334,0.5,1
292,False,16,Apartamento,3,Eficiente,18.25,97.33333333333331,5.333333333333333,0
321,True,16,Casa,1,Moderado,20.0625,321.0,16.0,1
572,True,3,Casa,4,Ineficiente,190.66666666666663,143.0,0.75,1
292,True,8,Apartamento,4,Eficiente,36.5,73.0,2.0,1
417,True,12,Comércio,10,Ineficiente,34.75,41.7,1.2,1
252,True,14,Casa,2,Moderado,18.0,126.0,7.0,1
243,True,9,Apartamento,8,Moderado,27.0,30.375,1.125,1
544,True,12,Apartamento,6,Ineficiente,45.333333333333336,90.66666666666669,2.0,1
576,True,12,Comércio,3,Ineficiente,48.0,192.0,4.0,1
474,True,3,Comércio,1,Ineficiente,158.0,474.0,3.0,1
387,False,11,Apartamento,11,Moderado,35.18181818181818,35.18181818181818,1.0,0
262,False,17,Apartamento,3,Eficiente,15.411764705882351,87.33333333333333,5.666666666666667,0
589,False,6,Casa,8,Ineficiente,98.16666666666669,73.625,0.75,0
625,False,7,Apartamento,4,Moderado,89.28571428571429,156.25,1.75,0
643,False,4,Apartamento,3,Moderado,160.75,214.33333333333331,1.3333333333333333,0
673,True,16,Comércio,11,Ineficiente,42.0625,61.18181818181818,1.4545454545454546,1
306,False,14,Apartamento,4,Moderado,21.857142857142858,76.5,3.5,0
515,False,12,Casa,11,Ineficiente,42.91666666666666,46.81818181818182,1.0909090909090908,0
501,True,15,Apartamento,4,Ineficiente,33.4,125.25,3.75,1
633,True,10,Casa,2,Ineficiente,63.3,316.5,5.0,1
100,False,16,Casa,4,Eficiente,6.25,25.0,4.0,0
633,True,4,Casa,11,Ineficiente,158.25,57.54545454545455,0.3636363636363636,1
476,False,5,Casa,9,Ineficiente,95.2,52.888888888888886,0.5555555555555556,0
184,True,17,Apartamento,4,Moderado,10.823529411764708,46.0,4.25,1
271,False,14,Casa,1,Eficiente,19.357142857142858,271.0,14.0,0
96,True,17,Casa,1,Moderado,5.647058823529412,96.0,17.0,1
199,True,11,Comércio,1,Moderado,18.09090909090909,199.0,11.0,1
472,True,4,Casa,5,Ineficiente,118.0,94.4,0.8,1
504,False,16,Casa,6,Ineficiente,31.5,84.0,2.6666666666666665,0
208,False,8,Casa,6,Eficiente,26.0,34.666666666666664,1.3333333333333333,0
209,False,14,Casa,6,Eficiente,14.928571428571429,34.833333333333336,2.333333333333333,0
651,True,6,Casa,9,Ineficiente,108.5,72.33333333333333,0.6666666666666666,1
639,False,9,Casa,1,Moderado,71.0,639.0,9.0,0
108,True,16,Apartamento,10,Moderado,6.75,10.8,1.6,1
176,True,16,Casa,6,Moderado,11.0,29.33333333333333,2.6666666666666665,1
89,True,8,Casa,8,Moderado,11.125,11.125,1.0,1
321,False,12,Comércio,8,Ineficiente,26.75,40.125,1.5,0
311,True,16,Casa,3,Moderado,19.4375,103.66666666666669,5.333333333333333,1
363,True,11,Comércio,5,Ineficiente,33.0,72.6,2.2,1
279,False,16,Apartamento,10,Moderado,17.4375,27.9,1.6,0
158,False,11,Casa,4,Eficiente,14.363636363636363,39.5,2.75,0
252,True,12,Apartamento,1,Moderado,21.0,252.0,12.0,1
546,True,6,Casa,9,Ineficiente,91.0,60.66666666666666,0.6666666666666666,1
660,True,3,Casa,5,Ineficiente,220.0,132.0,0.6,1
495,True,4,Apartamento,2,Ineficiente,123.75,247.5,2.0,1
528,False,10,Apartamento,2,Moderado,52.8,264.0,5.0,0
166,True,16,Apartamento,11,Moderado,10.375,15.090909090909092,1.4545454545454546,1
180,False,12,Comércio,7,Moderado,15.0,25.714285714285715,1.7142857142857142,0
87,False,10,Casa,4,Eficiente,8.7,21.75,2.5,0
279,True,16,Apartamento,1,Moderado,17.4375,279.0,16.0,1
584,False,17,Apartamento,5,Ineficiente,34.35294117647059,116.8,3.4,0
166,True,4,Comércio,2,Eficiente,41.5,83.0,2.0,1
122,True,6,Apartamento,7,Moderado,20.33333333333333,17.428571428571427,0.8571428571428571,1
464,True,3,Comércio,9,Ineficiente,154.66666666666666,51.55555555555556,0.3333333333333333,1
514,True,9,Casa,1,Ineficiente,57.11111111111112,514.0,9.0,1
487,True,6,Apartamento,2,Ineficiente,81.16666666666667,243.5,3.0,1
562,True,13,Casa,11,Ineficiente,43.23076923076923,51.09090909090909,1.181818181818182,1
96,False,16,Casa,6,Eficiente,6.0,16.0,2.6666666666666665,0
227,False,10,Comércio,8,Eficiente,22.7,28.375,1.25,0
356,False,11,Casa,7,Moderado,32.36363636363637,50.85714285714285,1.5714285714285714,0
311,True,14,Comércio,9,Ineficiente,22.214285714285715,34.55555555555556,1.5555555555555556,1
445,False,11,Casa,2,Moderado,40.45454545454545,222.5,5.5,0
307,False,5,Apartamento,9,Moderado,61.4,34.111111111111114,0.5555555555555556,0
515,False,7,Casa,4,Moderado,73.57142857142857,128.75,1.75,0
478,False,8,Casa,11,Ineficiente,59.75,43.45454545454545,0.7272727272727273,0
290,False,8,Casa,3,Eficiente,36.25,96.66666666666669,2.6666666666666665,0
470,True,12,Apartamento,7,Ineficiente,39.16666666666666,67.14285714285714,1.7142857142857142,1
578,False,10,Casa,5,Moderado,57.8,115.6,2.0,0
619,True,8,Apartamento,5,Ineficiente,77.375,123.8,1.6,1
642,False,8,Casa,2,Moderado,80.25,321.0,4.0,0
570,True,6,Casa,6,Ineficiente,95.0,95.0,1.0,1
521,True,9,Casa,6,Ineficiente,57.888888888888886,86.83333333333333,1.5,1
340,True,16,Casa,4,Moderado,21.25,85.0,4.0,1
429,False,16,Apartamento,5,Moderado,26.8125,85.8,3.2,0
431,True,10,Comércio,7,Ineficiente,43.1,61.57142857142857,1.4285714285714286,1
599,True,5,Casa,8,Ineficiente,119.8,74.875,0.625,1
399,False,9,Apartamento,6,Eficiente,44.333333333333336,66.5,1.5,0
217,False,5,Apartamento,5,Eficiente,43.4,43.4,1.0,0
629,True,10,Casa,3,Ineficiente,62.9,209.66666666666663,3.333333333333333,1
447,True,3,Casa,7,Moderado,149.0,63.85714285714285,0.4285714285714285,1
299,False,3,Apartamento,8,Eficiente,99.66666666666669,37.375,0.375,0
416,False,16,Casa,3,Moderado,26.0,138.66666666666666,5.333333333333333,0
302,True,8,Casa,5,Moderado,37.75,60.4,1.6,1
439,False,12,Casa,11,Moderado,36.583333333333336,39.90909090909091,1.0909090909090908,0
408,True,11,Apartamento,2,Moderado,37.09090909090909,204.0,5.5,1
542,False,14,Casa,10,Ineficiente,38.71428571428572,54.2,1.4,0
640,False,16,Casa,10,Ineficiente,40.0,64.0,1.6,0
461,True,6,Casa,4,Ineficiente,76.83333333333333,115.25,1.5,1
669,True,8,Casa,4,Ineficiente,83.625,167.25,2.0,1
696,False,14,Casa,8,Ineficiente,49.71428571428572,87.0,1.75,0
248,False,7,Comércio,3,Eficiente,35.42857142857143,82.66666666666667,2.333333333333333,0
296,True,14,Casa,5,Moderado,21.142857142857142,59.2,2.8,1
457,False,17,Apartamento,11,Ineficiente,26.88235294117647,41.54545454545455,1.5454545454545454,0
198,False,3,Casa,5,Eficiente,66.0,39.6,0.6,0
269,True,8,Apartamento,2,Eficiente,33.625,134.5,4.0,1
449,False,11,Apartamento,9,Moderado,40.81818181818182,49.888888888888886,1.2222222222222223,0
228,False,17,Casa,4,Eficiente,13.411764705882351,57.0,4.25,0
567,False,17,Apartamento,9,Ineficiente,33.35294117647059,63.0,1.8888888888888888,0
453,True,14,Apartamento,9,Ineficiente,32.357142857142854,50.333333333333336,1.5555555555555556,1
239,True,5,Apartamento,2,Eficiente,47.8,119.5,2.5,1
430,True,13,Casa,9,Ineficiente,33.07692307692308,47.77777777777778,1.4444444444444444,1
367,False,17,Comércio,9,Ineficiente,21.58823529411765,40.77777777777778,1.8888888888888888,0
367,False,5,Apartamento,2,Eficiente,73.4,183.5,2.5,0
305,False,16,Comércio,11,Ineficiente,19.0625,27.727272727272727,1.4545454545454546,0
602,False,4,Apartamento,6,Moderado,150.5,100.33333333333331,0.6666666666666666,0
601,True,15,Apartamento,9,Ineficiente,40.06666666666667,66.77777777777777,1.6666666666666667,1
352,False,6,Apartamento,4,Eficiente,58.66666666666666,88.0,1.5,0
481,True,12,Comércio,2,Ineficiente,40.083333333333336,240.5,6.0,1
262,False,5,Comércio,7,Eficiente,52.4,37.42857142857143,0.7142857142857143,0
567,True,14,Casa,9,Ineficiente,40.5,63.0,1.5555555555555556,1
203,False,4,Apartamento,6,Eficiente,50.75,33.833333333333336,0.6666666666666666,0
493,False,3,Casa,11,Ineficiente,164.33333333333334,44.81818181818182,0.2727272727272727,0
251,False,5,Apartamento,11,Eficiente,50.2,22.818181818181817,0.4545454545454545,0
367,True,12,Casa,4,Moderado,30.58333333333333,91.75,3.0,1
514,True,8,Casa,1,Ineficiente,64.25,514.0,8.0,1
192,False,11,Comércio,4,Eficiente,17.454545454545453,48.0,2.75,0
201,False,13,Casa,3,Eficiente,15.461538461538462,67.0,4.333333333333333,0
623,True,7,Apartamento,7,Ineficiente,89.0,89.0,1.0,1
301,False,17,Apartamento,11,Moderado,17.705882352941178,27.363636363636363,1.5454545454545454,0
118,True,5,Casa,11,Moderado,23.6,10.727272727272728,0.4545454545454545,1
576,True,16,Casa,10,Ineficiente,36.0,57.6,1.6,1
312,False,7,Apartamento,5,Eficiente,44.57142857142857,62.4,1.4,0
609,False,7,Casa,3,Moderado,87.0,203.0,2.333333333333333,0
228,False,7,Apartamento,2,Eficiente,32.57142857142857,114.0,3.5,0
476,False,14,Comércio,2,Ineficiente,34.0,238.0,7.0,0
381,True,14,Casa,5,Moderado,27.214285714285715,76.2,2.8,1
439,True,9,Casa,8,Moderado,48.77777777777778,54.875,1.125,1
317,True,7,Apartamento,8,Moderado,45.285714285714285,39.625,0.875,1
315,True,9,Apartamento,5,Moderado,35.0,63.0,1.8,1
282,False,11,Casa,2,Eficiente,25.63636363636364,141.0,5.5,0
335,True,7,Casa,4,Moderado,47.85714285714285,83.75,1.75,1
677,True,4,Apartamento,7,Ineficiente,169.25,96.71428571428572,0.5714285714285714,1
314,True,7,Comércio,6,Moderado,44.85714285714285,52.333333333333336,1.1666666666666667,1
424,True,10,Casa,10,Moderado,42.4,42.4,1.0,1
613,True,14,Casa,7,Ineficiente,43.785714285714285,87.57142857142857,2.0,1
545,False,6,Comércio,5,Moderado,90.83333333333331,109.0,1.2,0
620,False,4,Apartamento,2,Moderado,155.0,310.0,2.0,0
292,False,12,Apartamento,8,Moderado,24.33333333333333,36.5,1.5,0
542,False,5,Apartamento,2,Moderado,108.4,271.0,2.5,0
515,True,11,Comércio,8,Ineficiente,46.81818181818182,64.375,1.375,1
362,False,11,Apartamento,7,Moderado,32.90909090909091,51.71428571428572,1.5714285714285714,0
641,True,10,Comércio,3,Ineficiente,64.1,213.66666666666663,3.333333333333333,1
686,True,10,Apartamento,4,Ineficiente,68.6,171.5,2.5,1
542,False,10,Apartamento,7,Ineficiente,54.2,77.42857142857143,1.4285714285714286,0
486,True,10,Casa,4,Ineficiente,48.6,121.5,2.5,1
167,False,10,Casa,9,Eficiente,16.7,18.55555555555556,1.1111111111111112,0
123,True,3,Apartamento,7,Moderado,41.0,17.571428571428573,0.4285714285714285,1
540,False,8,Casa,1,Moderado,67.5,540.0,8.0,0
357,True,14,Apartamento,1,Moderado,25.5,357.0,14.0,1
500,True,11,Casa,4,Ineficiente,45.45454545454545,125.0,2.75,1
432,False,10,Apartamento,9,Moderado,43.2,48.0,1.1111111111111112,0
594,True,5,Casa,4,Ineficiente,118.8,148.5,1.25,1
98,True,13,Apartamento,5,Moderado,7.538461538461538,19.6,2.6,1
102,True,3,Apartamento,1,Eficiente,34.0,102.0,3.0,1
492,False,4,Casa,2,Moderado,123.0,246.0,2.0,0
109,False,13,Apartamento,11,Moderado,8.384615384615385,9.909090909090908,1.181818181818182,0
187,True,17,Casa,4,Moderado,11.0,46.75,4.25,1
446,False,4,Casa,4,Eficiente,111.5,111.5,1.0,0
360,False,9,Casa,11,Moderado,40.0,32.72727272727273,0.8181818181818182,0
207,False,14,Casa,10,Moderado,14.785714285714286,20.7,1.4,0
308,False,8,Comércio,6,Eficiente,38.5,51.333333333333336,1.3333333333333333,0
190,True,13,Casa,6,Moderado,14.615384615384617,31.666666666666668,2.1666666666666665,1
215,False,4,Apartamento,8,Eficiente,53.75,26.875,0.5,0
441,True,10,Casa,9,Moderado,44.1,49.0,1.1111111111111112,1
265,True,17,Apartamento,1,Moderado,15.588235294117649,265.0,17.0,1
663,False,11,Casa,1,Ineficiente,60.27272727272727,663.0,11.0,0
208,False,17,Apartamento,6,Eficiente,12.235294117647058,34.666666666666664,2.833333333333333,0
340,True,9,Apartamento,4,Moderado,37.77777777777778,85.0,2.25,1
594,True,6,Apartamento,11,Ineficiente,99.0,54.0,0.5454545454545454,1
528,False,15,Casa,4,Ineficiente,35.2,132.0,3.75,0
183,True,15,Apartamento,1,Moderado,12.2,183.0,15.0,1
562,True,3,Casa,9,Ineficiente,187.33333333333331,62.44444444444444,0.3333333333333333,1
303,True,6,Casa,11,Moderado,50.5,27.545454545454547,0.5454545454545454,1
570,True,6,Casa,3,Ineficiente,95.0,190.0,2.0,1
552,False,10,Casa,5,Moderado,55.2,110.4,2.0,0
89,True,6,Apartamento,10,Moderado,14.833333333333334,8.9,0.6,1
484,False,6,Apartamento,1,Moderado,80.66666666666667,484.0,6.0,0
381,True,15,Casa,8,Ineficiente,25.4,47.625,1.875,1
310,False,4,Casa,3,Eficiente,77.5,103.33333333333331,1.3333333333333333,0
145,False,14,Casa,1,Eficiente,10.357142857142858,145.0,14.0,0
191,False,12,Apartamento,10,Moderado,15.916666666666666,19.1,1.2,0
92,False,9,Apartamento,6,Eficiente,10.22222222222222,15.333333333333334,1.5,0
472,False,17,Casa,1,Ineficiente,27.764705882352946,472.0,17.0,0
579,True,6,Apartamento,3,Ineficiente,96.5,193.0,2.0,1
677,False,13,Apartamento,5,Ineficiente,52.07692307692308,135.4,2.6,0
313,False,8,Apartamento,4,Eficiente,39.125,78.25,2.0,0
681,True,5,Apartamento,7,Ineficiente,136.2,97.28571428571428,0.7142857142857143,1
393,True,9,Apartamento,6,Moderado,43.66666666666666,65.5,1.5,1
645,False,8,Apartamento,3,Moderado,80.625,215.0,2.6666666666666665,0
91,False,5,Casa,11,Eficiente,18.2,8.272727272727273,0.4545454545454545,0
288,True,6,Casa,8,Moderado,48.0,36.0,0.75,1
93,True,12,Casa,8,Moderado,7.75,11.625,1.5,1
497,False,16,Apartamento,2,Ineficiente,31.0625,248.5,8.0,0
516,True,7,Comércio,7,Ineficiente,73.71428571428571,73.71428571428571,1.0,1
456,False,11,Casa,1,Ineficiente,41.45454545454545,456.0,11.0,0
99,False,16,Casa,2,Eficiente,6.1875,49.5,8.0,0
666,False,8,Apartamento,8,Ineficiente,83.25,83.25,1.0,0
149,True,15,Apartamento,1,Moderado,9.933333333333334,149.0,15.0,1
290,False,6,Comércio,2,Eficiente,48.333333333333336,145.0,3.0,0
180,False,13,Apartamento,1,Eficiente,13.846153846153848,180.0,13.0,0
211,False,13,Comércio,5,Eficiente,16.23076923076923,42.2,2.6,0
460,True,9,Casa,7,Ineficiente,51.11111111111112,65.71428571428571,1.2857142857142858,1
211,True,4,Casa,6,Eficiente,52.75,35.166666666666664,0.6666666666666666,1
99,False,6,Casa,6,Eficiente,16.5,16.5,1.0,0
615,True,7,Apartamento,6,Ineficiente,87.85714285714286,102.5,1.1666666666666667,1
306,True,6,Casa,8,Moderado,51.0,38.25,0.75,1
233,True,6,Apartamento,5,Eficiente,38.833333333333336,46.6,1.2,1
548,False,13,Apartamento,10,Ineficiente,42.15384615384615,54.8,1.3,0
484,True,15,Casa,7,Ineficiente,32.266666666666666,69.14285714285714,2.142857142857143,1
281,True,11,Comércio,3,Moderado,25.545454545454547,93.66666666666669,3.6666666666666665,1
117,True,16,Casa,9,Moderado,7.3125,13.0,1.7777777777777777,1
267,False,13,Casa,10,Moderado,20.53846153846154,26.7,1.3,0
136,True,15,Apartamento,3,Moderado,9.066666666666666,45.333333333333336,5.0,1
99,True,4,Casa,6,Eficiente,24.75,16.5,0.6666666666666666,1
352,True,8,Apartamento,3,Moderado,44.0,117.33333333333331,2.6666666666666665,1
198,False,16,Apartamento,1,Eficiente,12.375,198.0,16.0,0
662,True,10,Comércio,1,Ineficiente,66.2,662.0,10.0,1
595,True,10,Comércio,3,Ineficiente,59.5,198.33333333333331,3.333333333333333,1
300,True,13,Casa,4,Moderado,23.07692307692308,75.0,3.25,1
605,False,9,Apartamento,2,Moderado,67.22222222222223,302.5,4.5,0
594,False,12,Casa,9,Ineficiente,49.5,66.0,1.3333333333333333,0
415,False,13,Casa,11,Moderado,31.923076923076923,37.72727272727273,1.181818181818182,0
134,False,6,Casa,8,Eficiente,22.33333333333333,16.75,0.75,0
579,True,9,Casa,3,Ineficiente,64.33333333333333,193.0,3.0,1
615,False,15,Comércio,7,Ineficiente,41.0,87.85714285714286,2.142857142857143,0
241,True,12,Casa,4,Moderado,20.08333333333333,60.25,3.0,1
673,False,8,Apartamento,5,Moderado,84.125,134.6,1.6,0
238,True,13,Casa,4,Moderado,18.307692307692307,59.5,3.25,1
267,True,8,Apartamento,9,Moderado,33.375,29.666666666666668,0.8888888888888888,1
139,False,4,Comércio,11,Eficiente,34.75,12.636363636363637,0.3636363636363636,0
398,True,10,Casa,7,Moderado,39.8,56.85714285714285,1.4285714285714286,1
290,False,10,Apartamento,4,Eficiente,29.0,72.5,2.5,0
485,True,16,Casa,8,Ineficiente,30.3125,60.625,2.0,1
188,True,13,Casa,2,Moderado,14.461538461538462,94.0,6.5,1
155,False,9,Apartamento,7,Eficiente,17.22222222222222,22.142857142857142,1.2857142857142858,0
621,False,13,Apartamento,11,Ineficiente,47.76923076923077,56.45454545454545,1.181818181818182,0
393,False,11,Casa,1,Moderado,35.72727272727273,393.0,11.0,0
196,True,10,Casa,8,Moderado,19.6,24.5,1.25,1
98,True,16,Casa,6,Moderado,6.125,16.333333333333332,2.6666666666666665,1
511,False,11,Apartamento,5,Ineficiente,46.45454545454545,102.2,2.2,0
429,False,17,Apartamento,9,Moderado,25.235294117647054,47.66666666666666,1.8888888888888888,0
262,True,11,Apartamento,9,Moderado,23.818181818181817,29.11111111111111,1.2222222222222223,1
192,False,8,Apartamento,3,Eficiente,24.0,64.0,2.6666666666666665,0
262,False,4,Comércio,9,Eficiente,65.5,29.11111111111111,0.4444444444444444,0
560,False,14,Apartamento,9,Ineficiente,40.0,62.22222222222222,1.5555555555555556,0
225,False,9,Apartamento,2,Eficiente,25.0,112.5,4.5,0
192,False,5,Apartamento,5,Eficiente,38.4,38.4,1.0,0
555,True,15,Apartamento,11,Ineficiente,37.0,50.45454545454545,1.3636363636363635,1
382,True,9,Apartamento,2,Moderado,42.44444444444444,191.0,4.5,1
197,False,11,Comércio,1,Eficiente,17.90909090909091,197.0,11.0,0
240,True,12,Comércio,7,Ineficiente,20.0,34.285714285714285,1.7142857142857142,1
480,True,16,Casa,4,Ineficiente,30.0,120.0,4.0,1
277,True,12,Casa,5,Moderado,23.08333333333333,55.4,2.4,1
339,True,4,Comércio,4,Moderado,84.75,84.75,1.0,1
126,False,16,Casa,6,Eficiente,7.875,21.0,2.6666666666666665,0
478,False,15,Comércio,11,Ineficiente,31.866666666666667,43.45454545454545,1.3636363636363635,0
638,True,8,Casa,2,Ineficiente,79.75,319.0,4.0,1
157,True,15,Casa,8,Moderado,10.466666666666669,19.625,1.875,1
203,False,8,Casa,4,Eficiente,25.375,50.75,2.0,0
154,False,11,Casa,8,Moderado,14.0,19.25,1.375,0
216,False,15,Casa,3,Eficiente,14.4,72.0,5.0,0
681,False,11,Apartamento,11,Ineficiente,61.90909090909091,61.90909090909091,1.0,0
479,True,17,Apartamento,5,Ineficiente,28.176470588235293,95.8,3.4,1
584,True,15,Comércio,3,Ineficiente,38.93333333333333,194.66666666666663,5.0,1
579,False,7,Casa,7,Ineficiente,82.71428571428571,82.71428571428571,1.0,0
652,False,16,Apartamento,3,Ineficiente,40.75,217.33333333333331,5.333333333333333,0
217,False,7,Apartamento,8,Eficiente,31.0,27.125,0.875,0
129,True,11,Apartamento,9,Moderado,11.727272727272728,14.333333333333334,1.2222222222222223,1
698,False,10,Apartamento,2,Moderado,69.8,349.0,5.0,0
333,False,9,Casa,3,Eficiente,37.0,111.0,3.0,0
642,True,10,Casa,7,Ineficiente,64.2,91.71428571428572,1.4285714285714286,1
505,True,8,Casa,5,Ineficiente,63.125,101.0,1.6,1
626,True,5,Casa,10,Ineficiente,125.2,62.6,0.5,1
381,True,9,Apartamento,7,Moderado,42.333333333333336,54.42857142857143,1.2857142857142858,1
660,True,10,Casa,2,Ineficiente,66.0,330.0,5.0,1
428,True,17,Comércio,4,Ineficiente,25.176470588235293,107.0,4.25,1
128,False,10,Comércio,1,Eficiente,12.8,128.0,10.0,0
153,True,3,Comércio,5,Eficiente,51.0,30.6,0.6,1
340,True,9,Comércio,8,Ineficiente,37.77777777777778,42.5,1.125,1
435,False,5,Casa,1,Eficiente,87.0,435.0,5.0,0
661,False,4,Apartamento,7,Ineficiente,165.25,94.42857142857144,0.5714285714285714,0
681,False,16,Casa,7,Ineficiente,42.5625,97.28571428571428,2.2857142857142856,0
339,True,4,Apartamento,7,Moderado,84.75,48.42857142857143,0.5714285714285714,1
374,False,16,Comércio,1,Moderado,23.375,374.0,16.0,0
392,True,17,Comércio,11,Ineficiente,23.058823529411764,35.63636363636363,1.5454545454545454,1
691,False,16,Casa,3,Ineficiente,43.1875,230.33333333333331,5.333333333333333,0
261,True,10,Apartamento,11,Moderado,26.1,23.727272727272727,0.9090909090909092,1
443,False,11,Casa,2,Moderado,40.27272727272727,221.5,5.5,0
267,True,5,Casa,5,Eficiente,53.4,53.4,1.0,1
648,False,16,Apartamento,2,Ineficiente,40.5,324.0,8.0,0
622,True,5,Casa,5,Ineficiente,124.4,124.4,1.0,1
675,True,8,Comércio,5,Ineficiente,84.375,135.0,1.6,1
627,True,13,Casa,4,Ineficiente,48.23076923076923,156.75,3.25,1
487,False,12,Comércio,11,Ineficiente,40.583333333333336,44.27272727272727,1.0909090909090908,0
697,False,3,Apartamento,7,Ineficiente,232.33333333333331,99.57142857142856,0.4285714285714285,0
493,False,8,Apartamento,10,Ineficiente,61.625,49.3,0.8,0
421,True,14,Apartamento,6,Moderado,30.071428571428573,70.16666666666667,2.333333333333333,1
299,True,5,Comércio,2,Eficiente,59.8,149.5,2.5,1
242,False,13,Casa,4,Eficiente,18.615384615384617,60.5,3.25,0
299,True,6,Comércio,11,Moderado,49.833333333333336,27.181818181818183,0.5454545454545454,1
349,False,11,Casa,7,Moderado,31.727272727272727,49.85714285714285,1.5714285714285714,0
479,False,5,Casa,9,Ineficiente,95.8,53.22222222222222,0.5555555555555556,0
261,False,3,Casa,9,Eficiente,87.0,29.0,0.3333333333333333,0
697,True,5,Apartamento,3,Ineficiente,139.4,232.33333333333331,1.6666666666666667,1
284,True,9,Apartamento,1,Eficiente,31.55555555555556,284.0,9.0,1
661,True,15,Apartamento,9,Ineficiente,44.06666666666667,73.44444444444444,1.6666666666666667,1
635,False,9,Apartamento,8,Ineficiente,70.55555555555556,79.375,1.125,0
307,True,13,Casa,7,Ineficiente,23.615384615384617,43.85714285714285,1.8571428571428568,1
698,True,7,Comércio,6,Ineficiente,99.71428571428572,116.33333333333331,1.1666666666666667,1
675,True,16,Casa,10,Ineficiente,42.1875,67.5,1.6,1
329,True,3,Comércio,7,Ineficiente,109.66666666666669,47.0,0.4285714285714285,1
520,False,13,Casa,11,Ineficiente,40.0,47.27272727272727,1.181818181818182,0
612,False,10,Apartamento,9,Ineficiente,61.2,68.0,1.1111111111111112,0
275,True,12,Casa,6,Moderado,22.916666666666668,45.833333333333336,2.0,1
598,True,10,Casa,10,Ineficiente,59.8,59.8,1.0,1
149,False,12,Casa,3,Eficiente,12.416666666666666,49.66666666666666,4.0,0
478,True,14,Casa,3,Ineficiente,34.142857142857146,159.33333333333334,4.666666666666667,1
282,False,12,Casa,4,Eficiente,23.5,70.5,3.0,0
227,False,15,Casa,10,Moderado,15.133333333333333,22.7,1.5,0
551,True,12,Apartamento,10,Ineficiente,45.91666666666666,55.1,1.2,1
278,False,4,Apartamento,8,Eficiente,69.5,34.75,0.5,0
505,False,12,Apartamento,10,Ineficiente,42.083333333333336,50.5,1.2,0
571,True,5,Comércio,9,Ineficiente,114.2,63.44444444444444,0.5555555555555556,1
221,True,6,Apartamento,8,Moderado,36.833333333333336,27.625,0.75,1
392,True,3,Apartamento,11,Moderado,130.66666666666666,35.63636363636363,0.2727272727272727,1
244,True,6,Apartamento,10,Moderado,40.66666666666666,24.4,0.6,1
393,False,7,Casa,2,Eficiente,56.142857142857146,196.5,3.5,0
100,False,5,Apartamento,4,Eficiente,20.0,25.0,1.25,0
161,False,16,Casa,4,Eficiente,10.0625,40.25,4.0,0
660,True,13,Comércio,2,Ineficiente,50.76923076923077,330.0,6.5,1
210,True,17,Apartamento,8,Moderado,12.352941176470589,26.25,2.125,1
678,False,12,Casa,3,Ineficiente,56.5,226.0,4.0,0
384,True,4,Apartamento,2,Moderado,96.0,192.0,2.0,1
450,False,15,Casa,7,Moderado,30.0,64.28571428571429,2.142857142857143,0
463,True,8,Casa,1,Ineficiente,57.875,463.0,8.0,1
524,False,10,Casa,6,Moderado,52.4,87.33333333333333,1.6666666666666667,0
504,False,9,Apartamento,3,Moderado,56.0,168.0,3.0,0
240,True,13,Apartamento,3,Moderado,18.46153846153846,80.0,4.333333333333333,1
257,True,16,Apartamento,5,Moderado,16.0625,51.4,3.2,1
569,True,3,Casa,3,Ineficiente,189.66666666666663,189.66666666666663,1.0,1
406,True,6,Apartamento,4,Moderado,67.66666666666667,101.5,1.5,1
677,False,5,Apartamento,3,Moderado,135.4,225.66666666666663,1.6666666666666667,0
368,False,8,Casa,7,Moderado,46.0,52.57142857142857,1.1428571428571428,0
672,False,11,Apartamento,3,Ineficiente,61.09090909090909,224.0,3.6666666666666665,0
652,False,11,Casa,10,Ineficiente,59.27272727272727,65.2,1.1,0
652,True,9,Casa,4,Ineficiente,72.44444444444444,163.0,2.25,1
433,True,17,Apartamento,2,Moderado,25.47058823529412,216.5,8.5,1
107,True,14,Apartamento,2,Moderado,7.642857142857143,53.5,7.0,1
122,False,11,Casa,9,Moderado,11.090909090909092,13.555555555555555,1.2222222222222223,0
502,True,10,Casa,11,Ineficiente,50.2,45.63636363636363,0.9090909090909092,1
677,False,7,Casa,1,Moderado,96.71428571428572,677.0,7.0,0
256,True,11,Casa,1,Moderado,23.272727272727277,256.0,11.0,1
608,False,16,Casa,10,Ineficiente,38.0,60.8,1.6,0
689,False,9,Casa,1,Moderado,76.55555555555556,689.0,9.0,0
573,True,7,Apartamento,3,Ineficiente,81.85714285714286,191.0,2.333333333333333,1
277,True,17,Casa,2,Moderado,16.294117647058822,138.5,8.5,1
689,False,10,Apartamento,3,Moderado,68.9,229.66666666666663,3.333333333333333,0
656,True,17,Apartamento,5,Ineficiente,38.588235294117645,131.2,3.4,1
596,True,9,Casa,9,Ineficiente,66.22222222222223,66.22222222222223,1.0,1
593,False,11,Casa,2,Ineficiente,53.90909090909091,296.5,5.5,0
101,True,12,Comércio,11,Ineficiente,8.416666666666666,9.181818181818182,1.0909090909090908,1
191,False,3,Casa,1,Eficiente,63.66666666666666,191.0,3.0,0
136,False,17,Casa,11,Moderado,8.0,12.363636363636363,1.5454545454545454,0
145,True,15,Casa,6,Moderado,9.666666666666666,24.166666666666668,2.5,1
177,True,11,Apartamento,3,Moderado,16.09090909090909,59.0,3.6666666666666665,1
223,True,17,Apartamento,7,Moderado,13.117647058823527,31.857142857142858,2.4285714285714284,1
514,False,9,Comércio,6,Moderado,57.11111111111112,85.66666666666667,1.5,0
165,True,3,Comércio,11,Moderado,55.0,15.0,0.2727272727272727,1
667,False,3,Casa,7,Ineficiente,222.33333333333331,95.28571428571428,0.4285714285714285,0
423,True,7,Casa,5,Moderado,60.42857142857143,84.6,1.4,1
373,True,10,Casa,1,Moderado,37.3,373.0,10.0,1
650,True,11,Casa,3,Ineficiente,59.09090909090909,216.66666666666663,3.6666666666666665,1
690,True,14,Casa,3,Ineficiente,49.285714285714285,230.0,4.666666666666667,1
322,True,8,Casa,7,Moderado,40.25,46.0,1.1428571428571428,1
640,False,14,Casa,3,Ineficiente,45.71428571428572,213.33333333333331,4.666666666666667,0
111,True,15,Casa,11,Moderado,7.4,10.090909090909092,1.3636363636363635,1
470,True,12,Casa,5,Ineficiente,39.16666666666666,94.0,2.4,1
356,True,14,Comércio,4,Ineficiente,25.428571428571427,89.0,3.5,1
611,False,10,Apartamento,4,Moderado,61.1,152.75,2.5,0
233,False,17,Comércio,7,Moderado,13.705882352941176,33.285714285714285,2.4285714285714284,0
462,True,8,Casa,1,Ineficiente,57.75,462.0,8.0,1
147,False,13,Apartamento,7,Moderado,11.307692307692308,21.0,1.8571428571428568,0
293,True,8,Casa,8,Moderado,36.625,36.625,1.0,1
455,False,6,Casa,3,Moderado,75.83333333333333,151.66666666666666,2.0,0
292,True,13,Casa,3,Moderado,22.46153846153846,97.33333333333331,4.333333333333333,1
158,True,7,Comércio,4,Eficiente,22.571428571428573,39.5,1.75,1
683,False,16,Comércio,6,Ineficiente,42.6875,113.83333333333331,2.6666666666666665,0
460,True,4,Casa,7,Ineficiente,115.0,65.71428571428571,0.5714285714285714,1
137,False,5,Casa,1,Eficiente,27.4,137.0,5.0,0
105,True,5,Casa,4,Eficiente,21.0,26.25,1.25,1
526,False,16,Casa,7,Ineficiente,32.875,75.14285714285714,2.2857142857142856,0
145,False,14,Casa,11,Moderado,10.357142857142858,13.181818181818182,1.2727272727272727,0
333,True,13,Casa,2,Moderado,25.615384615384617,166.5,6.5,1
123,False,7,Apartamento,1,Eficiente,17.571428571428573,123.0,7.0,0
176,False,16,Casa,1,Eficiente,11.0,176.0,16.0,0
633,False,7,Casa,10,Ineficiente,90.42857142857144,63.3,0.7,0
306,True,8,Casa,6,Moderado,38.25,51.0,1.3333333333333333,1
515,False,7,Casa,5,Moderado,73.57142857142857,103.0,1.4,0
680,True,14,Comércio,1,Ineficiente,48.57142857142857,680.0,14.0,1
458,True,8,Casa,10,Ineficiente,57.25,45.8,0.8,1
257,False,10,Comércio,3,Eficiente,25.7,85.66666666666667,3.333333333333333,0
506,False,17,Apartamento,11,Ineficiente,29.764705882352946,46.0,1.5454545454545454,0
386,True,4,Comércio,7,Ineficiente,96.5,55.142857142857146,0.5714285714285714,1
583,True,6,Apartamento,9,Ineficiente,97.16666666666669,64.77777777777777,0.6666666666666666,1
347,True,15,Apartamento,9,Ineficiente,23.133333333333333,38.55555555555556,1.6666666666666667,1
665,True,8,Comércio,6,Ineficiente,83.125,110.83333333333331,1.3333333333333333,1
87,True,14,Casa,3,Moderado,6.214285714285714,29.0,4.666666666666667,1
587,False,7,Apartamento,1,Moderado,83.85714285714286,587.0,7.0,0
555,True,3,Comércio,3,Ineficiente,185.0,185.0,1.0,1
376,False,11,Apartamento,10,Moderado,34.18181818181818,37.6,1.1,0
243,False,5,Comércio,2,Eficiente,48.6,121.5,2.5,0
564,True,4,Apartamento,11,Ineficiente,141.0,51.27272727272727,0.3636363636363636,1
676,True,11,Comércio,5,Ineficiente,61.45454545454545,135.2,2.2,1
151,True,9,Apartamento,8,Moderado,16.77777777777778,18.875,1.125,1
646,True,7,Apartamento,5,Ineficiente,92.28571428571428,129.2,1.4,1
638,False,14,Apartamento,1,Ineficiente,45.57142857142857,638.0,14.0,0
317,True,8,Comércio,3,Moderado,39.625,105.66666666666669,2.6666666666666665,1
183,False,14,Apartamento,5,Eficiente,13.071428571428571,36.6,2.8,0
289,True,13,Apartamento,7,Moderado,22.23076923076923,41.285714285714285,1.8571428571428568,1
633,True,6,Apartamento,5,Ineficiente,105.5,126.6,1.2,1
547,True,3,Casa,10,Ineficiente,182.33333333333331,54.7,0.3,1
533,True,6,Casa,5,Ineficiente,88.83333333333333,106.6,1.2,1
347,True,11,Comércio,7,Ineficiente,31.545454545454547,49.57142857142857,1.5714285714285714,1
465,True,3,Apartamento,8,Ineficiente,155.0,58.125,0.375,1
466,False,12,Casa,8,Ineficiente,38.833333333333336,58.25,1.5,0
338,False,5,Casa,7,Moderado,67.6,48.285714285714285,0.7142857142857143,0
362,True,17,Apartamento,3,Moderado,21.294117647058822,120.66666666666669,5.666666666666667,1
119,True,17,Apartamento,11,Moderado,7.0,10.818181818181818,1.5454545454545454,1
565,True,7,Apartamento,2,Ineficiente,80.71428571428571,282.5,3.5,1
299,True,9,Apartamento,1,Eficiente,33.22222222222222,299.0,9.0,1
208,True,11,Casa,6,Moderado,18.90909090909091,34.666666666666664,1.8333333333333333,1
599,True,8,Casa,9,Ineficiente,74.875,66.55555555555556,0.8888888888888888,1
692,True,5,Casa,3,Ineficiente,138.4,230.66666666666663,1.6666666666666667,1
698,True,15,Apartamento,5,Ineficiente,46.53333333333333,139.6,3.0,1
692,True,9,Casa,9,Ineficiente,76.88888888888889,76.88888888888889,1.0,1
339,True,17,Apartamento,9,Ineficiente,19.94117647058824,37.66666666666666,1.8888888888888888,1
445,False,16,Apartamento,7,Moderado,27.8125,63.57142857142857,2.2857142857142856,0
623,True,6,Apartamento,4,Ineficiente,103.83333333333331,155.75,1.5,1
603,True,5,Comércio,11,Ineficiente,120.6,54.81818181818182,0.4545454545454545,1
95,False,16,Casa,2,Eficiente,5.9375,47.5,8.0,0
208,False,9,Apartamento,2,Eficiente,23.11111111111111,104.0,4.5,0
654,False,13,Casa,4,Ineficiente,50.30769230769231,163.5,3.25,0
188,False,13,Casa,1,Eficiente,14.461538461538462,188.0,13.0,0
612,True,9,Casa,4,Ineficiente,68.0,153.0,2.25,1
348,False,6,Casa,11,Moderado,58.0,31.63636363636364,0.5454545454545454,0
241,False,14,Apartamento,6,Eficiente,17.214285714285715,40.16666666666666,2.333333333333333,0
339,True,9,Apartamento,6,Moderado,37.66666666666666,56.5,1.5,1
181,True,13,Casa,7,Moderado,13.923076923076923,25.857142857142858,1.8571428571428568,1
585,False,16,Casa,5,Ineficiente,36.5625,117.0,3.2,0
650,True,4,Apartamento,9,Ineficiente,162.5,72.22222222222223,0.4444444444444444,1
326,True,3,Apartamento,2,Moderado,108.66666666666669,163.0,1.5,1
616,True,14,Casa,2,Ineficiente,44.0,308.0,7.0,1
210,True,17,Apartamento,4,Moderado,12.352941176470589,52.5,4.25,1
432,True,4,Apartamento,4,Moderado,108.0,108.0,1.0,1
275,False,6,Apartamento,4,Eficiente,45.833333333333336,68.75,1.5,0
461,False,10,Casa,1,Moderado,46.1,461.0,10.0,0
306,True,5,Apartamento,4,Moderado,61.2,76.5,1.25,1
555,False,17,Apartamento,5,Ineficiente,32.64705882352941,111.0,3.4,0
556,True,12,Apartamento,9,Ineficiente,46.333333333333336,61.77777777777778,1.3333333333333333,1
344,True,17,Apartamento,3,Moderado,20.235294117647054,114.66666666666669,5.666666666666667,1
451,False,8,Comércio,3,Moderado,56.375,150.33333333333334,2.6666666666666665,0
565,False,8,Casa,5,Moderado,70.625,113.0,1.6,0
513,False,15,Comércio,10,Ineficiente,34.2,51.3,1.5,0
290,False,11,Apartamento,6,Eficiente,26.363636363636363,48.333333333333336,1.8333333333333333,0
651,False,11,Apartamento,3,Ineficiente,59.18181818181818,217.0,3.6666666666666665,0
456,False,6,Casa,1,Moderado,76.0,456.0,6.0,0
474,True,11,Casa,10,Ineficiente,43.09090909090909,47.4,1.1,1
529,False,17,Apartamento,8,Ineficiente,31.11764705882353,66.125,2.125,0
443,False,17,Apartamento,1,Moderado,26.058823529411764,443.0,17.0,0
536,False,15,Casa,2,Ineficiente,35.733333333333334,268.0,7.5,0
305,True,8,Apartamento,3,Moderado,38.125,101.66666666666669,2.6666666666666665,1
210,True,4,Casa,6,Eficiente,52.5,35.0,0.6666666666666666,1
667,False,12,Comércio,4,Ineficiente,55.583333333333336,166.75,3.0,0
555,True,16,Comércio,4,Ineficiente,34.6875,138.75,4.0,1
356,False,13,Casa,9,Moderado,27.384615384615383,39.55555555555556,1.4444444444444444,0
235,True,8,Comércio,6,Eficiente,29.375,39.16666666666666,1.3333333333333333,1
297,True,4,Comércio,2,Eficiente,74.25,148.5,2.0,1
269,False,10,Casa,7,Eficiente,26.9,38.42857142857143,1.4285714285714286,0
496,True,6,Apartamento,3,Ineficiente,82.66666666666667,165.33333333333334,2.0,1
625,True,7,Casa,9,Ineficiente,89.28571428571429,69.44444444444444,0.7777777777777778,1
120,False,10,Apartamento,6,Eficiente,12.0,20.0,1.6666666666666667,0
386,False,16,Casa,8,Moderado,24.125,48.25,2.0,0
417,True,13,Casa,1,Moderado,32.07692307692308,417.0,13.0,1
393,False,10,Casa,2,Eficiente,39.3,196.5,5.0,0
154,True,14,Casa,6,Moderado,11.0,25.666666666666668,2.333333333333333,1
358,False,16,Apartamento,3,Moderado,22.375,119.33333333333331,5.333333333333333,0
255,True,14,Casa,1,Moderado,18.214285714285715,255.0,14.0,1
352,False,8,Casa,6,Eficiente,44.0,58.66666666666666,1.3333333333333333,0
699,True,6,Comércio,5,Ineficiente,116.5,139.8,1.2,1
368,True,17,Apartamento,9,Ineficiente,21.647058823529413,40.888888888888886,1.8888888888888888,1
351,True,3,Apartamento,6,Moderado,117.0,58.5,0.5,1
145,False,14,Comércio,5,Eficiente,10.357142857142858,29.0,2.8,0
562,True,9,Comércio,1,Ineficiente,62.44444444444444,562.0,9.0,1
327,False,10,Casa,1,Eficiente,32.7,327.0,10.0,0
235,False,11,Apartamento,11,Moderado,21.363636363636363,21.363636363636363,1.0,0
126,True,4,Comércio,1,Eficiente,31.5,126.0,4.0,1
533,True,3,Casa,7,Ineficiente,177.66666666666666,76.14285714285714,0.4285714285714285,1
280,True,6,Casa,6,Eficiente,46.66666666666666,46.66666666666666,1.0,1
203,False,15,Casa,5,Eficiente,13.533333333333331,40.6,3.0,0
80,True,7,Casa,4,Eficiente,11.428571428571429,20.0,1.75,1
270,True,12,Apartamento,11,Moderado,22.5,24.545454545454547,1.0909090909090908,1
658,False,14,Apartamento,11,Ineficiente,47.0,59.81818181818182,1.2727272727272727,0
595,False,3,Comércio,8,Ineficiente,198.33333333333331,74.375,0.375,0
521,True,7,Apartamento,11,Ineficiente,74.42857142857143,47.36363636363637,0.6363636363636364,1
222,True,8,Casa,8,Moderado,27.75,27.75,1.0,1
270,False,5,Casa,5,Eficiente,54.0,54.0,1.0,0
612,False,14,Comércio,4,Ineficiente,43.71428571428572,153.0,3.5,0
306,False,17,Casa,2,Moderado,18.0,153.0,8.5,0
392,False,9,Casa,7,Moderado,43.55555555555556,56.0,1.2857142857142858,0
381,True,16,Comércio,5,Ineficiente,23.8125,76.2,3.2,1
539,True,8,Apartamento,3,Ineficiente,67.375,179.66666666666666,2.6666666666666665,1
480,True,6,Casa,9,Ineficiente,80.0,53.333333333333336,0.6666666666666666,1
630,True,5,Comércio,9,Ineficiente,126.0,70.0,0.5555555555555556,1
472,False,7,Comércio,11,Ineficiente,67.42857142857143,42.90909090909091,0.6363636363636364,0
286,True,5,Casa,11,Moderado,57.2,26.0,0.4545454545454545,1
289,True,12,Comércio,10,Ineficiente,24.08333333333333,28.9,1.2,1
194,False,11,Casa,11,Moderado,17.636363636363637,17.636363636363637,1.0,0
330,True,11,Apartamento,8,Ineficiente,30.0,41.25,1.375,1
298,True,8,Comércio,1,Eficiente,37.25,298.0,8.0,1
486,True,15,Comércio,3,Ineficiente,32.4,162.0,5.0,1
522,False,13,Casa,2,Ineficiente,40.15384615384615,261.0,6.5,0
682,False,8,Casa,4,Moderado,85.25,170.5,2.0,0
433,True,14,Casa,2,Moderado,30.928571428571427,216.5,7.0,1
637,True,16,Apartamento,11,Ineficiente,39.8125,57.90909090909091,1.4545454545454546,1
629,False,6,Casa,8,Ineficiente,104.83333333333331,78.625,0.75,0
221,False,6,Casa,1,Eficiente,36.833333333333336,221.0,6.0,0
691,False,4,Casa,4,Moderado,172.75,172.75,1.0,0
580,False,12,Casa,5,Ineficiente,48.333333333333336,116.0,2.4,0
626,False,6,Casa,10,Ineficiente,104.33333333333331,62.6,0.6,0
621,True,10,Apartamento,4,Ineficiente,62.1,155.25,2.5,1
586,True,15,Casa,8,Ineficiente,39.06666666666667,73.25,1.875,1
675,True,12,Casa,2,Ineficiente,56.25,337.5,6.0,1
360,False,4,Comércio,9,Moderado,90.0,40.0,0.4444444444444444,0
503,False,11,Apartamento,2,Ineficiente,45.72727272727273,251.5,5.5,0
349,True,16,Casa,2,Moderado,21.8125,174.5,8.0,1
233,True,3,Casa,2,Eficiente,77.66666666666667,116.5,1.5,1
693,True,15,Apartamento,10,Ineficiente,46.2,69.3,1.5,1
162,False,4,Casa,8,Eficiente,40.5,20.25,0.5,0
505,False,17,Apartamento,3,Ineficiente,29.705882352941178,168.33333333333334,5.666666666666667,0
354,False,4,Casa,10,Moderado,88.5,35.4,0.4,0
363,False,13,Casa,11,Moderado,27.923076923076923,33.0,1.181818181818182,0
252,False,15,Apartamento,10,Moderado,16.8,25.2,1.5,0
406,False,17,Apartamento,8,Moderado,23.88235294117647,50.75,2.125,0
142,False,16,Comércio,7,Moderado,8.875,20.285714285714285,2.2857142857142856,0
152,True,8,Casa,10,Moderado,19.0,15.2,0.8,1
454,True,17,Apartamento,4,Ineficiente,26.705882352941178,113.5,4.25,1
587,True,16,Casa,7,Ineficiente,36.6875,83.85714285714286,2.2857142857142856,1
477,True,9,Apartamento,11,Ineficiente,53.0,43.36363636363637,0.8181818181818182,1
199,False,15,Comércio,8,Moderado,13.266666666666667,24.875,1.875,0
516,True,17,Casa,6,Ineficiente,30.352941176470587,86.0,2.833333333333333,1
544,False,17,Comércio,6,Ineficiente,32.0,90.66666666666669,2.833333333333333,0
365,True,5,Apartamento,3,Moderado,73.0,121.66666666666669,1.6666666666666667,1
344,True,13,Comércio,5,Ineficiente,26.46153846153846,68.8,2.6,1
399,False,11,Apartamento,10,Moderado,36.27272727272727,39.9,1.1,0
455,True,7,Casa,2,Ineficiente,65.0,227.5,3.5,1
168,True,7,Casa,5,Eficiente,24.0,33.6,1.4,1
282,True,13,Casa,5,Moderado,21.692307692307693,56.4,2.6,1
413,False,14,Casa,7,Moderado,29.5,59.0,2.0,0
301,True,6,Apartamento,4,Moderado,50.16666666666666,75.25,1.5,1
120,False,11,Apartamento,11,Moderado,10.909090909090908,10.909090909090908,1.0,0
147,False,10,Comércio,6,Eficiente,14.7,24.5,1.6666666666666667,0
593,False,14,Casa,9,Ineficiente,42.35714285714285,65.88888888888889,1.5555555555555556,0
677,False,6,Apartamento,4,Moderado,112.83333333333331,169.25,1.5,0
206,True,6,Comércio,11,Moderado,34.333333333333336,18.727272727272727,0.5454545454545454,1
334,True,4,Comércio,6,Moderado,83.5,55.66666666666666,0.6666666666666666,1
95,False,11,Casa,9,Moderado,8.636363636363637,10.555555555555555,1.2222222222222223,0
556,True,5,Apartamento,10,Ineficiente,111.2,55.6,0.5,1
141,True,6,Casa,1,Eficiente,23.5,141.0,6.0,1
511,True,16,Casa,8,Ineficiente,31.9375,63.875,2.0,1
347,False,9,Casa,1,Eficiente,38.55555555555556,347.0,9.0,0
114,True,12,Apartamento,4,Moderado,9.5,28.5,3.0,1
655,True,10,Apartamento,3,Ineficiente,65.5,218.33333333333331,3.333333333333333,1
573,False,10,Apartamento,4,Moderado,57.3,143.25,2.5,0
641,False,6,Comércio,7,Ineficiente,106.83333333333331,91.57142857142856,0.8571428571428571,0
548,True,17,Casa,9,Ineficiente,32.23529411764706,60.888888888888886,1.8888888888888888,1
404,True,9,Apartamento,9,Moderado,44.888888888888886,44.888888888888886,1.0,1
383,False,12,Apartamento,10,Moderado,31.916666666666668,38.3,1.2,0
355,False,3,Casa,1,Eficiente,118.33333333333331,355.0,3.0,0
280,False,8,Apartamento,10,Eficiente,35.0,28.0,0.8,0
524,True,8,Casa,1,Ineficiente,65.5,524.0,8.0,1
403,True,8,Comércio,9,Ineficiente,50.375,44.77777777777778,0.8888888888888888,1
114,False,14,Casa,4,Eficiente,8.142857142857142,28.5,3.5,0
561,False,4,Casa,3,Moderado,140.25,187.0,1.3333333333333333,0
559,True,10,Apartamento,9,Ineficiente,55.9,62.11111111111112,1.1111111111111112,1
144,True,16,Casa,5,Moderado,9.0,28.8,3.2,1
87,False,17,Casa,6,Eficiente,5.117647058823529,14.5,2.833333333333333,0
380,True,17,Casa,1,Moderado,22.352941176470587,380.0,17.0,1
422,True,7,Casa,1,Moderado,60.285714285714285,422.0,7.0,1
510,True,7,Apartamento,7,Ineficiente,72.85714285714286,72.85714285714286,1.0,1
503,True,4,Apartamento,10,Ineficiente,125.75,50.3,0.4,1
411,True,6,Apartamento,8,Moderado,68.5,51.375,0.75,1
517,False,14,Apartamento,11,Ineficiente,36.92857142857143,47.0,1.2727272727272727,0
667,True,11,Casa,8,Ineficiente,60.63636363636363,83.375,1.375,1
253,True,11,Casa,7,Moderado,23.0,36.142857142857146,1.5714285714285714,1
638,True,8,Apartamento,11,Ineficiente,79.75,58.0,0.7272727272727273,1
606,True,13,Comércio,9,Ineficiente,46.61538461538461,67.33333333333333,1.4444444444444444,1
105,True,17,Casa,1,Moderado,6.176470588235294,105.0,17.0,1
684,True,11,Casa,2,Ineficiente,62.18181818181818,342.0,5.5,1
485,False,6,Apartamento,3,Moderado,80.83333333333333,161.66666666666666,2.0,0
311,True,17,Apartamento,5,Moderado,18.294117647058822,62.2,3.4,1
612,True,13,Apartamento,4,Ineficiente,47.07692307692308,153.0,3.25,1
629,True,3,Casa,4,Ineficiente,209.66666666666663,157.25,0.75,1
584,True,4,Apartamento,8,Ineficiente,146.0,73.0,0.5,1
258,False,15,Casa,8,Moderado,17.2,32.25,1.875,0
211,True,3,Apartamento,11,Moderado,70.33333333333333,19.181818181818183,0.2727272727272727,1
534,False,10,Apartamento,7,Ineficiente,53.4,76.28571428571429,1.4285714285714286,0
427,True,11,Apartamento,1,Moderado,38.81818181818182,427.0,11.0,1
619,False,12,Casa,10,Ineficiente,51.583333333333336,61.9,1.2,0
485,True,14,Comércio,4,Ineficiente,34.642857142857146,121.25,3.5,1
155,False,8,Comércio,1,Eficiente,19.375,155.0,8.0,0
658,True,4,Apartamento,11,Ineficiente,164.5,59.81818181818182,0.3636363636363636,1
571,True,8,Casa,5,Ineficiente,71.375,114.2,1.6,1
273,False,11,Casa,3,Eficiente,24.818181818181817,91.0,3.6666666666666665,0
241,False,14,Comércio,3,Eficiente,17.214285714285715,80.33333333333333,4.666666666666667,0
426,True,5,Apartamento,4,Moderado,85.2,106.5,1.25,1
440,True,11,Comércio,2,Ineficiente,40.0,220.0,5.5,1
663,True,4,Casa,7,Ineficiente,165.75,94.71428571428572,0.5714285714285714,1
166,False,13,Casa,4,Eficiente,12.76923076923077,41.5,3.25,0
341,True,7,Comércio,5,Moderado,48.71428571428572,68.2,1.4,1
293,True,13,Apartamento,2,Moderado,22.53846153846154,146.5,6.5,1
652,False,4,Casa,6,Moderado,163.0,108.66666666666669,0.6666666666666666,0
341,False,9,Casa,9,Moderado,37.888888888888886,37.888888888888886,1.0,0
362,False,13,Apartamento,8,Moderado,27.846153846153847,45.25,1.625,0
546,False,12,Casa,8,Ineficiente,45.5,68.25,1.5,0
459,False,17,Apartamento,2,Ineficiente,27.0,229.5,8.5,0
441,True,11,Casa,4,Moderado,40.09090909090909,110.25,2.75,1
528,True,9,Apartamento,8,Ineficiente,58.66666666666666,66.0,1.125,1
520,False,14,Casa,11,Ineficiente,37.142857142857146,47.27272727272727,1.2727272727272727,0
172,True,7,Comércio,1,Eficiente,24.571428571428573,172.0,7.0,1
503,False,17,Casa,8,Ineficiente,29.58823529411765,62.875,2.125,0
221,True,6,Apartamento,3,Eficiente,36.833333333333336,73.66666666666667,2.0,1
370,True,14,Casa,8,Ineficiente,26.428571428571427,46.25,1.75,1
511,False,6,Apartamento,6,Moderado,85.16666666666667,85.16666666666667,1.0,0
128,False,17,Comércio,7,Moderado,7.529411764705882,18.285714285714285,2.4285714285714284,0
381,True,12,Apartamento,2,Moderado,31.75,190.5,6.0,1
269,False,10,Apartamento,1,Eficiente,26.9,269.0,10.0,0
215,False,12,Apartamento,6,Eficiente,17.916666666666668,35.833333333333336,2.0,0
634,True,15,Apartamento,3,Ineficiente,42.266666666666666,211.33333333333331,5.0,1
483,True,12,Comércio,4,Ineficiente,40.25,120.75,3.0,1
681,False,16,Comércio,9,Ineficiente,42.5625,75.66666666666667,1.7777777777777777,0
420,False,12,Casa,3,Moderado,35.0,140.0,4.0,0
397,True,12,Comércio,2,Ineficiente,33.083333333333336,198.5,6.0,1
697,False,12,Casa,2,Ineficiente,58.083333333333336,348.5,6.0,0
442,False,3,Casa,2,Eficiente,147.33333333333334,221.0,1.5,0
461,True,7,Casa,6,Ineficiente,65.85714285714286,76.83333333333333,1.1666666666666667,1
312,False,16,Casa,2,Moderado,19.5,156.0,8.0,0
423,True,4,Apartamento,11,Moderado,105.75,38.45454545454545,0.3636363636363636,1
628,True,15,Comércio,7,Ineficiente,41.86666666666667,89.71428571428571,2.142857142857143,1
632,False,13,Apartamento,7,Ineficiente,48.61538461538461,90.28571428571428,1.8571428571428568,0
608,False,11,Apartamento,7,Ineficiente,55.27272727272727,86.85714285714286,1.5714285714285714,0
650,False,9,Apartamento,2,Moderado,72.22222222222223,325.0,4.5,0
262,True,12,Apartamento,7,Moderado,21.83333333333333,37.42857142857143,1.7142857142857142,1
120,True,10,Casa,10,Moderado,12.0,12.0,1.0,1
630,True,8,Apartamento,8,Ineficiente,78.75,78.75,1.0,1
476,True,11,Apartamento,8,Ineficiente,43.27272727272727,59.5,1.375,1
573,True,8,Apartamento,2,Ineficiente,71.625,286.5,4.0,1
412,False,9,Apartamento,5,Eficiente,45.77777777777778,82.4,1.8,0
206,True,9,Comércio,6,Eficiente,22.88888888888889,34.333333333333336,1.5,1
637,False,11,Casa,9,Ineficiente,57.90909090909091,70.77777777777777,1.2222222222222223,0
636,True,13,Casa,6,Ineficiente,48.92307692307692,106.0,2.1666666666666665,1
80,False,10,Apartamento,10,Eficiente,8.0,8.0,1.0,0
247,True,15,Apartamento,6,Moderado,16.466666666666665,41.16666666666666,2.5,1
699,True,3,Comércio,10,Ineficiente,233.0,69.9,0.3,1
98,True,6,Casa,10,Moderado,16.333333333333332,9.8,0.6,1
411,True,9,Casa,6,Moderado,45.66666666666666,68.5,1.5,1
663,False,13,Comércio,9,Ineficiente,51.0,73.66666666666667,1.4444444444444444,0
535,True,10,Apartamento,10,Ineficiente,53.5,53.5,1.0,1
188,False,9,Apartamento,7,Eficiente,20.88888888888889,26.857142857142858,1.2857142857142858,0
347,False,14,Casa,1,Moderado,24.785714285714285,347.0,14.0,0
524,False,5,Casa,1,Moderado,104.8,524.0,5.0,0
319,True,17,Apartamento,4,Moderado,18.764705882352946,79.75,4.25,1
380,False,6,Casa,2,Eficiente,63.333333333333336,190.0,3.0,0
681,True,14,Comércio,3,Ineficiente,48.642857142857146,227.0,4.666666666666667,1
182,True,9,Apartamento,7,Moderado,20.22222222222222,26.0,1.2857142857142858,1
329,False,10,Casa,7,Moderado,32.9,47.0,1.4285714285714286,0
532,False,9,Apartamento,3,Moderado,59.11111111111112,177.33333333333334,3.0,0
599,True,8,Apartamento,2,Ineficiente,74.875,299.5,4.0,1
232,True,11,Casa,1,Moderado,21.09090909090909,232.0,11.0,1
253,True,11,Casa,9,Moderado,23.0,28.11111111111111,1.2222222222222223,1
422,True,13,Casa,10,Ineficiente,32.46153846153846,42.2,1.3,1
510,True,15,Apartamento,3,Ineficiente,34.0,170.0,5.0,1
403,False,9,Apartamento,9,Moderado,44.77777777777778,44.77777777777778,1.0,0
499,False,10,Apartamento,4,Moderado,49.9,124.75,2.5,0
673,False,8,Apartamento,10,Ineficiente,84.125,67.3,0.8,0
564,True,3,Apartamento,6,Ineficiente,188.0,94.0,0.5,1
491,False,3,Apartamento,7,Ineficiente,163.66666666666666,70.14285714285714,0.4285714285714285,0
163,False,8,Apartamento,10,Eficiente,20.375,16.3,0.8,0
192,False,4,Casa,6,Eficiente,48.0,32.0,0.6666666666666666,0
411,True,16,Comércio,1,Ineficiente,25.6875,411.0,16.0,1
457,True,10,Apartamento,6,Ineficiente,45.7,76.16666666666667,1.6666666666666667,1
120,True,3,Apartamento,11,Moderado,40.0,10.909090909090908,0.2727272727272727,1
184,False,15,Apartamento,6,Eficiente,12.266666666666667,30.666666666666668,2.5,0
281,False,4,Casa,5,Eficiente,70.25,56.2,0.8,0
529,False,10,Apartamento,3,Moderado,52.9,176.33333333333334,3.333333333333333,0
345,True,14,Casa,10,Ineficiente,24.642857142857142,34.5,1.4,1
289,True,8,Apartamento,3,Eficiente,36.125,96.33333333333331,2.6666666666666665,1
642,True,14,Apartamento,11,Ineficiente,45.85714285714285,58.36363636363637,1.2727272727272727,1
197,True,12,Apartamento,10,Moderado,16.416666666666668,19.7,1.2,1
456,True,4,Apartamento,7,Ineficiente,114.0,65.14285714285714,0.5714285714285714,1
630,False,4,Apartamento,8,Ineficiente,157.5,78.75,0.5,0
619,True,13,Casa,3,Ineficiente,47.61538461538461,206.33333333333331,4.333333333333333,1
163,False,16,Comércio,3,Eficiente,10.1875,54.333333333333336,5.333333333333333,0
533,True,9,Apartamento,7,Ineficiente,59.22222222222222,76.14285714285714,1.2857142857142858,1
593,True,7,Apartamento,10,Ineficiente,84.71428571428571,59.3,0.7,1
684,True,7,Casa,7,Ineficiente,97.71428571428572,97.71428571428572,1.0,1
466,False,10,Apartamento,11,Ineficiente,46.6,42.36363636363637,0.9090909090909092,0
429,True,14,Casa,9,Ineficiente,30.642857142857142,47.66666666666666,1.5555555555555556,1
375,False,14,Apartamento,6,Moderado,26.785714285714285,62.5,2.333333333333333,0
337,True,9,Casa,7,Moderado,37.44444444444444,48.142857142857146,1.2857142857142858,1
160,False,14,Apartamento,11,Moderado,11.428571428571429,14.545454545454543,1.2727272727272727,0
347,False,16,Apartamento,10,Moderado,21.6875,34.7,1.6,0
498,True,11,Casa,1,Ineficiente,45.27272727272727,498.0,11.0,1
314,False,6,Apartamento,7,Moderado,52.333333333333336,44.85714285714285,0.8571428571428571,0
390,True,12,Comércio,2,Ineficiente,32.5,195.0,6.0,1
436,False,6,Casa,7,Moderado,72.66666666666667,62.285714285714285,0.8571428571428571,0
292,True,4,Apartamento,3,Eficiente,73.0,97.33333333333331,1.3333333333333333,1
653,True,5,Casa,9,Ineficiente,130.6,72.55555555555556,0.5555555555555556,1
128,False,3,Casa,5,Eficiente,42.66666666666666,25.6,0.6,0
206,False,3,Casa,7,Eficiente,68.66666666666667,29.428571428571427,0.4285714285714285,0
302,True,9,Apartamento,8,Moderado,33.55555555555556,37.75,1.125,1
358,False,16,Casa,2,Moderado,22.375,179.0,8.0,0
487,True,16,Comércio,11,Ineficiente,30.4375,44.27272727272727,1.4545454545454546,1
584,True,7,Apartamento,1,Ineficiente,83.42857142857143,584.0,7.0,1
373,False,5,Casa,7,Moderado,74.6,53.285714285714285,0.7142857142857143,0
356,True,9,Apartamento,6,Moderado,39.55555555555556,59.333333333333336,1.5,1
517,True,16,Casa,6,Ineficiente,32.3125,86.16666666666667,2.6666666666666665,1
186,False,4,Apartamento,2,Eficiente,46.5,93.0,2.0,0
499,True,5,Casa,3,Ineficiente,99.8,166.33333333333334,1.6666666666666667,1
690,False,3,Casa,4,Moderado,230.0,172.5,0.75,0
508,True,10,Apartamento,3,Ineficiente,50.8,169.33333333333334,3.333333333333333,1
454,True,4,Comércio,2,Ineficiente,113.5,227.0,2.0,1
152,True,17,Casa,3,Moderado,8.941176470588236,50.66666666666666,5.666666666666667,1
109,False,9,Apartamento,6,Eficiente,12.11111111111111,18.166666666666668,1.5,0
267,False,13,Casa,9,Moderado,20.53846153846154,29.666666666666668,1.4444444444444444,0
443,True,11,Apartamento,4,Moderado,40.27272727272727,110.75,2.75,1
530,True,8,Apartamento,6,Ineficiente,66.25,88.33333333333333,1.3333333333333333,1
274,False,4,Casa,1,Eficiente,68.5,274.0,4.0,0
235,True,4,Casa,6,Eficiente,58.75,39.16666666666666,0.6666666666666666,1
251,False,11,Casa,3,Eficiente,22.818181818181817,83.66666666666667,3.6666666666666665,0
120,True,12,Casa,9,Moderado,10.0,13.333333333333334,1.3333333333333333,1
142,False,10,Casa,4,Eficiente,14.2,35.5,2.5,0
102,True,16,Apartamento,7,Moderado,6.375,14.571428571428571,2.2857142857142856,1
439,False,16,Comércio,4,Moderado,27.4375,109.75,4.0,0
154,False,16,Casa,11,Moderado,9.625,14.0,1.4545454545454546,0
639,True,11,Apartamento,6,Ineficiente,58.09090909090909,106.5,1.8333333333333333,1
197,True,6,Apartamento,7,Moderado,32.833333333333336,28.142857142857142,0.8571428571428571,1
691,False,6,Comércio,2,Moderado,115.16666666666669,345.5,3.0,0
459,False,17,Apartamento,10,Ineficiente,27.0,45.9,1.7,0
369,True,17,Apartamento,6,Moderado,21.705882352941178,61.5,2.833333333333333,1
519,True,4,Apartamento,8,Ineficiente,129.75,64.875,0.5,1
86,False,16,Casa,6,Eficiente,5.375,14.333333333333334,2.6666666666666665,0
275,True,12,Casa,2,Moderado,22.916666666666668,137.5,6.0,1
500,False,3,Casa,4,Moderado,166.66666666666666,125.0,0.75,0
647,True,12,Casa,1,Ineficiente,53.91666666666666,647.0,12.0,1
272,False,15,Apartamento,7,Moderado,18.133333333333333,38.85714285714285,2.142857142857143,0
638,False,6,Casa,8,Ineficiente,106.33333333333331,79.75,0.75,0
227,False,12,Apartamento,10,Moderado,18.916666666666668,22.7,1.2,0
281,True,12,Casa,2,Moderado,23.416666666666668,140.5,6.0,1
523,False,13,Comércio,10,Ineficiente,40.23076923076923,52.3,1.3,0
498,True,10,Comércio,5,Ineficiente,49.8,99.6,2.0,1
506,False,4,Casa,11,Ineficiente,126.5,46.0,0.3636363636363636,0
558,True,15,Casa,8,Ineficiente,37.2,69.75,1.875,1
554,True,14,Apartamento,11,Ineficiente,39.57142857142857,50.36363636363637,1.2727272727272727,1
205,False,13,Casa,8,Moderado,15.76923076923077,25.625,1.625,0
474,True,10,Casa,5,Ineficiente,47.4,94.8,2.0,1
655,False,3,Casa,8,Ineficiente,218.33333333333331,81.875,0.375,0
404,False,17,Comércio,6,Moderado,23.764705882352946,67.33333333333333,2.833333333333333,0
471,False,3,Comércio,5,Moderado,157.0,94.2,0.6,0
519,True,6,Apartamento,11,Ineficiente,86.5,47.18181818181818,0.5454545454545454,1
283,True,9,Apartamento,4,Eficiente,31.444444444444443,70.75,2.25,1
565,False,11,Comércio,5,Ineficiente,51.36363636363637,113.0,2.2,0
110,True,7,Comércio,4,Eficiente,15.714285714285714,27.5,1.75,1
467,True,4,Comércio,1,Ineficiente,116.75,467.0,4.0,1
513,True,14,Casa,3,Ineficiente,36.642857142857146,171.0,4.666666666666667,1
455,True,9,Casa,8,Ineficiente,50.55555555555556,56.875,1.125,1
423,False,13,Apartamento,7,Moderado,32.53846153846154,60.42857142857143,1.8571428571428568,0
522,True,4,Apartamento,7,Ineficiente,130.5,74.57142857142857,0.5714285714285714,1
658,False,11,Casa,11,Ineficiente,59.81818181818182,59.81818181818182,1.0,0
154,True,11,Casa,3,Moderado,14.0,51.333333333333336,3.6666666666666665,1
636,True,5,Comércio,9,Ineficiente,127.2,70.66666666666667,0.5555555555555556,1
234,True,15,Comércio,6,Moderado,15.6,39.0,2.5,1
509,True,10,Casa,8,Ineficiente,50.9,63.625,1.25,1
442,True,13,Comércio,8,Ineficiente,34.0,55.25,1.625,1
527,False,6,Apartamento,3,Moderado,87.83333333333333,175.66666666666666,2.0,0
313,True,5,Apartamento,4,Moderado,62.6,78.25,1.25,1
642,True,3,Casa,6,Ineficiente,214.0,107.0,0.5,1
341,True,7,Casa,2,Moderado,48.71428571428572,170.5,3.5,1
204,True,15,Casa,11,Moderado,13.6,18.545454545454547,1.3636363636363635,1
324,False,16,Apartamento,7,Moderado,20.25,46.285714285714285,2.2857142857142856,0
621,True,13,Apartamento,2,Ineficiente,47.76923076923077,310.5,6.5,1
564,True,6,Casa,11,Ineficiente,94.0,51.27272727272727,0.5454545454545454,1
201,True,3,Comércio,5,Eficiente,67.0,40.2,0.6,1
204,False,12,Casa,4,Eficiente,17.0,51.0,3.0,0
628,True,10,Casa,9,Ineficiente,62.8,69.77777777777777,1.1111111111111112,1
249,False,10,Apartamento,2,Eficiente,24.9,124.5,5.0,0
203,True,15,Apartamento,7,Moderado,13.533333333333331,29.0,2.142857142857143,1
114,False,10,Casa,7,Eficiente,11.4,16.285714285714285,1.4285714285714286,0
166,False,5,Apartamento,7,Eficiente,33.2,23.714285714285715,0.7142857142857143,0
280,False,8,Apartamento,1,Eficiente,35.0,280.0,8.0,0
448,True,14,Apartamento,8,Ineficiente,32.0,56.0,1.75,1
156,True,14,Apartamento,2,Moderado,11.142857142857142,78.0,7.0,1
138,True,9,Casa,5,Eficiente,15.333333333333334,27.6,1.8,1
510,True,11,Apartamento,2,Ineficiente,46.36363636363637,255.0,5.5,1
579,True,7,Comércio,5,Ineficiente,82.71428571428571,115.8,1.4,1
188,True,11,Casa,7,Moderado,17.09090909090909,26.857142857142858,1.5714285714285714,1
357,False,8,Casa,6,Eficiente,44.625,59.5,1.3333333333333333,0
147,True,12,Comércio,5,Moderado,12.25,29.4,2.4,1
148,True,12,Casa,4,Moderado,12.333333333333334,37.0,3.0,1
244,True,12,Apartamento,8,Moderado,20.33333333333333,30.5,1.5,1
568,False,6,Comércio,11,Ineficiente,94.66666666666669,51.63636363636363,0.5454545454545454,0
384,True,15,Casa,8,Ineficiente,25.6,48.0,1.875,1
444,False,3,Casa,1,Eficiente,148.0,444.0,3.0,0
458,True,3,Comércio,10,Ineficiente,152.66666666666666,45.8,0.3,1
422,True,16,Comércio,2,Ineficiente,26.375,211.0,8.0,1
633,True,12,Apartamento,3,Ineficiente,52.75,211.0,4.0,1
433,True,7,Apartamento,1,Moderado,61.85714285714285,433.0,7.0,1
495,False,15,Apartamento,11,Ineficiente,33.0,45.0,1.3636363636363635,0
188,False,16,Apartamento,3,Eficiente,11.75,62.66666666666666,5.333333333333333,0
642,True,5,Casa,10,Ineficiente,128.4,64.2,0.5,1
576,False,7,Casa,8,Ineficiente,82.28571428571429,72.0,0.875,0
420,True,7,Apartamento,4,Moderado,60.0,105.0,1.75,1
462,False,3,Comércio,7,Ineficiente,154.0,66.0,0.4285714285714285,0
612,False,16,Comércio,7,Ineficiente,38.25,87.42857142857143,2.2857142857142856,0
379,True,10,Comércio,11,Ineficiente,37.9,34.45454545454545,0.9090909090909092,1
218,True,7,Comércio,5,Eficiente,31.142857142857142,43.6,1.4,1
438,True,7,Apartamento,1,Moderado,62.57142857142857,438.0,7.0,1
578,False,11,Casa,10,Ineficiente,52.54545454545455,57.8,1.1,0
464,True,10,Apartamento,4,Ineficiente,46.4,116.0,2.5,1
683,False,15,Apartamento,7,Ineficiente,45.53333333333333,97.57142857142856,2.142857142857143,0
359,False,3,Apartamento,5,Eficiente,119.66666666666669,71.8,0.6,0
562,True,5,Casa,2,Ineficiente,112.4,281.0,2.5,1
190,True,14,Comércio,8,Ineficiente,13.571428571428571,23.75,1.75,1
218,False,9,Apartamento,2,Eficiente,24.22222222222222,109.0,4.5,0
514,True,3,Casa,11,Ineficiente,171.33333333333334,46.72727272727273,0.2727272727272727,1
588,False,3,Apartamento,8,Ineficiente,196.0,73.5,0.375,0
352,True,7,Apartamento,11,Moderado,50.285714285714285,32.0,0.6363636363636364,1
178,True,11,Casa,2,Moderado,16.181818181818183,89.0,5.5,1
183,True,8,Apartamento,11,Moderado,22.875,16.636363636363637,0.7272727272727273,1
293,False,12,Casa,5,Eficiente,24.416666666666668,58.6,2.4,0
244,True,4,Casa,4,Eficiente,61.0,61.0,1.0,1
599,False,13,Casa,1,Ineficiente,46.07692307692308,599.0,13.0,0
363,True,11,Apartamento,8,Ineficiente,33.0,45.375,1.375,1
596,False,8,Comércio,10,Ineficiente,74.5,59.6,0.8,0
692,False,7,Apartamento,3,Moderado,98.85714285714286,230.66666666666663,2.333333333333333,0
243,True,7,Comércio,4,Eficiente,34.714285714285715,60.75,1.75,1
143,False,17,Casa,4,Eficiente,8.411764705882353,35.75,4.25,0
170,True,14,Casa,5,Moderado,12.142857142857142,34.0,2.8,1
196,True,5,Apartamento,3,Eficiente,39.2,65.33333333333333,1.6666666666666667,1
346,True,16,Casa,9,Ineficiente,21.625,38.44444444444444,1.7777777777777777,1
638,False,8,Apartamento,4,Moderado,79.75,159.5,2.0,0
219,False,17,Apartamento,10,Moderado,12.882352941176473,21.9,1.7,0
325,False,17,Comércio,11,Ineficiente,19.11764705882353,29.545454545454547,1.5454545454545454,0
474,True,15,Casa,11,Ineficiente,31.6,43.09090909090909,1.3636363636363635,1
566,False,6,Apartamento,4,Moderado,94.33333333333331,141.5,1.5,0
555,True,15,Apartamento,6,Ineficiente,37.0,92.5,2.5,1
596,False,14,Casa,8,Ineficiente,42.57142857142857,74.5,1.75,0
263,True,12,Apartamento,7,Moderado,21.916666666666668,37.57142857142857,1.7142857142857142,1
99,False,16,Casa,4,Eficiente,6.1875,24.75,4.0,0
637,False,17,Casa,4,Ineficiente,37.47058823529412,159.25,4.25,0
603,False,4,Casa,5,Moderado,150.75,120.6,0.8,0
661,False,15,Casa,10,Ineficiente,44.06666666666667,66.1,1.5,0
608,True,5,Apartamento,5,Ineficiente,121.6,121.6,1.0,1
226,False,11,Casa,1,Eficiente,20.545454545454547,226.0,11.0,0
383,True,13,Casa,8,Ineficiente,29.46153846153846,47.875,1.625,1
699,False,13,Casa,10,Ineficiente,53.76923076923077,69.9,1.3,0
661,False,11,Casa,5,Ineficiente,60.09090909090909,132.2,2.2,0
307,False,8,Casa,3,Eficiente,38.375,102.33333333333331,2.6666666666666665,0
181,True,12,Casa,3,Moderado,15.083333333333334,60.333333333333336,4.0,1
666,True,12,Apartamento,4,Ineficiente,55.5,166.5,3.0,1
496,True,16,Apartamento,7,Ineficiente,31.0,70.85714285714286,2.2857142857142856,1
295,False,11,Apartamento,5,Eficiente,26.818181818181817,59.0,2.2,0
486,True,6,Apartamento,1,Ineficiente,81.0,486.0,6.0,1
478,True,13,Apartamento,5,Ineficiente,36.76923076923077,95.6,2.6,1
578,False,7,Apartamento,5,Moderado,82.57142857142857,115.6,1.4,0
544,False,12,Apartamento,6,Ineficiente,45.333333333333336,90.66666666666669,2.0,0
161,True,8,Casa,7,Moderado,20.125,23.0,1.1428571428571428,1
683,True,15,Apartamento,5,Ineficiente,45.53333333333333,136.6,3.0,1
444,False,17,Casa,11,Moderado,26.11764705882353,40.36363636363637,1.5454545454545454,0
242,True,11,Casa,2,Moderado,22.0,121.0,5.5,1
127,False,15,Apartamento,2,Eficiente,8.466666666666667,63.5,7.5,0
590,True,7,Casa,4,Ineficiente,84.28571428571429,147.5,1.75,1
408,False,10,Casa,1,Eficiente,40.8,408.0,10.0,0
195,True,13,Casa,7,Moderado,15.0,27.857142857142858,1.8571428571428568,1
416,True,3,Casa,1,Moderado,138.66666666666666,416.0,3.0,1
226,False,7,Casa,3,Eficiente,32.285714285714285,75.33333333333333,2.333333333333333,0
654,False,12,Apartamento,10,Ineficiente,54.5,65.4,1.2,0
402,True,3,Apartamento,7,Moderado,134.0,57.42857142857143,0.4285714285714285,1
522,False,12,Apartamento,11,Ineficiente,43.5,47.45454545454545,1.0909090909090908,0
92,True,16,Casa,6,Moderado,5.75,15.333333333333334,2.6666666666666665,1
573,False,8,Comércio,7,Ineficiente,71.625,81.85714285714286,1.1428571428571428,0
366,False,9,Apartamento,5,Eficiente,40.66666666666666,73.2,1.8,0
193,True,14,Casa,8,Moderado,13.785714285714286,24.125,1.75,1
559,False,16,Apartamento,6,Ineficiente,34.9375,93.16666666666669,2.6666666666666665,0
101,True,7,Apartamento,4,Eficiente,14.428571428571429,25.25,1.75,1
428,True,3,Apartamento,11,Moderado,142.66666666666666,38.90909090909091,0.2727272727272727,1
645,False,8,Casa,1,Moderado,80.625,645.0,8.0,0
399,False,12,Apartamento,2,Moderado,33.25,199.5,6.0,0
205,True,7,Comércio,6,Eficiente,29.285714285714285,34.166666666666664,1.1666666666666667,1
356,True,8,Apartamento,4,Moderado,44.5,89.0,2.0,1
283,True,13,Apartamento,3,Moderado,21.76923076923077,94.33333333333331,4.333333333333333,1
273,False,12,Apartamento,7,Moderado,22.75,39.0,1.7142857142857142,0
626,True,17,Apartamento,7,Ineficiente,36.8235294117647,89.42857142857143,2.4285714285714284,1
365,True,9,Casa,2,Moderado,40.55555555555556,182.5,4.5,1
136,True,9,Apartamento,8,Moderado,15.11111111111111,17.0,1.125,1
382,True,4,Casa,11,Moderado,95.5,34.72727272727273,0.3636363636363636,1
242,True,17,Apartamento,1,Moderado,14.235294117647058,242.0,17.0,1
98,True,14,Apartamento,11,Moderado,7.0,8.909090909090908,1.2727272727272727,1
449,True,5,Casa,10,Moderado,89.8,44.9,0.5,1
343,True,14,Apartamento,7,Ineficiente,24.5,49.0,2.0,1
192,False,8,Casa,10,Eficiente,24.0,19.2,0.8,0
567,True,5,Casa,1,Ineficiente,113.4,567.0,5.0,1
406,False,4,Casa,3,Eficiente,101.5,135.33333333333334,1.3333333333333333,0
621,False,6,Casa,3,Moderado,103.5,207.0,2.0,0
658,False,7,Casa,10,Ineficiente,94.0,65.8,0.7,0
144,False,13,Casa,2,Eficiente,11.076923076923077,72.0,6.5,0
371,True,12,Apartamento,10,Ineficiente,30.916666666666668,37.1,1.2,1
104,True,11,Apartamento,5,Moderado,9.454545454545457,20.8,2.2,1
628,True,5,Apartamento,4,Ineficiente,125.6,157.0,1.25,1
80,True,5,Casa,6,Eficiente,16.0,13.333333333333334,0.8333333333333334,1
628,False,8,Comércio,2,Moderado,78.5,314.0,4.0,0
220,False,7,Apartamento,4,Eficiente,31.428571428571427,55.0,1.75,0
267,False,8,Casa,7,Eficiente,33.375,38.142857142857146,1.1428571428571428,0
207,True,9,Apartamento,1,Eficiente,23.0,207.0,9.0,1
280,False,13,Casa,11,Moderado,21.53846153846154,25.454545454545453,1.181818181818182,0
206,True,5,Apartamento,3,Eficiente,41.2,68.66666666666667,1.6666666666666667,1
336,True,17,Apartamento,1,Moderado,19.764705882352946,336.0,17.0,1
626,True,15,Casa,2,Ineficiente,41.73333333333333,313.0,7.5,1
273,False,7,Comércio,9,Eficiente,39.0,30.33333333333333,0.7777777777777778,0
183,True,10,Casa,10,Moderado,18.3,18.3,1.0,1
614,False,6,Casa,5,Moderado,102.33333333333331,122.8,1.2,0
344,False,12,Comércio,4,Moderado,28.666666666666668,86.0,3.0,0
463,False,4,Comércio,4,Moderado,115.75,115.75,1.0,0
339,True,6,Apartamento,8,Moderado,56.5,42.375,0.75,1
493,False,4,Apartamento,3,Moderado,123.25,164.33333333333334,1.3333333333333333,0
437,False,5,Casa,4,Eficiente,87.4,109.25,1.25,0
154,True,6,Apartamento,2,Eficiente,25.666666666666668,77.0,3.0,1
434,True,6,Casa,6,Moderado,72.33333333333333,72.33333333333333,1.0,1
663,True,12,Casa,9,Ineficiente,55.25,73.66666666666667,1.3333333333333333,1
267,True,11,Apartamento,4,Moderado,24.272727272727277,66.75,2.75,1
369,True,12,Casa,11,Ineficiente,30.75,33.54545454545455,1.0909090909090908,1
124,False,8,Casa,6,Eficiente,15.5,20.666666666666668,1.3333333333333333,0
652,True,11,Casa,4,Ineficiente,59.27272727272727,163.0,2.75,1
162,True,6,Casa,2,Eficiente,27.0,81.0,3.0,1
202,False,11,Casa,6,Eficiente,18.363636363636363,33.666666666666664,1.8333333333333333,0
437,True,13,Casa,7,Ineficiente,33.61538461538461,62.42857142857143,1.8571428571428568,1
607,False,15,Casa,4,Ineficiente,40.46666666666667,151.75,3.75,0
145,True,11,Apartamento,11,Moderado,13.181818181818182,13.181818181818182,1.0,1
454,False,8,Apartamento,7,Ineficiente,56.75,64.85714285714286,1.1428571428571428,0
241,True,7,Apartamento,11,Moderado,34.42857142857143,21.90909090909091,0.6363636363636364,1
459,False,5,Apartamento,8,Ineficiente,91.8,57.375,0.625,0
437,True,16,Casa,11,Ineficiente,27.3125,39.72727272727273,1.4545454545454546,1
267,False,17,Casa,3,Eficiente,15.705882352941176,89.0,5.666666666666667,0
401,True,7,Casa,2,Moderado,57.285714285714285,200.5,3.5,1
529,False,17,Apartamento,5,Ineficiente,31.11764705882353,105.8,3.4,0
553,True,5,Apartamento,2,Ineficiente,110.6,276.5,2.5,1
92,True,7,Apartamento,10,Moderado,13.142857142857142,9.2,0.7,1
263,False,7,Casa,5,Eficiente,37.57142857142857,52.6,1.4,0
190,True,4,Casa,10,Moderado,47.5,19.0,0.4,1
587,False,16,Apartamento,6,Ineficiente,36.6875,97.83333333333331,2.6666666666666665,0
369,False,16,Casa,8,Moderado,23.0625,46.125,2.0,0
374,False,11,Apartamento,6,Moderado,34.0,62.333333333333336,1.8333333333333333,0
530,True,17,Apartamento,4,Ineficiente,31.176470588235293,132.5,4.25,1
294,False,9,Apartamento,3,Eficiente,32.666666666666664,98.0,3.0,0
646,False,16,Comércio,2,Ineficiente,40.375,323.0,8.0,0
106,False,8,Comércio,1,Eficiente,13.25,106.0,8.0,0
310,True,7,Apartamento,2,Moderado,44.285714285714285,155.0,3.5,1
644,True,17,Apartamento,2,Ineficiente,37.88235294117647,322.0,8.5,1
400,True,6,Casa,5,Moderado,66.66666666666667,80.0,1.2,1
312,True,10,Comércio,9,Ineficiente,31.2,34.666666666666664,1.1111111111111112,1
516,True,4,Apartamento,1,Ineficiente,129.0,516.0,4.0,1
612,True,10,Casa,4,Ineficiente,61.2,153.0,2.5,1
482,False,3,Casa,10,Ineficiente,160.66666666666666,48.2,0.3,0
132,False,12,Casa,7,Moderado,11.0,18.857142857142858,1.7142857142857142,0
392,False,3,Apartamento,11,Moderado,130.66666666666666,35.63636363636363,0.2727272727272727,0
360,True,5,Apartamento,10,Moderado,72.0,36.0,0.5,1
110,True,7,Casa,3,Eficiente,15.714285714285714,36.66666666666666,2.333333333333333,1
416,False,16,Casa,8,Moderado,26.0,52.0,2.0,0
262,False,8,Comércio,3,Eficiente,32.75,87.33333333333333,2.6666666666666665,0
102,False,6,Apartamento,8,Eficiente,17.0,12.75,0.75,0
623,False,9,Apartamento,2,Moderado,69.22222222222223,311.5,4.5,0
525,True,9,Casa,5,Ineficiente,58.333333333333336,105.0,1.8,1
153,False,4,Apartamento,4,Eficiente,38.25,38.25,1.0,0
89,True,4,Apartamento,11,Moderado,22.25,8.090909090909092,0.3636363636363636,1
563,True,4,Casa,9,Ineficiente,140.75,62.55555555555556,0.4444444444444444,1
535,False,17,Casa,3,Ineficiente,31.47058823529412,178.33333333333334,5.666666666666667,0
645,True,16,Casa,11,Ineficiente,40.3125,58.63636363636363,1.4545454545454546,1
643,True,17,Casa,5,Ineficiente,37.8235294117647,128.6,3.4,1
239,True,4,Comércio,10,Moderado,59.75,23.9,0.4,1
93,True,15,Casa,9,Moderado,6.2,10.333333333333334,1.6666666666666667,1
257,False,11,Casa,6,Eficiente,23.363636363636363,42.833333333333336,1.8333333333333333,0
491,True,16,Apartamento,2,Ineficiente,30.6875,245.5,8.0,1
132,True,7,Casa,1,Eficiente,18.857142857142858,132.0,7.0,1
487,True,13,Apartamento,11,Ineficiente,37.46153846153846,44.27272727272727,1.181818181818182,1
101,True,10,Casa,1,Eficiente,10.1,101.0,10.0,1
109,True,7,Apartamento,7,Moderado,15.571428571428571,15.571428571428571,1.0,1
339,False,15,Casa,2,Moderado,22.6,169.5,7.5,0
284,True,13,Apartamento,7,Moderado,21.846153846153847,40.57142857142857,1.8571428571428568,1
138,False,7,Apartamento,1,Eficiente,19.714285714285715,138.0,7.0,0
550,False,3,Comércio,4,Moderado,183.33333333333331,137.5,0.75,0
545,False,8,Apartamento,10,Ineficiente,68.125,54.5,0.8,0
91,True,6,Apartamento,11,Moderado,15.166666666666666,8.272727272727273,0.5454545454545454,1
369,True,17,Casa,4,Moderado,21.705882352941178,92.25,4.25,1
433,False,5,Apartamento,5,Eficiente,86.6,86.6,1.0,0
154,True,8,Apartamento,10,Moderado,19.25,15.4,0.8,1
640,False,4,Comércio,1,Moderado,160.0,640.0,4.0,0
670,False,10,Casa,7,Ineficiente,67.0,95.71428571428572,1.4285714285714286,0
520,False,3,Casa,11,Ineficiente,173.33333333333334,47.27272727272727,0.2727272727272727,0
320,False,14,Apartamento,2,Moderado,22.857142857142858,160.0,7.0,0
233,False,11,Casa,11,Moderado,21.181818181818183,21.181818181818183,1.0,0
175,True,10,Casa,11,Moderado,17.5,15.909090909090908,0.9090909090909092,1
373,False,3,Casa,2,Eficiente,124.33333333333331,186.5,1.5,0
288,True,12,Apartamento,8,Moderado,24.0,36.0,1.5,1
422,True,14,Comércio,9,Ineficiente,30.142857142857142,46.888888888888886,1.5555555555555556,1
167,False,17,Apartamento,6,Eficiente,9.823529411764708,27.83333333333333,2.833333333333333,0
469,False,11,Casa,11,Ineficiente,42.63636363636363,42.63636363636363,1.0,0
404,False,4,Casa,1,Eficiente,101.0,404.0,4.0,0
236,False,5,Casa,1,Eficiente,47.2,236.0,5.0,0
656,True,4,Apartamento,11,Ineficiente,164.0,59.63636363636363,0.3636363636363636,1
698,False,15,Apartamento,7,Ineficiente,46.53333333333333,99.71428571428572,2.142857142857143,0
216,False,16,Casa,8,Moderado,13.5,27.0,2.0,0
507,False,10,Apartamento,3,Moderado,50.7,169.0,3.333333333333333,0
531,True,4,Apartamento,9,Ineficiente,132.75,59.0,0.4444444444444444,1
691,True,12,Casa,4,Ineficiente,57.583333333333336,172.75,3.0,1
220,False,4,Casa,4,Eficiente,55.0,55.0,1.0,0
162,True,17,Comércio,3,Moderado,9.529411764705882,54.0,5.666666666666667,1
256,True,3,Casa,8,Moderado,85.33333333333333,32.0,0.375,1
277,False,9,Apartamento,9,Eficiente,30.77777777777778,30.77777777777778,1.0,0
647,True,14,Apartamento,1,Ineficiente,46.21428571428572,647.0,14.0,1
500,True,4,Apartamento,2,Ineficiente,125.0,250.0,2.0,1
480,True,12,Apartamento,1,Ineficiente,40.0,480.0,12.0,1
550,True,7,Apartamento,4,Ineficiente,78.57142857142857,137.5,1.75,1
297,False,7,Comércio,10,Eficiente,42.42857142857143,29.7,0.7,0
254,True,5,Comércio,7,Moderado,50.8,36.285714285714285,0.7142857142857143,1
102,True,5,Apartamento,7,Moderado,20.4,14.571428571428571,0.7142857142857143,1
314,False,15,Casa,6,Moderado,20.933333333333334,52.333333333333336,2.5,0
92,False,14,Casa,11,Moderado,6.571428571428571,8.363636363636363,1.2727272727272727,0
180,False,5,Apartamento,5,Eficiente,36.0,36.0,1.0,0
615,True,8,Apartamento,11,Ineficiente,76.875,55.90909090909091,0.7272727272727273,1
602,True,16,Casa,4,Ineficiente,37.625,150.5,4.0,1
531,False,6,Casa,8,Ineficiente,88.5,66.375,0.75,0
510,True,15,Apartamento,7,Ineficiente,34.0,72.85714285714286,2.142857142857143,1
685,False,5,Casa,11,Ineficiente,137.0,62.27272727272727,0.4545454545454545,0
612,True,4,Apartamento,11,Ineficiente,153.0,55.63636363636363,0.3636363636363636,1
372,True,15,Apartamento,10,Ineficiente,24.8,37.2,1.5,1
180,False,5,Apartamento,1,Eficiente,36.0,180.0,5.0,0
581,False,6,Casa,6,Moderado,96.83333333333331,96.83333333333331,1.0,0
383,False,8,Casa,2,Eficiente,47.875,191.5,4.0,0
619,True,6,Casa,4,Ineficiente,103.16666666666669,154.75,1.5,1
632,True,10,Casa,5,Ineficiente,63.2,126.4,2.0,1
434,False,5,Apartamento,8,Moderado,86.8,54.25,0.625,0
382,False,14,Apartamento,6,Moderado,27.285714285714285,63.66666666666666,2.333333333333333,0
575,True,5,Casa,11,Ineficiente,115.0,52.27272727272727,0.4545454545454545,1
306,True,5,Casa,2,Moderado,61.2,153.0,2.5,1
315,True,10,Casa,5,Moderado,31.5,63.0,2.0,1
534,False,6,Comércio,5,Moderado,89.0,106.8,1.2,0
92,False,3,Apartamento,6,Eficiente,30.666666666666668,15.333333333333334,0.5,0
289,False,4,Comércio,1,Eficiente,72.25,289.0,4.0,0
476,True,15,Apartamento,8,Ineficiente,31.73333333333333,59.5,1.875,1
179,False,16,Apartamento,3,Eficiente,11.1875,59.66666666666666,5.333333333333333,0
110,True,12,Apartamento,5,Moderado,9.166666666666666,22.0,2.4,1
607,True,15,Casa,7,Ineficiente,40.46666666666667,86.71428571428571,2.142857142857143,1
408,False,15,Apartamento,3,Moderado,27.2,136.0,5.0,0
245,True,16,Casa,10,Moderado,15.3125,24.5,1.6,1
538,True,4,Apartamento,6,Ineficiente,134.5,89.66666666666667,0.6666666666666666,1
179,True,16,Casa,5,Moderado,11.1875,35.8,3.2,1
252,True,5,Apartamento,7,Moderado,50.4,36.0,0.7142857142857143,1
241,False,8,Casa,10,Eficiente,30.125,24.1,0.8,0
342,False,10,Comércio,11,Moderado,34.2,31.09090909090909,0.9090909090909092,0
353,False,14,Casa,3,Moderado,25.214285714285715,117.66666666666669,4.666666666666667,0
82,False,3,Apartamento,2,Eficiente,27.33333333333333,41.0,1.5,0
107,False,11,Apartamento,4,Eficiente,9.727272727272728,26.75,2.75,0
405,True,3,Casa,3,Moderado,135.0,135.0,1.0,1
228,True,12,Apartamento,4,Moderado,19.0,57.0,3.0,1
619,False,4,Comércio,7,Ineficiente,154.75,88.42857142857143,0.5714285714285714,0
567,True,5,Casa,5,Ineficiente,113.4,113.4,1.0,1
517,False,9,Comércio,4,Moderado,57.44444444444444,129.25,2.25,0
144,True,11,Apartamento,6,Moderado,13.090909090909092,24.0,1.8333333333333333,1
435,False,5,Apartamento,7,Moderado,87.0,62.142857142857146,0.7142857142857143,0
612,False,10,Casa,11,Ineficiente,61.2,55.63636363636363,0.9090909090909092,0
331,True,17,Apartamento,5,Moderado,19.47058823529412,66.2,3.4,1
314,True,11,Comércio,7,Ineficiente,28.545454545454547,44.85714285714285,1.5714285714285714,1
306,False,12,Casa,3,Moderado,25.5,102.0,4.0,0
604,True,9,Apartamento,7,Ineficiente,67.11111111111111,86.28571428571429,1.2857142857142858,1
392,True,6,Casa,3,Moderado,65.33333333333333,130.66666666666666,2.0,1
128,False,6,Casa,6,Eficiente,21.33333333333333,21.33333333333333,1.0,0
197,True,6,Apartamento,8,Moderado,32.833333333333336,24.625,0.75,1
133,False,8,Apartamento,6,Eficiente,16.625,22.166666666666668,1.3333333333333333,0
644,True,6,Apartamento,10,Ineficiente,107.33333333333331,64.4,0.6,1
123,True,7,Casa,11,Moderado,17.571428571428573,11.181818181818182,0.6363636363636364,1
132,False,11,Casa,3,Eficiente,12.0,44.0,3.6666666666666665,0
665,True,14,Casa,5,Ineficiente,47.5,133.0,2.8,1
637,True,9,Apartamento,9,Ineficiente,70.77777777777777,70.77777777777777,1.0,1
604,True,10,Comércio,8,Ineficiente,60.4,75.5,1.25,1
181,True,7,Apartamento,6,Eficiente,25.857142857142858,30.166666666666668,1.1666666666666667,1
477,True,7,Casa,9,Ineficiente,68.14285714285714,53.0,0.7777777777777778,1
217,True,15,Comércio,2,Moderado,14.466666666666669,108.5,7.5,1
466,True,13,Apartamento,11,Ineficiente,35.84615384615385,42.36363636363637,1.181818181818182,1
190,True,9,Apartamento,9,Moderado,21.11111111111111,21.11111111111111,1.0,1
693,False,13,Casa,10,Ineficiente,53.30769230769231,69.3,1.3,0
96,False,15,Apartamento,10,Moderado,6.4,9.6,1.5,0
261,True,16,Casa,6,Moderado,16.3125,43.5,2.6666666666666665,1
615,False,14,Casa,9,Ineficiente,43.92857142857143,68.33333333333333,1.5555555555555556,0
620,False,10,Casa,4,Moderado,62.0,155.0,2.5,0
250,False,11,Casa,5,Eficiente,22.727272727272727,50.0,2.2,0
488,False,17,Casa,2,Ineficiente,28.705882352941178,244.0,8.5,0
457,True,16,Casa,3,Ineficiente,28.5625,152.33333333333334,5.333333333333333,1
267,False,4,Casa,1,Eficiente,66.75,267.0,4.0,0
309,True,5,Apartamento,4,Moderado,61.8,77.25,1.25,1
198,True,14,Casa,2,Moderado,14.142857142857142,99.0,7.0,1
235,False,14,Apartamento,2,Eficiente,16.785714285714285,117.5,7.0,0
544,True,4,Casa,1,Ineficiente,136.0,544.0,4.0,1
183,True,12,Comércio,10,Ineficiente,15.25,18.3,1.2,1
683,False,9,Comércio,2,Moderado,75.88888888888889,341.5,4.5,0
581,False,14,Casa,4,Ineficiente,41.5,145.25,3.5,0
254,False,4,Apartamento,6,Eficiente,63.5,42.333333333333336,0.6666666666666666,0
500,False,14,Casa,7,Ineficiente,35.714285714285715,71.42857142857143,2.0,0
213,True,16,Comércio,7,Ineficiente,13.3125,30.428571428571427,2.2857142857142856,1
470,True,17,Apartamento,7,Ineficiente,27.647058823529413,67.14285714285714,2.4285714285714284,1
580,False,4,Casa,4,Moderado,145.0,145.0,1.0,0
112,True,16,Casa,5,Moderado,7.0,22.4,3.2,1
134,False,16,Casa,11,Moderado,8.375,12.181818181818182,1.4545454545454546,0
598,True,4,Casa,3,Ineficiente,149.5,199.33333333333331,1.3333333333333333,1
91,True,17,Apartamento,1,Moderado,5.352941176470588,91.0,17.0,1
607,True,14,Apartamento,8,Ineficiente,43.35714285714285,75.875,1.75,1
634,False,15,Casa,10,Ineficiente,42.266666666666666,63.4,1.5,0
452,True,6,Casa,11,Ineficiente,75.33333333333333,41.09090909090909,0.5454545454545454,1
563,True,3,Casa,7,Ineficiente,187.66666666666663,80.42857142857143,0.4285714285714285,1
307,True,4,Casa,9,Moderado,76.75,34.111111111111114,0.4444444444444444,1
386,True,5,Apartamento,10,Moderado,77.2,38.6,0.5,1
536,True,9,Casa,4,Ineficiente,59.55555555555556,134.0,2.25,1
239,True,12,Apartamento,5,Moderado,19.916666666666668,47.8,2.4,1
410,True,3,Casa,5,Moderado,136.66666666666666,82.0,0.6,1
304,True,8,Casa,7,Moderado,38.0,43.42857142857143,1.1428571428571428,1
583,True,5,Apartamento,9,Ineficiente,116.6,64.77777777777777,0.5555555555555556,1
535,False,5,Apartamento,8,Ineficiente,107.0,66.875,0.625,0
124,False,6,Casa,7,Eficiente,20.666666666666668,17.714285714285715,0.8571428571428571,0
293,True,15,Apartamento,1,Moderado,19.53333333333333,293.0,15.0,1
138,True,6,Apartamento,10,Moderado,23.0,13.8,0.6,1
695,True,9,Casa,6,Ineficiente,77.22222222222223,115.83333333333331,1.5,1
274,False,5,Apartamento,10,Eficiente,54.8,27.4,0.5,0
568,True,10,Apartamento,9,Ineficiente,56.8,63.11111111111112,1.1111111111111112,1
236,True,10,Casa,7,Moderado,23.6,33.714285714285715,1.4285714285714286,1
689,False,13,Apartamento,1,Ineficiente,53.0,689.0,13.0,0
305,True,15,Casa,9,Ineficiente,20.33333333333333,33.888888888888886,1.6666666666666667,1
491,False,9,Casa,3,Moderado,54.55555555555556,163.66666666666666,3.0,0
284,True,4,Apartamento,9,Moderado,71.0,31.55555555555556,0.4444444444444444,1
158,False,7,Comércio,4,Eficiente,22.571428571428573,39.5,1.75,0
203,True,8,Comércio,9,Moderado,25.375,22.55555555555556,0.8888888888888888,1
550,False,14,Casa,8,Ineficiente,39.285714285714285,68.75,1.75,0
297,False,12,Casa,7,Moderado,24.75,42.42857142857143,1.7142857142857142,0
595,True,6,Apartamento,4,Ineficiente,99.16666666666669,148.75,1.5,1
681,True,15,Casa,9,Ineficiente,45.4,75.66666666666667,1.6666666666666667,1
183,True,12,Apartamento,4,Moderado,15.25,45.75,3.0,1
472,False,7,Apartamento,1,Moderado,67.42857142857143,472.0,7.0,0
687,False,16,Comércio,6,Ineficiente,42.9375,114.5,2.6666666666666665,0
513,True,11,Casa,4,Ineficiente,46.63636363636363,128.25,2.75,1
410,False,13,Casa,10,Moderado,31.53846153846154,41.0,1.3,0
222,True,9,Apartamento,3,Eficiente,24.666666666666668,74.0,3.0,1
619,True,4,Apartamento,5,Ineficiente,154.75,123.8,0.8,1
357,False,13,Comércio,3,Moderado,27.46153846153846,119.0,4.333333333333333,0
312,False,3,Casa,11,Moderado,104.0,28.363636363636363,0.2727272727272727,0
608,True,4,Apartamento,9,Ineficiente,152.0,67.55555555555556,0.4444444444444444,1
650,False,5,Apartamento,6,Moderado,130.0,108.33333333333331,0.8333333333333334,0
169,False,13,Casa,3,Eficiente,13.0,56.333333333333336,4.333333333333333,0
571,False,4,Apartamento,5,Moderado,142.75,114.2,0.8,0
278,False,13,Apartamento,8,Moderado,21.384615384615383,34.75,1.625,0
441,False,5,Casa,8,Moderado,88.2,55.125,0.625,0
520,True,12,Casa,6,Ineficiente,43.333333333333336,86.66666666666667,2.0,1
105,False,17,Apartamento,5,Eficiente,6.176470588235294,21.0,3.4,0
104,True,13,Apartamento,5,Moderado,8.0,20.8,2.6,1
473,False,13,Comércio,1,Ineficiente,36.38461538461539,473.0,13.0,0
586,True,17,Casa,2,Ineficiente,34.47058823529412,293.0,8.5,1
380,False,14,Casa,11,Moderado,27.142857142857142,34.54545454545455,1.2727272727272727,0
418,True,16,Comércio,4,Ineficiente,26.125,104.5,4.0,1
346,True,14,Comércio,6,Ineficiente,24.714285714285715,57.66666666666666,2.333333333333333,1
540,True,11,Casa,11,Ineficiente,49.09090909090909,49.09090909090909,1.0,1
535,False,6,Apartamento,7,Ineficiente,89.16666666666667,76.42857142857143,0.8571428571428571,0
439,False,14,Casa,1,Moderado,31.357142857142858,439.0,14.0,0
147,True,11,Casa,8,Moderado,13.363636363636363,18.375,1.375,1
491,False,13,Casa,1,Ineficiente,37.76923076923077,491.0,13.0,0
570,False,5,Casa,9,Ineficiente,114.0,63.333333333333336,0.5555555555555556,0
128,False,14,Apartamento,4,Eficiente,9.142857142857142,32.0,3.5,0
643,True,3,Apartamento,7,Ineficiente,214.33333333333331,91.85714285714286,0.4285714285714285,1
181,False,13,Comércio,11,Moderado,13.923076923076923,16.454545454545453,1.181818181818182,0
295,False,7,Apartamento,6,Eficiente,42.142857142857146,49.16666666666666,1.1666666666666667,0
517,False,12,Casa,9,Ineficiente,43.083333333333336,57.44444444444444,1.3333333333333333,0
648,False,12,Apartamento,2,Ineficiente,54.0,324.0,6.0,0
638,False,16,Comércio,11,Ineficiente,39.875,58.0,1.4545454545454546,0
238,False,4,Apartamento,7,Eficiente,59.5,34.0,0.5714285714285714,0
568,True,6,Apartamento,11,Ineficiente,94.66666666666669,51.63636363636363,0.5454545454545454,1
321,True,4,Comércio,5,Moderado,80.25,64.2,0.8,1
84,True,4,Casa,7,Moderado,21.0,12.0,0.5714285714285714,1
675,True,15,Apartamento,1,Ineficiente,45.0,675.0,15.0,1
440,False,5,Comércio,11,Moderado,88.0,40.0,0.4545454545454545,0
538,False,7,Comércio,11,Ineficiente,76.85714285714286,48.90909090909091,0.6363636363636364,0
327,False,6,Casa,10,Moderado,54.5,32.7,0.6,0
645,True,4,Apartamento,9,Ineficiente,161.25,71.66666666666667,0.4444444444444444,1
501,True,17,Apartamento,1,Ineficiente,29.47058823529412,501.0,17.0,1
94,True,13,Casa,5,Moderado,7.230769230769231,18.8,2.6,1
652,True,16,Apartamento,8,Ineficiente,40.75,81.5,2.0,1
201,True,16,Casa,1,Moderado,12.5625,201.0,16.0,1
356,False,12,Casa,7,Moderado,29.666666666666668,50.85714285714285,1.7142857142857142,0
637,True,4,Casa,2,Ineficiente,159.25,318.5,2.0,1
532,False,16,Apartamento,7,Ineficiente,33.25,76.0,2.2857142857142856,0
469,True,8,Casa,7,Ineficiente,58.625,67.0,1.1428571428571428,1
373,False,9,Apartamento,9,Moderado,41.44444444444444,41.44444444444444,1.0,0
653,False,14,Casa,6,Ineficiente,46.642857142857146,108.83333333333331,2.333333333333333,0
677,False,12,Casa,4,Ineficiente,56.41666666666666,169.25,3.0,0
525,False,8,Casa,7,Ineficiente,65.625,75.0,1.1428571428571428,0
289,False,9,Casa,7,Eficiente,32.111111111111114,41.285714285714285,1.2857142857142858,0
669,False,3,Apartamento,4,Moderado,223.0,167.25,0.75,0
381,False,8,Apartamento,2,Eficiente,47.625,190.5,4.0,0
302,True,13,Casa,11,Ineficiente,23.23076923076923,27.454545454545453,1.181818181818182,1
82,True,5,Casa,9,Moderado,16.4,9.11111111111111,0.5555555555555556,1
597,True,3,Apartamento,8,Ineficiente,199.0,74.625,0.375,1
172,False,10,Casa,5,Eficiente,17.2,34.4,2.0,0
599,True,6,Comércio,5,Ineficiente,99.83333333333331,119.8,1.2,1
507,False,12,Apartamento,1,Ineficiente,42.25,507.0,12.0,0
572,False,10,Casa,11,Ineficiente,57.2,52.0,0.9090909090909092,0
314,True,12,Casa,9,Ineficiente,26.166666666666668,34.888888888888886,1.3333333333333333,1
699,True,16,Apartamento,11,Ineficiente,43.6875,63.54545454545455,1.4545454545454546,1
240,False,13,Casa,10,Moderado,18.46153846153846,24.0,1.3,0
410,True,6,Casa,11,Moderado,68.33333333333333,37.27272727272727,0.5454545454545454,1
412,False,6,Casa,8,Moderado,68.66666666666667,51.5,0.75,0
129,True,14,Apartamento,5,Moderado,9.214285714285714,25.8,2.8,1
602,False,16,Apartamento,10,Ineficiente,37.625,60.2,1.6,0
571,True,12,Casa,6,Ineficiente,47.583333333333336,95.16666666666669,2.0,1
661,False,6,Apartamento,10,Ineficiente,110.16666666666669,66.1,0.6,0
351,False,8,Casa,11,Moderado,43.875,31.90909090909091,0.7272727272727273,0
659,True,16,Apartamento,10,Ineficiente,41.1875,65.9,1.6,1
331,True,11,Casa,8,Ineficiente,30.09090909090909,41.375,1.375,1
639,True,7,Apartamento,6,Ineficiente,91.28571428571428,106.5,1.1666666666666667,1
169,False,14,Comércio,10,Moderado,12.071428571428571,16.9,1.4,0
525,False,15,Casa,4,Ineficiente,35.0,131.25,3.75,0
411,True,12,Casa,3,Moderado,34.25,137.0,4.0,1
218,True,16,Casa,7,Moderado,13.625,31.142857142857142,2.2857142857142856,1
436,True,17,Casa,2,Moderado,25.647058823529413,218.0,8.5,1
680,False,10,Casa,7,Ineficiente,68.0,97.14285714285714,1.4285714285714286,0
353,False,10,Apartamento,1,Eficiente,35.3,353.0,10.0,0
98,True,6,Comércio,10,Moderado,16.333333333333332,9.8,0.6,1
390,False,17,Casa,5,Moderado,22.94117647058824,78.0,3.4,0
233,False,13,Apartamento,9,Moderado,17.923076923076923,25.88888888888889,1.4444444444444444,0
469,False,12,Apartamento,1,Ineficiente,39.083333333333336,469.0,12.0,0
339,False,11,Apartamento,8,Moderado,30.818181818181817,42.375,1.375,0
699,False,11,Casa,9,Ineficiente,63.54545454545455,77.66666666666667,1.2222222222222223,0
650,False,7,Casa,9,Ineficiente,92.85714285714286,72.22222222222223,0.7777777777777778,0
204,True,8,Apartamento,8,Moderado,25.5,25.5,1.0,1
433,False,7,Casa,4,Eficiente,61.85714285714285,108.25,1.75,0
352,True,5,Apartamento,7,Moderado,70.4,50.285714285714285,0.7142857142857143,1
698,True,13,Apartamento,1,Ineficiente,53.69230769230769,698.0,13.0,1
324,True,10,Casa,7,Moderado,32.4,46.285714285714285,1.4285714285714286,1
529,False,11,Casa,6,Ineficiente,48.09090909090909,88.16666666666667,1.8333333333333333,0
326,True,17,Comércio,5,Ineficiente,19.176470588235293,65.2,3.4,1
599,True,6,Apartamento,1,Ineficiente,99.83333333333331,599.0,6.0,1
220,True,11,Comércio,8,Ineficiente,20.0,27.5,1.375,1
441,True,11,Casa,10,Ineficiente,40.09090909090909,44.1,1.1,1
87,True,9,Apartamento,1,Eficiente,9.666666666666666,87.0,9.0,1
557,False,10,Apartamento,1,Moderado,55.7,557.0,10.0,0
431,False,17,Comércio,3,Moderado,25.352941176470587,143.66666666666666,5.666666666666667,0
574,True,5,Casa,8,Ineficiente,114.8,71.75,0.625,1
685,False,17,Casa,8,Ineficiente,40.294117647058826,85.625,2.125,0
506,False,7,Casa,7,Ineficiente,72.28571428571429,72.28571428571429,1.0,0
118,True,5,Comércio,5,Eficiente,23.6,23.6,1.0,1
672,False,9,Comércio,8,Ineficiente,74.66666666666667,84.0,1.125,0
266,False,8,Comércio,2,Eficiente,33.25,133.0,4.0,0
675,True,13,Comércio,8,Ineficiente,51.92307692307692,84.375,1.625,1
679,True,5,Casa,11,Ineficiente,135.8,61.72727272727273,0.4545454545454545,1
172,False,11,Casa,2,Eficiente,15.636363636363637,86.0,5.5,0
165,False,14,Casa,10,Moderado,11.785714285714286,16.5,1.4,0
123,True,3,Casa,5,Eficiente,41.0,24.6,0.6,1
216,False,12,Apartamento,11,Moderado,18.0,19.63636363636364,1.0909090909090908,0
500,True,5,Comércio,4,Ineficiente,100.0,125.0,1.25,1
153,False,17,Casa,1,Eficiente,9.0,153.0,17.0,0
627,True,17,Apartamento,5,Ineficiente,36.88235294117647,125.4,3.4,1
692,True,17,Comércio,7,Ineficiente,40.70588235294117,98.85714285714286,2.4285714285714284,1
591,False,13,Apartamento,1,Ineficiente,45.46153846153846,591.0,13.0,0
235,True,17,Casa,2,Moderado,13.823529411764708,117.5,8.5,1
334,True,12,Apartamento,9,Ineficiente,27.83333333333333,37.11111111111112,1.3333333333333333,1
250,False,13,Casa,5,Eficiente,19.23076923076923,50.0,2.6,0
249,False,9,Apartamento,7,Eficiente,27.666666666666668,35.57142857142857,1.2857142857142858,0
401,True,5,Casa,2,Moderado,80.2,200.5,2.5,1
646,False,16,Casa,7,Ineficiente,40.375,92.28571428571428,2.2857142857142856,0
535,True,5,Comércio,7,Ineficiente,107.0,76.42857142857143,0.7142857142857143,1
682,True,4,Apartamento,7,Ineficiente,170.5,97.42857142857144,0.5714285714285714,1
692,True,11,Apartamento,5,Ineficiente,62.90909090909091,138.4,2.2,1
234,True,13,Comércio,9,Ineficiente,18.0,26.0,1.4444444444444444,1
428,False,6,Casa,2,Eficiente,71.33333333333333,214.0,3.0,0
530,True,12,Casa,4,Ineficiente,44.16666666666666,132.5,3.0,1
252,False,15,Apartamento,2,Eficiente,16.8,126.0,7.5,0
89,True,8,Casa,8,Moderado,11.125,11.125,1.0,1
344,False,4,Apartamento,11,Moderado,86.0,31.272727272727277,0.3636363636363636,0
517,False,11,Casa,1,Ineficiente,47.0,517.0,11.0,0
326,False,17,Casa,9,Moderado,19.176470588235293,36.22222222222222,1.8888888888888888,0
625,True,9,Apartamento,5,Ineficiente,69.44444444444444,125.0,1.8,1
578,True,12,Casa,11,Ineficiente,48.16666666666666,52.54545454545455,1.0909090909090908,1
208,True,7,Apartamento,3,Eficiente,29.714285714285715,69.33333333333333,2.333333333333333,1
680,False,9,Apartamento,11,Ineficiente,75.55555555555556,61.81818181818182,0.8181818181818182,0
684,True,16,Comércio,4,Ineficiente,42.75,171.0,4.0,1
406,False,6,Apartamento,1,Eficiente,67.66666666666667,406.0,6.0,0
483,False,15,Casa,3,Ineficiente,32.2,161.0,5.0,0
685,True,12,Apartamento,11,Ineficiente,57.083333333333336,62.27272727272727,1.0909090909090908,1
690,False,15,Apartamento,8,Ineficiente,46.0,86.25,1.875,0
438,False,17,Apartamento,2,Moderado,25.764705882352946,219.0,8.5,0
682,False,9,Apartamento,2,Moderado,75.77777777777777,341.0,4.5,0
96,True,4,Apartamento,9,Moderado,24.0,10.666666666666666,0.4444444444444444,1
353,True,9,Apartamento,5,Moderado,39.22222222222222,70.6,1.8,1
195,True,17,Apartamento,5,Moderado,11.470588235294118,39.0,3.4,1
170,False,6,Casa,1,Eficiente,28.33333333333333,170.0,6.0,0
161,False,6,Casa,6,Eficiente,26.83333333333333,26.83333333333333,1.0,0
403,True,3,Apartamento,8,Moderado,134.33333333333334,50.375,0.375,1
193,False,14,Casa,6,Eficiente,13.785714285714286,32.166666666666664,2.333333333333333,0
137,True,5,Casa,7,Moderado,27.4,19.571428571428573,0.7142857142857143,1
233,False,7,Casa,4,Eficiente,33.285714285714285,58.25,1.75,0
483,False,7,Apartamento,2,Moderado,69.0,241.5,3.5,0
345,False,4,Casa,1,Eficiente,86.25,345.0,4.0,0
394,False,6,Apartamento,6,Eficiente,65.66666666666667,65.66666666666667,1.0,0
120,True,3,Casa,9,Moderado,40.0,13.333333333333334,0.3333333333333333,1
184,True,17,Apartamento,10,Moderado,10.823529411764708,18.4,1.7,1
272,False,11,Casa,5,Eficiente,24.727272727272727,54.4,2.2,0
480,True,3,Apartamento,2,Ineficiente,160.0,240.0,1.5,1
357,True,8,Casa,1,Moderado,44.625,357.0,8.0,1
433,False,9,Comércio,3,Eficiente,48.11111111111112,144.33333333333334,3.0,0
659,True,5,Comércio,4,Ineficiente,131.8,164.75,1.25,1
335,False,14,Apartamento,7,Moderado,23.928571428571427,47.85714285714285,2.0,0
178,False,17,Comércio,9,Moderado,10.470588235294118,19.77777777777778,1.8888888888888888,0
667,False,3,Casa,8,Ineficiente,222.33333333333331,83.375,0.375,0
361,False,9,Apartamento,9,Moderado,40.11111111111112,40.11111111111112,1.0,0
482,False,5,Apartamento,7,Ineficiente,96.4,68.85714285714286,0.7142857142857143,0
188,False,15,Apartamento,10,Moderado,12.533333333333331,18.8,1.5,0
278,False,12,Comércio,8,Moderado,23.166666666666668,34.75,1.5,0
382,True,14,Apartamento,8,Ineficiente,27.285714285714285,47.75,1.75,1
406,False,14,Comércio,1,Moderado,29.0,406.0,14.0,0
233,False,8,Casa,9,Eficiente,29.125,25.88888888888889,0.8888888888888888,0
631,True,15,Apartamento,2,Ineficiente,42.06666666666667,315.5,7.5,1
484,True,14,Apartamento,11,Ineficiente,34.57142857142857,44.0,1.2727272727272727,1
541,False,16,Apartamento,7,Ineficiente,33.8125,77.28571428571429,2.2857142857142856,0
211,True,8,Casa,10,Moderado,26.375,21.1,0.8,1
163,False,16,Apartamento,10,Moderado,10.1875,16.3,1.6,0
478,False,14,Comércio,5,Ineficiente,34.142857142857146,95.6,2.8,0
188,True,6,Casa,4,Eficiente,31.33333333333333,47.0,1.5,1
300,False,14,Apartamento,1,Eficiente,21.428571428571427,300.0,14.0,0
632,True,13,Casa,1,Ineficiente,48.61538461538461,632.0,13.0,1
447,False,8,Comércio,3,Eficiente,55.875,149.0,2.6666666666666665,0
226,True,13,Apartamento,1,Moderado,17.384615384615383,226.0,13.0,1
191,False,12,Casa,8,Moderado,15.916666666666666,23.875,1.5,0
694,True,6,Casa,3,Ineficiente,115.66666666666669,231.33333333333331,2.0,1
637,True,17,Apartamento,11,Ineficiente,37.47058823529412,57.90909090909091,1.5454545454545454,1
573,True,15,Casa,10,Ineficiente,38.2,57.3,1.5,1
584,True,10,Apartamento,2,Ineficiente,58.4,292.0,5.0,1
554,False,11,Comércio,6,Ineficiente,50.36363636363637,92.33333333333331,1.8333333333333333,0
350,True,4,Comércio,4,Moderado,87.5,87.5,1.0,1
500,True,9,Casa,11,Ineficiente,55.55555555555556,45.45454545454545,0.8181818181818182,1
446,False,11,Comércio,11,Ineficiente,40.54545454545455,40.54545454545455,1.0,0
359,False,11,Apartamento,4,Moderado,32.63636363636363,89.75,2.75,0
362,False,14,Casa,2,Moderado,25.857142857142858,181.0,7.0,0
119,False,7,Casa,2,Eficiente,17.0,59.5,3.5,0
268,True,3,Casa,11,Moderado,89.33333333333333,24.363636363636363,0.2727272727272727,1
243,True,8,Apartamento,6,Eficiente,30.375,40.5,1.3333333333333333,1
615,False,17,Casa,5,Ineficiente,36.1764705882353,123.0,3.4,0
615,False,10,Casa,9,Ineficiente,61.5,68.33333333333333,1.1111111111111112,0
83,False,3,Apartamento,4,Eficiente,27.666666666666668,20.75,0.75,0
369,True,4,Apartamento,5,Moderado,92.25,73.8,0.8,1
512,True,15,Apartamento,1,Ineficiente,34.13333333333333,512.0,15.0,1
550,True,15,Apartamento,2,Ineficiente,36.66666666666666,275.0,7.5,1
260,False,3,Casa,3,Eficiente,86.66666666666667,86.66666666666667,1.0,0
327,False,7,Comércio,5,Eficiente,46.71428571428572,65.4,1.4,0
358,True,4,Casa,5,Moderado,89.5,71.6,0.8,1
660,True,17,Apartamento,4,Ineficiente,38.8235294117647,165.0,4.25,1
333,False,12,Apartamento,10,Moderado,27.75,33.3,1.2,0
260,False,12,Casa,3,Eficiente,21.666666666666668,86.66666666666667,4.0,0
588,True,16,Comércio,9,Ineficiente,36.75,65.33333333333333,1.7777777777777777,1
645,False,6,Apartamento,1,Moderado,107.5,645.0,6.0,0
405,False,3,Casa,6,Eficiente,135.0,67.5,0.5,0
436,False,9,Comércio,7,Moderado,48.44444444444444,62.285714285714285,1.2857142857142858,0
470,False,10,Apartamento,10,Ineficiente,47.0,47.0,1.0,0
694,True,7,Apartamento,4,Ineficiente,99.14285714285714,173.5,1.75,1
164,True,4,Apartamento,10,Moderado,41.0,16.4,0.4,1
396,False,10,Apartamento,3,Eficiente,39.6,132.0,3.333333333333333,0
291,True,3,Casa,8,Moderado,97.0,36.375,0.375,1
594,False,17,Casa,9,Ineficiente,34.94117647058823,66.0,1.8888888888888888,0
463,False,9,Apartamento,1,Moderado,51.44444444444444,463.0,9.0,0
421,False,3,Casa,11,Moderado,140.33333333333334,38.27272727272727,0.2727272727272727,0
117,True,14,Apartamento,10,Moderado,8.357142857142858,11.7,1.4,1
590,True,8,Casa,9,Ineficiente,73.75,65.55555555555556,0.8888888888888888,1
499,False,15,Casa,7,Ineficiente,33.266666666666666,71.28571428571429,2.142857142857143,0
248,True,8,Casa,1,Eficiente,31.0,248.0,8.0,1
422,False,17,Apartamento,7,Moderado,24.823529411764707,60.285714285714285,2.4285714285714284,0
385,False,7,Apartamento,5,Eficiente,55.0,77.0,1.4,0
621,True,17,Casa,10,Ineficiente,36.52941176470589,62.1,1.7,1
616,False,4,Apartamento,7,Ineficiente,154.0,88.0,0.5714285714285714,0
191,True,4,Casa,9,Moderado,47.75,21.22222222222222,0.4444444444444444,1
490,True,11,Apartamento,8,Ineficiente,44.54545454545455,61.25,1.375,1
285,False,7,Casa,6,Eficiente,40.71428571428572,47.5,1.1666666666666667,0
264,False,7,Apartamento,2,Eficiente,37.71428571428572,132.0,3.5,0
461,True,9,Apartamento,8,Ineficiente,51.22222222222222,57.625,1.125,1
575,False,8,Comércio,4,Moderado,71.875,143.75,2.0,0
458,True,4,Casa,8,Ineficiente,114.5,57.25,0.5,1
126,True,13,Apartamento,7,Moderado,9.692307692307692,18.0,1.8571428571428568,1
630,True,3,Apartamento,4,Ineficiente,210.0,157.5,0.75,1
607,False,7,Comércio,8,Ineficiente,86.71428571428571,75.875,0.875,0
583,True,6,Casa,11,Ineficiente,97.16666666666669,53.0,0.5454545454545454,1
101,False,14,Casa,11,Moderado,7.214285714285714,9.181818181818182,1.2727272727272727,0
292,False,5,Comércio,11,Eficiente,58.4,26.545454545454547,0.4545454545454545,0
389,False,4,Casa,2,Eficiente,97.25,194.5,2.0,0
351,True,12,Casa,9,Ineficiente,29.25,39.0,1.3333333333333333,1
650,True,4,Casa,6,Ineficiente,162.5,108.33333333333331,0.6666666666666666,1
281,True,16,Apartamento,7,Moderado,17.5625,40.142857142857146,2.2857142857142856,1
111,False,17,Casa,10,Moderado,6.529411764705882,11.1,1.7,0
522,False,6,Comércio,1,Moderado,87.0,522.0,6.0,0
241,False,4,Apartamento,3,Eficiente,60.25,80.33333333333333,1.3333333333333333,0
333,False,6,Casa,10,Moderado,55.5,33.3,0.6,0
600,True,5,Casa,5,Ineficiente,120.0,120.0,1.0,1
559,False,11,Casa,7,Ineficiente,50.81818181818182,79.85714285714286,1.5714285714285714,0
89,False,9,Apartamento,1,Eficiente,9.88888888888889,89.0,9.0,0
584,True,16,Apartamento,9,Ineficiente,36.5,64.88888888888889,1.7777777777777777,1
639,True,15,Apartamento,5,Ineficiente,42.6,127.8,3.0,1
515,False,13,Casa,3,Ineficiente,39.61538461538461,171.66666666666666,4.333333333333333,0
190,False,17,Apartamento,7,Moderado,11.176470588235292,27.142857142857142,2.4285714285714284,0
232,True,14,Apartamento,10,Moderado,16.571428571428573,23.2,1.4,1
181,False,5,Apartamento,8,Eficiente,36.2,22.625,0.625,0
270,True,15,Apartamento,10,Moderado,18.0,27.0,1.5,1
642,True,17,Casa,10,Ineficiente,37.76470588235294,64.2,1.7,1
160,False,16,Comércio,3,Eficiente,10.0,53.333333333333336,5.333333333333333,0
568,False,10,Casa,7,Ineficiente,56.8,81.14285714285714,1.4285714285714286,0
167,False,11,Casa,7,Moderado,15.181818181818182,23.857142857142858,1.5714285714285714,0
273,True,15,Apartamento,4,Moderado,18.2,68.25,3.75,1
183,True,9,Comércio,10,Moderado,20.33333333333333,18.3,0.9,1
175,True,8,Apartamento,9,Moderado,21.875,19.444444444444443,0.8888888888888888,1
502,True,6,Casa,1,Ineficiente,83.66666666666667,502.0,6.0,1
277,True,7,Casa,1,Eficiente,39.57142857142857,277.0,7.0,1
80,True,10,Apartamento,5,Eficiente,8.0,16.0,2.0,1
486,True,5,Comércio,3,Ineficiente,97.2,162.0,1.6666666666666667,1
457,True,4,Casa,10,Ineficiente,114.25,45.7,0.4,1
246,False,5,Apartamento,9,Eficiente,49.2,27.33333333333333,0.5555555555555556,0
588,True,14,Casa,5,Ineficiente,42.0,117.6,2.8,1
392,True,9,Apartamento,7,Moderado,43.55555555555556,56.0,1.2857142857142858,1
672,False,10,Comércio,1,Moderado,67.2,672.0,10.0,0
497,True,3,Casa,2,Ineficiente,165.66666666666666,248.5,1.5,1
556,False,15,Casa,11,Ineficiente,37.06666666666667,50.54545454545455,1.3636363636363635,0
152,True,9,Apartamento,4,Eficiente,16.88888888888889,38.0,2.25,1
220,True,11,Apartamento,9,Moderado,20.0,24.444444444444443,1.2222222222222223,1
661,True,14,Apartamento,5,Ineficiente,47.21428571428572,132.2,2.8,1
341,True,15,Apartamento,5,Moderado,22.73333333333333,68.2,3.0,1
419,False,16,Casa,9,Moderado,26.1875,46.55555555555556,1.7777777777777777,0
387,False,16,Apartamento,8,Moderado,24.1875,48.375,2.0,0
324,True,17,Casa,2,Moderado,19.058823529411764,162.0,8.5,1
594,True,5,Comércio,7,Ineficiente,118.8,84.85714285714286,0.7142857142857143,1
416,False,17,Casa,1,Moderado,24.47058823529412,416.0,17.0,0
654,True,5,Apartamento,10,Ineficiente,130.8,65.4,0.5,1
640,False,10,Casa,11,Ineficiente,64.0,58.18181818181818,0.9090909090909092,0
155,True,6,Casa,11,Moderado,25.83333333333333,14.090909090909092,0.5454545454545454,1
254,False,16,Casa,9,Moderado,15.875,28.22222222222222,1.7777777777777777,0
188,True,10,Apartamento,3,Eficiente,18.8,62.66666666666666,3.333333333333333,1
262,True,7,Apartamento,2,Eficiente,37.42857142857143,131.0,3.5,1
271,False,16,Comércio,4,Eficiente,16.9375,67.75,4.0,0
144,False,5,Casa,4,Eficiente,28.8,36.0,1.25,0
553,True,17,Apartamento,3,Ineficiente,32.529411764705884,184.33333333333331,5.666666666666667,1
179,False,6,Apartamento,2,Eficiente,29.83333333333333,89.5,3.0,0
623,False,16,Casa,5,Ineficiente,38.9375,124.6,3.2,0
207,True,6,Casa,4,Eficiente,34.5,51.75,1.5,1
531,False,10,Apartamento,5,Moderado,53.1,106.2,2.0,0
448,True,8,Casa,8,Moderado,56.0,56.0,1.0,1
122,False,9,Casa,11,Eficiente,13.555555555555555,11.090909090909092,0.8181818181818182,0
498,False,11,Apartamento,2,Ineficiente,45.27272727272727,249.0,5.5,0
567,True,17,Casa,9,Ineficiente,33.35294117647059,63.0,1.8888888888888888,1
157,True,8,Apartamento,10,Moderado,19.625,15.7,0.8,1
349,True,5,Comércio,1,Moderado,69.8,349.0,5.0,1
394,True,17,Apartamento,8,Ineficiente,23.176470588235293,49.25,2.125,1
247,False,15,Apartamento,5,Eficiente,16.466666666666665,49.4,3.0,0
418,True,5,Casa,2,Moderado,83.6,209.0,2.5,1
272,True,13,Comércio,8,Ineficiente,20.923076923076923,34.0,1.625,1
532,False,5,Casa,5,Moderado,106.4,106.4,1.0,0
362,False,14,Apartamento,10,Moderado,25.857142857142858,36.2,1.4,0
415,True,12,Comércio,10,Ineficiente,34.583333333333336,41.5,1.2,1
469,False,4,Apartamento,3,Moderado,117.25,156.33333333333334,1.3333333333333333,0
604,False,3,Apartamento,7,Ineficiente,201.33333333333331,86.28571428571429,0.4285714285714285,0
319,False,13,Casa,4,Moderado,24.53846153846154,79.75,3.25,0
562,False,12,Casa,11,Ineficiente,46.833333333333336,51.09090909090909,1.0909090909090908,0
671,False,3,Apartamento,11,Ineficiente,223.66666666666663,61.0,0.2727272727272727,0
634,True,6,Casa,10,Ineficiente,105.66666666666669,63.4,0.6,1
537,True,5,Apartamento,6,Ineficiente,107.4,89.5,0.8333333333333334,1
168,False,7,Casa,10,Eficiente,24.0,16.8,0.7,0
174,False,14,Comércio,8,Moderado,12.428571428571429,21.75,1.75,0
531,False,11,Casa,1,Ineficiente,48.27272727272727,531.0,11.0,0
507,False,14,Apartamento,2,Ineficiente,36.21428571428572,253.5,7.0,0
230,True,15,Apartamento,8,Moderado,15.333333333333334,28.75,1.875,1
593,False,10,Apartamento,7,Ineficiente,59.3,84.71428571428571,1.4285714285714286,0
455,False,14,Casa,10,Ineficiente,32.5,45.5,1.4,0
101,False,11,Apartamento,9,Moderado,9.181818181818182,11.22222222222222,1.2222222222222223,0
392,True,15,Casa,2,Moderado,26.133333333333333,196.0,7.5,1
598,True,7,Casa,8,Ineficiente,85.42857142857143,74.75,0.875,1
285,False,10,Casa,6,Eficiente,28.5,47.5,1.6666666666666667,0
454,True,6,Apartamento,1,Ineficiente,75.66666666666667,454.0,6.0,1
530,False,7,Casa,4,Moderado,75.71428571428571,132.5,1.75,0
674,True,17,Comércio,2,Ineficiente,39.64705882352941,337.0,8.5,1
258,False,14,Apartamento,7,Moderado,18.428571428571427,36.85714285714285,2.0,0
289,False,5,Casa,9,Eficiente,57.8,32.111111111111114,0.5555555555555556,0
579,False,7,Apartamento,6,Moderado,82.71428571428571,96.5,1.1666666666666667,0
543,True,14,Comércio,4,Ineficiente,38.785714285714285,135.75,3.5,1
203,False,5,Casa,5,Eficiente,40.6,40.6,1.0,0
192,False,7,Apartamento,11,Eficiente,27.428571428571427,17.454545454545453,0.6363636363636364,0
91,True,13,Apartamento,1,Moderado,7.0,91.0,13.0,1
205,False,16,Casa,4,Eficiente,12.8125,51.25,4.0,0
644,True,7,Apartamento,10,Ineficiente,92.0,64.4,0.7,1
410,True,8,Casa,3,Moderado,51.25,136.66666666666666,2.6666666666666665,1
362,True,11,Casa,9,Ineficiente,32.90909090909091,40.22222222222222,1.2222222222222223,1
219,False,3,Apartamento,6,Eficiente,73.0,36.5,0.5,0
480,True,14,Apartamento,4,Ineficiente,34.285714285714285,120.0,3.5,1
176,False,12,Comércio,3,Eficiente,14.666666666666666,58.66666666666666,4.0,0
596,True,16,Apartamento,4,Ineficiente,37.25,149.0,4.0,1
648,True,8,Apartamento,8,Ineficiente,81.0,81.0,1.0,1
148,False,3,Apartamento,5,Eficiente,49.333333333333336,29.6,0.6,0
197,False,8,Casa,11,Eficiente,24.625,17.90909090909091,0.7272727272727273,0
138,False,4,Apartamento,1,Eficiente,34.5,138.0,4.0,0
112,True,10,Apartamento,5,Eficiente,11.2,22.4,2.0,1
397,True,13,Casa,8,Ineficiente,30.53846153846154,49.625,1.625,1
129,False,5,Apartamento,11,Eficiente,25.8,11.727272727272728,0.4545454545454545,0
568,False,12,Casa,4,Ineficiente,47.333333333333336,142.0,3.0,0
98,True,16,Apartamento,2,Moderado,6.125,49.0,8.0,1
276,True,8,Apartamento,3,Eficiente,34.5,92.0,2.6666666666666665,1
529,False,8,Comércio,11,Ineficiente,66.125,48.09090909090909,0.7272727272727273,0
638,True,17,Casa,9,Ineficiente,37.52941176470589,70.88888888888889,1.8888888888888888,1
531,False,6,Apartamento,7,Ineficiente,88.5,75.85714285714286,0.8571428571428571,0
368,True,7,Casa,3,Moderado,52.57142857142857,122.66666666666669,2.333333333333333,1
220,True,4,Apartamento,5,Eficiente,55.0,44.0,0.8,1
163,False,12,Apartamento,3,Eficiente,13.583333333333334,54.333333333333336,4.0,0
470,True,17,Apartamento,10,Ineficiente,27.647058823529413,47.0,1.7,1
670,True,12,Apartamento,4,Ineficiente,55.833333333333336,167.5,3.0,1
294,False,10,Comércio,8,Eficiente,29.4,36.75,1.25,0
605,True,12,Casa,3,Ineficiente,50.41666666666666,201.66666666666663,4.0,1
294,True,9,Casa,3,Eficiente,32.666666666666664,98.0,3.0,1
482,False,12,Apartamento,11,Ineficiente,40.16666666666666,43.81818181818182,1.0909090909090908,0
207,True,8,Apartamento,11,Moderado,25.875,18.818181818181817,0.7272727272727273,1
556,True,9,Casa,8,Ineficiente,61.77777777777778,69.5,1.125,1
483,True,14,Apartamento,10,Ineficiente,34.5,48.3,1.4,1
108,False,3,Casa,10,Eficiente,36.0,10.8,0.3,0
417,False,16,Casa,7,Moderado,26.0625,59.57142857142857,2.2857142857142856,0
440,False,16,Apartamento,7,Moderado,27.5,62.85714285714285,2.2857142857142856,0
648,True,7,Casa,10,Ineficiente,92.57142857142856,64.8,0.7,1
471,False,9,Casa,2,Moderado,52.333333333333336,235.5,4.5,0
297,False,3,Casa,7,Eficiente,99.0,42.42857142857143,0.4285714285714285,0
653,True,4,Comércio,10,Ineficiente,163.25,65.3,0.4,1
281,False,11,Comércio,11,Moderado,25.545454545454547,25.545454545454547,1.0,0
96,False,14,Apartamento,10,Moderado,6.857142857142857,9.6,1.4,0
401,False,5,Casa,3,Eficiente,80.2,133.66666666666666,1.6666666666666667,0
597,False,8,Comércio,7,Ineficiente,74.625,85.28571428571429,1.1428571428571428,0
649,True,17,Apartamento,4,Ineficiente,38.1764705882353,162.25,4.25,1
404,True,9,Apartamento,8,Moderado,44.888888888888886,50.5,1.125,1
491,True,11,Apartamento,8,Ineficiente,44.63636363636363,61.375,1.375,1
397,True,7,Casa,6,Moderado,56.71428571428572,66.16666666666667,1.1666666666666667,1
161,True,6,Apartamento,3,Eficiente,26.83333333333333,53.66666666666666,2.0,1
553,False,13,Casa,6,Ineficiente,42.53846153846154,92.16666666666669,2.1666666666666665,0
547,True,14,Casa,6,Ineficiente,39.07142857142857,91.16666666666669,2.333333333333333,1
504,True,17,Apartamento,3,Ineficiente,29.647058823529413,168.0,5.666666666666667,1
283,False,4,Comércio,11,Eficiente,70.75,25.727272727272727,0.3636363636363636,0
662,True,5,Apartamento,4,Ineficiente,132.4,165.5,1.25,1
466,False,17,Apartamento,2,Ineficiente,27.41176470588235,233.0,8.5,0
177,False,7,Casa,1,Eficiente,25.285714285714285,177.0,7.0,0
424,True,13,Casa,2,Moderado,32.61538461538461,212.0,6.5,1
287,True,17,Casa,7,Moderado,16.88235294117647,41.0,2.4285714285714284,1
593,True,15,Apartamento,10,Ineficiente,39.53333333333333,59.3,1.5,1
665,False,4,Apartamento,5,Moderado,166.25,133.0,0.8,0
245,True,15,Casa,9,Moderado,16.333333333333332,27.22222222222222,1.6666666666666667,1
101,False,6,Comércio,3,Eficiente,16.833333333333332,33.666666666666664,2.0,0
233,False,3,Casa,2,Eficiente,77.66666666666667,116.5,1.5,0
518,True,6,Apartamento,4,Ineficiente,86.33333333333333,129.5,1.5,1
374,False,9,Apartamento,2,Eficiente,41.55555555555556,187.0,4.5,0
298,True,17,Casa,11,Moderado,17.529411764705884,27.09090909090909,1.5454545454545454,1
574,False,16,Apartamento,7,Ineficiente,35.875,82.0,2.2857142857142856,0
309,True,14,Apartamento,10,Ineficiente,22.071428571428573,30.9,1.4,1
99,False,5,Apartamento,6,Eficiente,19.8,16.5,0.8333333333333334,0
632,True,12,Apartamento,8,Ineficiente,52.66666666666666,79.0,1.5,1
227,False,10,Casa,5,Eficiente,22.7,45.4,2.0,0
187,True,8,Apartamento,2,Eficiente,23.375,93.5,4.0,1
482,True,8,Comércio,4,Ineficiente,60.25,120.5,2.0,1
675,False,16,Casa,1,Ineficiente,42.1875,675.0,16.0,0
562,True,17,Casa,2,Ineficiente,33.05882352941177,281.0,8.5,1
446,False,3,Comércio,4,Eficiente,148.66666666666666,111.5,0.75,0
493,False,7,Casa,6,Moderado,70.42857142857143,82.16666666666667,1.1666666666666667,0
388,True,5,Apartamento,4,Moderado,77.6,97.0,1.25,1
213,True,17,Apartamento,4,Moderado,12.529411764705882,53.25,4.25,1
362,True,12,Apartamento,11,Ineficiente,30.166666666666668,32.90909090909091,1.0909090909090908,1
152,False,17,Casa,10,Moderado,8.941176470588236,15.2,1.7,0
560,True,3,Casa,10,Ineficiente,186.66666666666663,56.0,0.3,1
431,True,10,Casa,2,Moderado,43.1,215.5,5.0,1
639,True,9,Apartamento,9,Ineficiente,71.0,71.0,1.0,1
405,True,9,Apartamento,10,Moderado,45.0,40.5,0.9,1
522,False,14,Apartamento,8,Ineficiente,37.285714285714285,65.25,1.75,0
179,True,12,Apartamento,8,Moderado,14.916666666666666,22.375,1.5,1
138,False,16,Casa,5,Eficiente,8.625,27.6,3.2,0
587,False,12,Casa,3,Ineficiente,48.91666666666666,195.66666666666663,4.0,0
337,False,12,Apartamento,6,Moderado,28.08333333333333,56.16666666666666,2.0,0
492,True,6,Apartamento,9,Ineficiente,82.0,54.66666666666666,0.6666666666666666,1
531,False,15,Casa,8,Ineficiente,35.4,66.375,1.875,0
144,False,17,Casa,7,Moderado,8.470588235294118,20.571428571428573,2.4285714285714284,0
674,True,13,Casa,11,Ineficiente,51.84615384615385,61.27272727272727,1.181818181818182,1
233,True,8,Casa,8,Moderado,29.125,29.125,1.0,1
345,True,15,Apartamento,4,Moderado,23.0,86.25,3.75,1
158,True,11,Comércio,6,Moderado,14.363636363636363,26.33333333333333,1.8333333333333333,1
394,True,17,Comércio,5,Ineficiente,23.176470588235293,78.8,3.4,1
639,False,16,Comércio,2,Ineficiente,39.9375,319.5,8.0,0
327,True,5,Comércio,8,Ineficiente,65.4,40.875,0.625,1
689,True,17,Apartamento,3,Ineficiente,40.52941176470589,229.66666666666663,5.666666666666667,1
493,False,11,Casa,5,Ineficiente,44.81818181818182,98.6,2.2,0
104,True,6,Apartamento,8,Moderado,17.333333333333332,13.0,0.75,1
363,False,7,Casa,11,Moderado,51.85714285714285,33.0,0.6363636363636364,0
528,True,9,Casa,9,Ineficiente,58.66666666666666,58.66666666666666,1.0,1
380,False,8,Casa,9,Moderado,47.5,42.22222222222222,0.8888888888888888,0
147,True,12,Apartamento,5,Moderado,12.25,29.4,2.4,1
86,False,10,Casa,2,Eficiente,8.6,43.0,5.0,0
216,False,10,Casa,7,Eficiente,21.6,30.857142857142858,1.4285714285714286,0
243,True,10,Apartamento,11,Moderado,24.3,22.09090909090909,0.9090909090909092,1
162,True,5,Comércio,11,Moderado,32.4,14.727272727272728,0.4545454545454545,1
499,False,17,Apartamento,7,Ineficiente,29.352941176470587,71.28571428571429,2.4285714285714284,0
152,True,16,Comércio,8,Ineficiente,9.5,19.0,2.0,1
316,False,12,Casa,8,Moderado,26.33333333333333,39.5,1.5,0
125,False,8,Casa,5,Eficiente,15.625,25.0,1.6,0
697,True,9,Apartamento,1,Ineficiente,77.44444444444444,697.0,9.0,1
341,True,11,Apartamento,11,Ineficiente,31.0,31.0,1.0,1
255,True,12,Apartamento,4,Moderado,21.25,63.75,3.0,1
245,True,12,Apartamento,4,Moderado,20.416666666666668,61.25,3.0,1
449,False,16,Apartamento,11,Moderado,28.0625,40.81818181818182,1.4545454545454546,0
133,False,14,Comércio,3,Eficiente,9.5,44.333333333333336,4.666666666666667,0
498,True,17,Casa,8,Ineficiente,29.294117647058822,62.25,2.125,1
586,True,6,Casa,3,Ineficiente,97.66666666666669,195.33333333333331,2.0,1
420,True,7,Apartamento,5,Moderado,60.0,84.0,1.4,1
206,True,10,Casa,2,Eficiente,20.6,103.0,5.0,1
488,False,3,Casa,6,Moderado,162.66666666666666,81.33333333333333,0.5,0
446,True,14,Casa,6,Moderado,31.857142857142858,74.33333333333333,2.333333333333333,1
350,False,8,Casa,8,Moderado,43.75,43.75,1.0,0
684,False,17,Casa,8,Ineficiente,40.23529411764706,85.5,2.125,0
458,False,6,Casa,1,Moderado,76.33333333333333,458.0,6.0,0
152,True,7,Apartamento,5,Eficiente,21.714285714285715,30.4,1.4,1
327,False,13,Apartamento,2,Moderado,25.153846153846157,163.5,6.5,0
122,False,7,Apartamento,10,Eficiente,17.428571428571427,12.2,0.7,0
456,False,4,Apartamento,5,Moderado,114.0,91.2,0.8,0
120,True,10,Casa,10,Moderado,12.0,12.0,1.0,1
249,True,17,Casa,9,Moderado,14.647058823529411,27.666666666666668,1.8888888888888888,1
291,False,4,Casa,4,Eficiente,72.75,72.75,1.0,0
572,True,6,Apartamento,8,Ineficiente,95.33333333333331,71.5,0.75,1
118,True,14,Apartamento,1,Moderado,8.428571428571429,118.0,14.0,1
448,False,15,Casa,8,Moderado,29.866666666666667,56.0,1.875,0
230,True,7,Casa,6,Eficiente,32.857142857142854,38.333333333333336,1.1666666666666667,1
190,True,16,Comércio,8,Ineficiente,11.875,23.75,2.0,1
559,True,3,Apartamento,6,Ineficiente,186.33333333333331,93.16666666666669,0.5,1
515,False,8,Apartamento,11,Ineficiente,64.375,46.81818181818182,0.7272727272727273,0
126,True,4,Casa,3,Eficiente,31.5,42.0,1.3333333333333333,1
654,False,16,Casa,11,Ineficiente,40.875,59.45454545454545,1.4545454545454546,0
445,True,7,Apartamento,8,Moderado,63.57142857142857,55.625,0.875,1
148,True,17,Apartamento,5,Moderado,8.705882352941176,29.6,3.4,1
378,False,8,Apartamento,10,Moderado,47.25,37.8,0.8,0
375,True,13,Apartamento,5,Moderado,28.846153846153847,75.0,2.6,1
282,False,10,Apartamento,7,Eficiente,28.2,40.285714285714285,1.4285714285714286,0
140,True,11,Apartamento,6,Moderado,12.727272727272728,23.33333333333333,1.8333333333333333,1
393,True,15,Casa,9,Ineficiente,26.2,43.66666666666666,1.6666666666666667,1
240,True,17,Casa,7,Moderado,14.117647058823527,34.285714285714285,2.4285714285714284,1
410,True,14,Comércio,3,Ineficiente,29.285714285714285,136.66666666666666,4.666666666666667,1
607,False,8,Casa,11,Ineficiente,75.875,55.18181818181818,0.7272727272727273,0
417,False,7,Apartamento,11,Moderado,59.57142857142857,37.90909090909091,0.6363636363636364,0
685,True,14,Apartamento,5,Ineficiente,48.92857142857143,137.0,2.8,1
383,False,6,Comércio,9,Moderado,63.833333333333336,42.55555555555556,0.6666666666666666,0
582,False,4,Casa,11,Ineficiente,145.5,52.90909090909091,0.3636363636363636,0
417,True,4,Casa,10,Moderado,104.25,41.7,0.4,1
629,True,9,Apartamento,2,Ineficiente,69.88888888888889,314.5,4.5,1
354,False,7,Apartamento,1,Eficiente,50.57142857142857,354.0,7.0,0
243,False,9,Apartamento,11,Eficiente,27.0,22.09090909090909,0.8181818181818182,0
522,False,15,Apartamento,8,Ineficiente,34.8,65.25,1.875,0
398,False,13,Casa,8,Moderado,30.615384615384617,49.75,1.625,0
668,False,3,Apartamento,2,Moderado,222.66666666666663,334.0,1.5,0
583,True,3,Comércio,8,Ineficiente,194.33333333333331,72.875,0.375,1
466,True,7,Comércio,5,Ineficiente,66.57142857142857,93.2,1.4,1
682,True,4,Casa,2,Ineficiente,170.5,341.0,2.0,1
573,False,10,Casa,7,Ineficiente,57.3,81.85714285714286,1.4285714285714286,0
569,False,16,Apartamento,7,Ineficiente,35.5625,81.28571428571429,2.2857142857142856,0
152,False,17,Comércio,3,Eficiente,8.941176470588236,50.66666666666666,5.666666666666667,0
588,False,5,Apartamento,1,Moderado,117.6,588.0,5.0,0
469,False,3,Casa,11,Ineficiente,156.33333333333334,42.63636363636363,0.2727272727272727,0
698,False,15,Casa,4,Ineficiente,46.53333333333333,174.5,3.75,0
374,True,4,Apartamento,2,Moderado,93.5,187.0,2.0,1
448,False,12,Casa,4,Moderado,37.333333333333336,112.0,3.0,0
628,False,12,Apartamento,8,Ineficiente,52.333333333333336,78.5,1.5,0
647,True,9,Apartamento,2,Ineficiente,71.88888888888889,323.5,4.5,1
266,False,8,Apartamento,1,Eficiente,33.25,266.0,8.0,0
524,False,14,Casa,11,Ineficiente,37.42857142857143,47.63636363636363,1.2727272727272727,0
649,True,10,Comércio,3,Ineficiente,64.9,216.33333333333331,3.333333333333333,1
442,True,9,Casa,10,Moderado,49.11111111111112,44.2,0.9,1
202,False,16,Casa,7,Moderado,12.625,28.857142857142858,2.2857142857142856,0
267,False,12,Comércio,6,Eficiente,22.25,44.5,2.0,0
499,False,15,Apartamento,6,Ineficiente,33.266666666666666,83.16666666666667,2.5,0
331,True,10,Apartamento,7,Moderado,33.1,47.285714285714285,1.4285714285714286,1
698,True,5,Casa,8,Ineficiente,139.6,87.25,0.625,1
628,True,8,Casa,3,Ineficiente,78.5,209.33333333333331,2.6666666666666665,1
414,True,15,Casa,3,Moderado,27.6,138.0,5.0,1
171,True,9,Casa,10,Moderado,19.0,17.1,0.9,1
609,False,17,Apartamento,8,Ineficiente,35.8235294117647,76.125,2.125,0
142,True,12,Casa,7,Moderado,11.833333333333334,20.285714285714285,1.7142857142857142,1
591,True,13,Apartamento,10,Ineficiente,45.46153846153846,59.1,1.3,1
218,True,3,Casa,5,Eficiente,72.66666666666667,43.6,0.6,1
264,True,3,Casa,4,Eficiente,88.0,66.0,0.75,1
284,False,9,Comércio,6,Eficiente,31.55555555555556,47.333333333333336,1.5,0
293,False,15,Casa,9,Moderado,19.53333333333333,32.55555555555556,1.6666666666666667,0
335,False,13,Casa,6,Moderado,25.76923076923077,55.833333333333336,2.1666666666666665,0
214,True,15,Casa,8,Moderado,14.266666666666667,26.75,1.875,1
652,True,5,Casa,1,Ineficiente,130.4,652.0,5.0,1
167,True,5,Apartamento,6,Eficiente,33.4,27.83333333333333,0.8333333333333334,1
286,True,17,Casa,2,Moderado,16.823529411764707,143.0,8.5,1
208,False,7,Apartamento,3,Eficiente,29.714285714285715,69.33333333333333,2.333333333333333,0
82,True,17,Apartamento,6,Moderado,4.823529411764706,13.666666666666666,2.833333333333333,1
200,False,13,Apartamento,2,Eficiente,15.384615384615383,100.0,6.5,0
464,True,8,Casa,4,Ineficiente,58.0,116.0,2.0,1
693,False,4,Apartamento,6,Moderado,173.25,115.5,0.6666666666666666,0
117,False,5,Casa,5,Eficiente,23.4,23.4,1.0,0
420,False,8,Apartamento,6,Eficiente,52.5,70.0,1.3333333333333333,0
100,False,5,Apartamento,6,Eficiente,20.0,16.666666666666668,0.8333333333333334,0
321,False,16,Casa,8,Moderado,20.0625,40.125,2.0,0
534,False,7,Apartamento,9,Ineficiente,76.28571428571429,59.333333333333336,0.7777777777777778,0
382,True,11,Comércio,5,Ineficiente,34.72727272727273,76.4,2.2,1
675,True,14,Apartamento,6,Ineficiente,48.21428571428572,112.5,2.333333333333333,1
674,False,5,Casa,6,Moderado,134.8,112.33333333333331,0.8333333333333334,0
148,False,14,Apartamento,6,Eficiente,10.571428571428571,24.666666666666668,2.333333333333333,0
208,True,13,Comércio,2,Moderado,16.0,104.0,6.5,1
275,True,15,Casa,4,Moderado,18.33333333333333,68.75,3.75,1
219,False,15,Apartamento,1,Eficiente,14.6,219.0,15.0,0
523,True,8,Casa,1,Ineficiente,65.375,523.0,8.0,1
362,True,13,Casa,1,Moderado,27.846153846153847,362.0,13.0,1
391,True,7,Apartamento,7,Moderado,55.85714285714285,55.85714285714285,1.0,1
614,False,7,Apartamento,1,Moderado,87.71428571428571,614.0,7.0,0
356,True,13,Apartamento,6,Moderado,27.384615384615383,59.333333333333336,2.1666666666666665,1
140,False,16,Comércio,2,Eficiente,8.75,70.0,8.0,0
398,True,16,Casa,6,Moderado,24.875,66.33333333333333,2.6666666666666665,1
131,False,8,Casa,6,Eficiente,16.375,21.83333333333333,1.3333333333333333,0
232,False,8,Comércio,11,Eficiente,29.0,21.09090909090909,0.7272727272727273,0
390,True,3,Casa,3,Moderado,130.0,130.0,1.0,1
623,True,13,Apartamento,8,Ineficiente,47.92307692307692,77.875,1.625,1
646,True,17,Apartamento,11,Ineficiente,38.0,58.72727272727273,1.5454545454545454,1
468,True,11,Casa,4,Ineficiente,42.54545454545455,117.0,2.75,1
627,False,7,Casa,7,Ineficiente,89.57142857142857,89.57142857142857,1.0,0
256,True,3,Apartamento,4,Eficiente,85.33333333333333,64.0,0.75,1
441,False,10,Comércio,1,Eficiente,44.1,441.0,10.0,0
393,True,9,Apartamento,6,Moderado,43.66666666666666,65.5,1.5,1
176,True,9,Apartamento,5,Eficiente,19.55555555555556,35.2,1.8,1
292,True,17,Apartamento,9,Moderado,17.176470588235293,32.44444444444444,1.8888888888888888,1
216,False,16,Casa,9,Moderado,13.5,24.0,1.7777777777777777,0
85,True,7,Casa,11,Moderado,12.142857142857142,7.727272727272727,0.6363636363636364,1
188,False,3,Casa,8,Eficiente,62.66666666666666,23.5,0.375,0
626,True,11,Casa,7,Ineficiente,56.90909090909091,89.42857142857143,1.5714285714285714,1
118,True,13,Casa,2,Moderado,9.076923076923077,59.0,6.5,1
504,False,11,Casa,8,Ineficiente,45.81818181818182,63.0,1.375,0
340,False,10,Casa,3,Eficiente,34.0,113.33333333333331,3.333333333333333,0
505,True,7,Casa,6,Ineficiente,72.14285714285714,84.16666666666667,1.1666666666666667,1
166,False,16,Apartamento,10,Moderado,10.375,16.6,1.6,0
544,True,5,Apartamento,7,Ineficiente,108.8,77.71428571428571,0.7142857142857143,1
155,False,10,Casa,6,Eficiente,15.5,25.83333333333333,1.6666666666666667,0
550,False,3,Comércio,5,Moderado,183.33333333333331,110.0,0.6,0
493,False,5,Casa,4,Moderado,98.6,123.25,1.25,0
536,False,14,Comércio,2,Ineficiente,38.285714285714285,268.0,7.0,0
364,True,13,Casa,9,Ineficiente,28.0,40.44444444444444,1.4444444444444444,1
318,False,9,Comércio,7,Moderado,35.333333333333336,45.42857142857143,1.2857142857142858,0
678,True,16,Casa,7,Ineficiente,42.375,96.85714285714286,2.2857142857142856,1
637,True,17,Apartamento,4,Ineficiente,37.47058823529412,159.25,4.25,1
451,True,6,Casa,5,Ineficiente,75.16666666666667,90.2,1.2,1
574,False,9,Apartamento,6,Moderado,63.77777777777778,95.66666666666669,1.5,0
124,False,14,Casa,11,Moderado,8.857142857142858,11.272727272727272,1.2727272727272727,0
480,True,13,Casa,2,Ineficiente,36.92307692307692,240.0,6.5,1
326,False,15,Apartamento,4,Moderado,21.73333333333333,81.5,3.75,0
695,False,16,Casa,4,Ineficiente,43.4375,173.75,4.0,0
676,True,7,Comércio,4,Ineficiente,96.57142857142856,169.0,1.75,1
529,True,8,Casa,7,Ineficiente,66.125,75.57142857142857,1.1428571428571428,1
564,False,16,Apartamento,7,Ineficiente,35.25,80.57142857142857,2.2857142857142856,0
699,True,9,Apartamento,7,Ineficiente,77.66666666666667,99.85714285714286,1.2857142857142858,1
97,True,17,Casa,7,Moderado,5.705882352941177,13.857142857142858,2.4285714285714284,1
685,False,15,Casa,2,Ineficiente,45.66666666666666,342.5,7.5,0
368,False,12,Apartamento,5,Moderado,30.666666666666668,73.6,2.4,0
493,False,14,Apartamento,10,Ineficiente,35.214285714285715,49.3,1.4,0
314,False,9,Comércio,2,Eficiente,34.888888888888886,157.0,4.5,0
495,True,9,Casa,5,Ineficiente,55.0,99.0,1.8,1
578,True,9,Apartamento,6,Ineficiente,64.22222222222223,96.33333333333331,1.5,1
194,False,13,Casa,3,Eficiente,14.923076923076923,64.66666666666667,4.333333333333333,0
313,True,15,Casa,6,Moderado,20.866666666666667,52.16666666666666,2.5,1
619,False,15,Apartamento,5,Ineficiente,41.266666666666666,123.8,3.0,0
90,True,9,Casa,4,Eficiente,10.0,22.5,2.25,1
285,True,5,Casa,10,Moderado,57.0,28.5,0.5,1
326,True,17,Casa,9,Ineficiente,19.176470588235293,36.22222222222222,1.8888888888888888,1
638,False,14,Apartamento,11,Ineficiente,45.57142857142857,58.0,1.2727272727272727,0
206,True,5,Comércio,8,Moderado,41.2,25.75,0.625,1
226,True,9,Apartamento,7,Moderado,25.11111111111111,32.285714285714285,1.2857142857142858,1
197,True,16,Apartamento,11,Moderado,12.3125,17.90909090909091,1.4545454545454546,1
461,False,4,Apartamento,1,Moderado,115.25,461.0,4.0,0
491,True,16,Apartamento,9,Ineficiente,30.6875,54.55555555555556,1.7777777777777777,1
663,True,4,Casa,9,Ineficiente,165.75,73.66666666666667,0.4444444444444444,1
442,True,5,Casa,6,Moderado,88.4,73.66666666666667,0.8333333333333334,1
588,False,16,Casa,7,Ineficiente,36.75,84.0,2.2857142857142856,0
216,True,6,Apartamento,3,Eficiente,36.0,72.0,2.0,1
254,True,8,Apartamento,5,Eficiente,31.75,50.8,1.6,1
368,True,15,Casa,7,Ineficiente,24.53333333333333,52.57142857142857,2.142857142857143,1
560,False,10,Casa,1,Moderado,56.0,560.0,10.0,0
98,False,12,Comércio,1,Eficiente,8.166666666666666,98.0,12.0,0
274,True,12,Apartamento,5,Moderado,22.83333333333333,54.8,2.4,1
409,False,9,Apartamento,9,Moderado,45.44444444444444,45.44444444444444,1.0,0
254,False,6,Casa,7,Eficiente,42.333333333333336,36.285714285714285,0.8571428571428571,0
528,True,4,Casa,1,Ineficiente,132.0,528.0,4.0,1
433,False,4,Casa,5,Eficiente,108.25,86.6,0.8,0
578,False,17,Casa,8,Ineficiente,34.0,72.25,2.125,0
220,False,6,Casa,8,Eficiente,36.66666666666666,27.5,0.75,0
172,True,8,Apartamento,2,Eficiente,21.5,86.0,4.0,1
318,True,5,Casa,7,Moderado,63.6,45.42857142857143,0.7142857142857143,1
284,True,8,Casa,10,Moderado,35.5,28.4,0.8,1
639,False,7,Casa,5,Moderado,91.28571428571428,127.8,1.4,0
512,True,7,Apartamento,9,Ineficiente,73.14285714285714,56.888888888888886,0.7777777777777778,1
324,True,4,Apartamento,3,Moderado,81.0,108.0,1.3333333333333333,1
396,True,10,Apartamento,1,Moderado,39.6,396.0,10.0,1
374,True,7,Casa,4,Moderado,53.42857142857143,93.5,1.75,1
361,False,13,Casa,7,Moderado,27.76923076923077,51.57142857142857,1.8571428571428568,0
96,True,4,Casa,1,Eficiente,24.0,96.0,4.0,1
150,True,9,Casa,2,Eficiente,16.666666666666668,75.0,4.5,1
348,False,15,Comércio,5,Moderado,23.2,69.6,3.0,0
404,True,17,Comércio,9,Ineficiente,23.764705882352946,44.888888888888886,1.8888888888888888,1
384,False,11,Apartamento,1,Moderado,34.90909090909091,384.0,11.0,0
530,True,11,Comércio,4,Ineficiente,48.18181818181818,132.5,2.75,1
86,True,3,Apartamento,3,Eficiente,28.666666666666668,28.666666666666668,1.0,1
393,False,9,Casa,5,Eficiente,43.66666666666666,78.6,1.8,0
182,False,11,Comércio,5,Eficiente,16.545454545454547,36.4,2.2,0
272,True,8,Casa,10,Moderado,34.0,27.2,0.8,1
653,False,3,Apartamento,2,Moderado,217.66666666666663,326.5,1.5,0
608,False,4,Casa,5,Moderado,152.0,121.6,0.8,0
250,False,6,Casa,9,Eficiente,41.66666666666666,27.77777777777778,0.6666666666666666,0
616,True,16,Apartamento,5,Ineficiente,38.5,123.2,3.2,1
330,True,6,Casa,11,Moderado,55.0,30.0,0.5454545454545454,1
466,False,4,Casa,10,Ineficiente,116.5,46.6,0.4,0
286,False,10,Casa,2,Eficiente,28.6,143.0,5.0,0
620,True,4,Casa,7,Ineficiente,155.0,88.57142857142857,0.5714285714285714,1
495,False,5,Comércio,6,Moderado,99.0,82.5,0.8333333333333334,0
459,True,16,Apartamento,7,Ineficiente,28.6875,65.57142857142857,2.2857142857142856,1
223,True,6,Apartamento,8,Moderado,37.16666666666666,27.875,0.75,1
104,True,11,Casa,10,Moderado,9.454545454545457,10.4,1.1,1
152,False,12,Apartamento,5,Eficiente,12.666666666666666,30.4,2.4,0
172,True,3,Casa,2,Eficiente,57.333333333333336,86.0,1.5,1
584,False,10,Casa,7,Ineficiente,58.4,83.42857142857143,1.4285714285714286,0
677,False,14,Casa,7,Ineficiente,48.35714285714285,96.71428571428572,2.0,0
415,False,17,Comércio,8,Ineficiente,24.41176470588235,51.875,2.125,0
504,False,16,Casa,7,Ineficiente,31.5,72.0,2.2857142857142856,0
578,False,7,Casa,10,Ineficiente,82.57142857142857,57.8,0.7,0
443,False,9,Apartamento,7,Moderado,49.22222222222222,63.285714285714285,1.2857142857142858,0
278,True,10,Casa,9,Moderado,27.8,30.88888888888889,1.1111111111111112,1
492,True,17,Apartamento,8,Ineficiente,28.94117647058824,61.5,2.125,1
418,True,7,Apartamento,2,Moderado,59.71428571428572,209.0,3.5,1
508,True,10,Casa,2,Ineficiente,50.8,254.0,5.0,1
218,False,12,Casa,7,Moderado,18.166666666666668,31.142857142857142,1.7142857142857142,0
621,True,13,Casa,10,Ineficiente,47.76923076923077,62.1,1.3,1
136,True,10,Apartamento,11,Moderado,13.6,12.363636363636363,0.9090909090909092,1
311,False,11,Comércio,10,Ineficiente,28.272727272727277,31.1,1.1,0
514,False,4,Casa,3,Moderado,128.5,171.33333333333334,1.3333333333333333,0
463,True,5,Casa,1,Ineficiente,92.6,463.0,5.0,1
639,False,3,Casa,9,Ineficiente,213.0,71.0,0.3333333333333333,0
273,True,6,Apartamento,3,Eficiente,45.5,91.0,2.0,1
613,True,17,Apartamento,1,Ineficiente,36.05882352941177,613.0,17.0,1
597,False,17,Casa,6,Ineficiente,35.11764705882353,99.5,2.833333333333333,0
264,False,7,Apartamento,4,Eficiente,37.71428571428572,66.0,1.75,0
371,True,13,Apartamento,1,Moderado,28.53846153846154,371.0,13.0,1
414,False,3,Comércio,4,Eficiente,138.0,103.5,0.75,0
195,True,10,Casa,8,Moderado,19.5,24.375,1.25,1
128,True,4,Casa,11,Moderado,32.0,11.636363636363637,0.3636363636363636,1
161,True,3,Casa,7,Moderado,53.66666666666666,23.0,0.4285714285714285,1
412,False,4,Comércio,1,Eficiente,103.0,412.0,4.0,0
636,False,17,Apartamento,10,Ineficiente,37.41176470588236,63.6,1.7,0
414,True,15,Apartamento,9,Ineficiente,27.6,46.0,1.6666666666666667,1
611,True,7,Casa,6,Ineficiente,87.28571428571429,101.83333333333331,1.1666666666666667,1
300,False,11,Casa,2,Eficiente,27.272727272727277,150.0,5.5,0
402,True,11,Casa,3,Moderado,36.54545454545455,134.0,3.6666666666666665,1
82,True,4,Apartamento,7,Moderado,20.5,11.714285714285714,0.5714285714285714,1
285,False,4,Casa,3,Eficiente,71.25,95.0,1.3333333333333333,0
119,True,5,Casa,3,Eficiente,23.8,39.66666666666666,1.6666666666666667,1
138,False,9,Apartamento,5,Eficiente,15.333333333333334,27.6,1.8,0
653,True,13,Casa,3,Ineficiente,50.23076923076923,217.66666666666663,4.333333333333333,1
586,False,5,Apartamento,3,Moderado,117.2,195.33333333333331,1.6666666666666667,0
651,True,3,Casa,11,Ineficiente,217.0,59.18181818181818,0.2727272727272727,1
201,False,16,Apartamento,5,Eficiente,12.5625,40.2,3.2,0
558,True,16,Apartamento,5,Ineficiente,34.875,111.6,3.2,1
698,False,16,Comércio,9,Ineficiente,43.625,77.55555555555556,1.7777777777777777,0
175,False,8,Apartamento,1,Eficiente,21.875,175.0,8.0,0
493,True,5,Comércio,1,Ineficiente,98.6,493.0,5.0,1
314,True,3,Comércio,11,Ineficiente,104.66666666666669,28.545454545454547,0.2727272727272727,1
141,False,16,Apartamento,9,Moderado,8.8125,15.666666666666666,1.7777777777777777,0
335,False,15,Comércio,5,Moderado,22.33333333333333,67.0,3.0,0
640,True,6,Casa,4,Ineficiente,106.66666666666669,160.0,1.5,1
427,True,15,Casa,2,Moderado,28.466666666666665,213.5,7.5,1
203,False,3,Casa,9,Eficiente,67.66666666666667,22.55555555555556,0.3333333333333333,0
561,True,3,Apartamento,6,Ineficiente,187.0,93.5,0.5,1
396,False,14,Apartamento,9,Moderado,28.285714285714285,44.0,1.5555555555555556,0
583,False,4,Apartamento,5,Moderado,145.75,116.6,0.8,0
127,False,12,Casa,4,Eficiente,10.583333333333334,31.75,3.0,0
488,True,10,Casa,7,Ineficiente,48.8,69.71428571428571,1.4285714285714286,1
215,True,4,Casa,5,Eficiente,53.75,43.0,0.8,1
280,False,13,Apartamento,8,Moderado,21.53846153846154,35.0,1.625,0
329,False,4,Casa,8,Moderado,82.25,41.125,0.5,0
393,False,17,Comércio,2,Moderado,23.11764705882353,196.5,8.5,0
447,True,13,Casa,5,Moderado,34.38461538461539,89.4,2.6,1
508,True,13,Casa,10,Ineficiente,39.07692307692308,50.8,1.3,1
559,True,12,Comércio,8,Ineficiente,46.583333333333336,69.875,1.5,1
393,False,12,Apartamento,3,Moderado,32.75,131.0,4.0,0
579,True,10,Casa,7,Ineficiente,57.9,82.71428571428571,1.4285714285714286,1
434,True,14,Apartamento,3,Moderado,31.0,144.66666666666666,4.666666666666667,1
564,True,8,Casa,6,Ineficiente,70.5,94.0,1.3333333333333333,1
290,True,14,Comércio,2,Moderado,20.714285714285715,145.0,7.0,1
123,False,13,Apartamento,6,Eficiente,9.461538461538462,20.5,2.1666666666666665,0
620,True,6,Casa,6,Ineficiente,103.33333333333331,103.33333333333331,1.0,1
650,True,5,Apartamento,8,Ineficiente,130.0,81.25,0.625,1
662,True,3,Casa,5,Ineficiente,220.66666666666663,132.4,0.6,1
171,True,13,Apartamento,1,Moderado,13.153846153846152,171.0,13.0,1
344,True,5,Comércio,8,Ineficiente,68.8,43.0,0.625,1
299,True,14,Comércio,9,Ineficiente,21.357142857142858,33.22222222222222,1.5555555555555556,1
521,False,16,Casa,1,Ineficiente,32.5625,521.0,16.0,0
480,True,11,Casa,5,Ineficiente,43.63636363636363,96.0,2.2,1
479,True,7,Casa,6,Ineficiente,68.42857142857143,79.83333333333333,1.1666666666666667,1
655,True,15,Apartamento,4,Ineficiente,43.66666666666666,163.75,3.75,1
569,False,8,Apartamento,11,Ineficiente,71.125,51.72727272727273,0.7272727272727273,0
564,False,7,Apartamento,2,Moderado,80.57142857142857,282.0,3.5,0
549,False,3,Comércio,5,Moderado,183.0,109.8,0.6,0
653,False,12,Casa,4,Ineficiente,54.41666666666666,163.25,3.0,0
524,False,3,Casa,7,Ineficiente,174.66666666666666,74.85714285714286,0.4285714285714285,0
348,True,6,Casa,6,Moderado,58.0,58.0,1.0,1
346,False,17,Casa,3,Moderado,20.352941176470587,115.33333333333331,5.666666666666667,0
133,True,5,Casa,9,Moderado,26.6,14.77777777777778,0.5555555555555556,1
607,True,13,Apartamento,4,Ineficiente,46.69230769230769,151.75,3.25,1
599,False,10,Casa,11,Ineficiente,59.9,54.45454545454545,0.9090909090909092,0
695,True,14,Casa,5,Ineficiente,49.642857142857146,139.0,2.8,1
138,False,14,Apartamento,3,Eficiente,9.857142857142858,46.0,4.666666666666667,0
119,True,9,Casa,8,Moderado,13.22222222222222,14.875,1.125,1
316,False,17,Apartamento,11,Moderado,18.58823529411765,28.727272727272727,1.5454545454545454,0
465,False,13,Casa,7,Ineficiente,35.76923076923077,66.42857142857143,1.8571428571428568,0
685,False,17,Apartamento,11,Ineficiente,40.294117647058826,62.27272727272727,1.5454545454545454,0
379,False,9,Comércio,11,Moderado,42.11111111111112,34.45454545454545,0.8181818181818182,0
474,False,17,Casa,7,Ineficiente,27.88235294117647,67.71428571428571,2.4285714285714284,0
286,False,10,Apartamento,8,Eficiente,28.6,35.75,1.25,0
415,True,16,Comércio,7,Ineficiente,25.9375,59.285714285714285,2.2857142857142856,1
672,True,12,Apartamento,3,Ineficiente,56.0,224.0,4.0,1
593,False,9,Casa,3,Moderado,65.88888888888889,197.66666666666663,3.0,0
257,False,12,Casa,2,Eficiente,21.416666666666668,128.5,6.0,0
475,False,4,Apartamento,1,Moderado,118.75,475.0,4.0,0
450,False,6,Comércio,5,Eficiente,75.0,90.0,1.2,0
397,False,17,Casa,4,Moderado,23.352941176470587,99.25,4.25,0
448,True,13,Casa,11,Ineficiente,34.46153846153846,40.72727272727273,1.181818181818182,1
463,True,8,Casa,2,Ineficiente,57.875,231.5,4.0,1
141,True,5,Casa,1,Eficiente,28.2,141.0,5.0,1
584,True,17,Casa,3,Ineficiente,34.35294117647059,194.66666666666663,5.666666666666667,1
318,False,5,Casa,6,Eficiente,63.6,53.0,0.8333333333333334,0
274,False,17,Casa,2,Eficiente,16.11764705882353,137.0,8.5,0
301,False,8,Casa,10,Moderado,37.625,30.1,0.8,0
140,True,3,Comércio,7,Moderado,46.66666666666666,20.0,0.4285714285714285,1
208,True,16,Casa,11,Moderado,13.0,18.90909090909091,1.4545454545454546,1
235,True,3,Casa,7,Moderado,78.33333333333333,33.57142857142857,0.4285714285714285,1
457,True,7,Casa,11,Ineficiente,65.28571428571429,41.54545454545455,0.6363636363636364,1
665,True,3,Comércio,3,Ineficiente,221.66666666666663,221.66666666666663,1.0,1
516,True,12,Apartamento,1,Ineficiente,43.0,516.0,12.0,1
286,True,10,Apartamento,9,Moderado,28.6,31.77777777777778,1.1111111111111112,1
467,True,4,Casa,11,Ineficiente,116.75,42.45454545454545,0.3636363636363636,1
559,False,8,Apartamento,5,Moderado,69.875,111.8,1.6,0
419,True,12,Casa,2,Moderado,34.916666666666664,209.5,6.0,1
419,True,12,Casa,8,Ineficiente,34.916666666666664,52.375,1.5,1
283,True,7,Apartamento,10,Moderado,40.42857142857143,28.3,0.7,1
240,True,12,Apartamento,10,Moderado,20.0,24.0,1.2,1
619,False,14,Apartamento,4,Ineficiente,44.21428571428572,154.75,3.5,0
471,False,14,Comércio,11,Ineficiente,33.642857142857146,42.81818181818182,1.2727272727272727,0
654,True,6,Comércio,10,Ineficiente,109.0,65.4,0.6,1
613,False,3,Casa,7,Ineficiente,204.33333333333331,87.57142857142857,0.4285714285714285,0
149,True,16,Casa,5,Moderado,9.3125,29.8,3.2,1
484,False,16,Casa,3,Ineficiente,30.25,161.33333333333334,5.333333333333333,0
687,True,5,Comércio,10,Ineficiente,137.4,68.7,0.5,1
670,True,15,Casa,8,Ineficiente,44.66666666666666,83.75,1.875,1
596,False,14,Comércio,2,Ineficiente,42.57142857142857,298.0,7.0,0
199,False,6,Casa,1,Eficiente,33.166666666666664,199.0,6.0,0
296,False,4,Casa,5,Eficiente,74.0,59.2,0.8,0
135,True,14,Casa,11,Moderado,9.642857142857142,12.272727272727272,1.2727272727272727,1
445,True,4,Casa,4,Moderado,111.25,111.25,1.0,1
583,False,4,Comércio,11,Ineficiente,145.75,53.0,0.3636363636363636,0
534,True,13,Casa,10,Ineficiente,41.07692307692308,53.4,1.3,1
183,True,3,Casa,7,Moderado,61.0,26.142857142857142,0.4285714285714285,1
156,True,12,Casa,9,Moderado,13.0,17.333333333333332,1.3333333333333333,1
309,True,4,Casa,6,Moderado,77.25,51.5,0.6666666666666666,1
337,True,8,Casa,11,Moderado,42.125,30.63636363636364,0.7272727272727273,1
343,True,5,Casa,1,Moderado,68.6,343.0,5.0,1
410,True,12,Comércio,8,Ineficiente,34.166666666666664,51.25,1.5,1
261,False,7,Casa,2,Eficiente,37.285714285714285,130.5,3.5,0
629,True,3,Casa,4,Ineficiente,209.66666666666663,157.25,0.75,1
106,True,10,Apartamento,3,Eficiente,10.6,35.333333333333336,3.333333333333333,1
355,False,15,Casa,6,Moderado,23.666666666666668,59.16666666666666,2.5,0
378,False,6,Casa,2,Eficiente,63.0,189.0,3.0,0
170,True,11,Apartamento,5,Moderado,15.454545454545457,34.0,2.2,1
559,False,6,Casa,11,Ineficiente,93.16666666666669,50.81818181818182,0.5454545454545454,0
652,True,16,Apartamento,9,Ineficiente,40.75,72.44444444444444,1.7777777777777777,1
537,False,17,Apartamento,3,Ineficiente,31.58823529411765,179.0,5.666666666666667,0
530,True,17,Apartamento,2,Ineficiente,31.176470588235293,265.0,8.5,1
444,True,17,Comércio,2,Ineficiente,26.11764705882353,222.0,8.5,1
430,False,4,Casa,9,Moderado,107.5,47.77777777777778,0.4444444444444444,0
479,False,5,Casa,6,Moderado,95.8,79.83333333333333,0.8333333333333334,0
332,True,7,Casa,2,Moderado,47.42857142857143,166.0,3.5,1
538,True,14,Casa,3,Ineficiente,38.42857142857143,179.33333333333334,4.666666666666667,1
578,True,12,Apartamento,1,Ineficiente,48.16666666666666,578.0,12.0,1
587,False,17,Apartamento,2,Ineficiente,34.529411764705884,293.5,8.5,0
383,True,15,Apartamento,2,Moderado,25.53333333333333,191.5,7.5,1
580,True,15,Apartamento,11,Ineficiente,38.66666666666666,52.72727272727273,1.3636363636363635,1
677,True,16,Casa,2,Ineficiente,42.3125,338.5,8.0,1
245,False,8,Apartamento,7,Eficiente,30.625,35.0,1.1428571428571428,0
494,False,9,Apartamento,3,Moderado,54.888888888888886,164.66666666666666,3.0,0
541,False,6,Apartamento,11,Ineficiente,90.16666666666669,49.18181818181818,0.5454545454545454,0
193,True,9,Casa,4,Eficiente,21.444444444444443,48.25,2.25,1
512,False,17,Apartamento,2,Ineficiente,30.11764705882353,256.0,8.5,0
435,False,12,Casa,5,Moderado,36.25,87.0,2.4,0
286,False,5,Apartamento,9,Eficiente,57.2,31.77777777777778,0.5555555555555556,0
314,True,9,Apartamento,9,Moderado,34.888888888888886,34.888888888888886,1.0,1
521,True,6,Casa,7,Ineficiente,86.83333333333333,74.42857142857143,0.8571428571428571,1
434,False,15,Apartamento,8,Moderado,28.933333333333334,54.25,1.875,0
594,True,15,Comércio,5,Ineficiente,39.6,118.8,3.0,1
287,True,10,Casa,5,Eficiente,28.7,57.4,2.0,1
204,False,11,Comércio,3,Eficiente,18.545454545454547,68.0,3.6666666666666665,0
217,False,9,Apartamento,6,Eficiente,24.11111111111111,36.16666666666666,1.5,0
418,False,10,Apartamento,1,Eficiente,41.8,418.0,10.0,0
616,False,10,Comércio,3,Moderado,61.6,205.33333333333331,3.333333333333333,0
147,True,4,Apartamento,11,Moderado,36.75,13.363636363636363,0.3636363636363636,1
652,True,11,Apartamento,2,Ineficiente,59.27272727272727,326.0,5.5,1
620,True,8,Casa,7,Ineficiente,77.5,88.57142857142857,1.1428571428571428,1
462,True,13,Casa,9,Ineficiente,35.53846153846154,51.333333333333336,1.4444444444444444,1
98,True,6,Apartamento,4,Eficiente,16.333333333333332,24.5,1.5,1
529,True,17,Comércio,7,Ineficiente,31.11764705882353,75.57142857142857,2.4285714285714284,1
153,False,7,Comércio,8,Eficiente,21.857142857142858,19.125,0.875,0
652,False,12,Apartamento,10,Ineficiente,54.333333333333336,65.2,1.2,0
355,False,7,Apartamento,2,Eficiente,50.71428571428572,177.5,3.5,0
127,False,9,Casa,7,Eficiente,14.11111111111111,18.142857142857142,1.2857142857142858,0
290,False,16,Comércio,3,Eficiente,18.125,96.66666666666669,5.333333333333333,0
619,False,11,Casa,8,Ineficiente,56.27272727272727,77.375,1.375,0
270,False,9,Apartamento,6,Eficiente,30.0,45.0,1.5,0
394,False,11,Apartamento,3,Moderado,35.81818181818182,131.33333333333334,3.6666666666666665,0
642,False,6,Apartamento,8,Ineficiente,107.0,80.25,0.75,0
641,False,12,Casa,11,Ineficiente,53.41666666666666,58.27272727272727,1.0909090909090908,0
192,False,16,Comércio,3,Eficiente,12.0,64.0,5.333333333333333,0
249,True,12,Apartamento,9,Moderado,20.75,27.666666666666668,1.3333333333333333,1
547,True,6,Comércio,11,Ineficiente,91.16666666666669,49.72727272727273,0.5454545454545454,1
93,True,8,Casa,3,Eficiente,11.625,31.0,2.6666666666666665,1
367,True,10,Apartamento,1,Moderado,36.7,367.0,10.0,1
268,True,16,Apartamento,2,Moderado,16.75,134.0,8.0,1
234,True,11,Apartamento,4,Moderado,21.272727272727277,58.5,2.75,1
646,True,3,Comércio,11,Ineficiente,215.33333333333331,58.72727272727273,0.2727272727272727,1
550,True,3,Casa,2,Ineficiente,183.33333333333331,275.0,1.5,1
154,False,15,Casa,4,Eficiente,10.266666666666667,38.5,3.75,0
356,True,10,Apartamento,4,Moderado,35.6,89.0,2.5,1
422,False,13,Casa,4,Moderado,32.46153846153846,105.5,3.25,0
504,False,9,Comércio,1,Moderado,56.0,504.0,9.0,0
650,False,11,Casa,9,Ineficiente,59.09090909090909,72.22222222222223,1.2222222222222223,0
590,False,13,Apartamento,10,Ineficiente,45.38461538461539,59.0,1.3,0
261,True,5,Casa,11,Moderado,52.2,23.727272727272727,0.4545454545454545,1
537,True,12,Apartamento,7,Ineficiente,44.75,76.71428571428571,1.7142857142857142,1
143,True,14,Casa,2,Moderado,10.214285714285714,71.5,7.0,1
339,True,7,Casa,3,Moderado,48.42857142857143,113.0,2.333333333333333,1
272,False,5,Casa,8,Eficiente,54.4,34.0,0.625,0
695,True,17,Casa,7,Ineficiente,40.88235294117647,99.28571428571428,2.4285714285714284,1
485,True,7,Comércio,4,Ineficiente,69.28571428571429,121.25,1.75,1
172,True,12,Casa,4,Moderado,14.333333333333334,43.0,3.0,1
509,True,3,Apartamento,9,Ineficiente,169.66666666666666,56.55555555555556,0.3333333333333333,1
513,False,16,Comércio,5,Ineficiente,32.0625,102.6,3.2,0
483,False,13,Apartamento,11,Ineficiente,37.15384615384615,43.90909090909091,1.181818181818182,0
513,True,6,Comércio,5,Ineficiente,85.5,102.6,1.2,1
191,True,8,Comércio,7,Moderado,23.875,27.285714285714285,1.1428571428571428,1
454,True,4,Apartamento,1,Ineficiente,113.5,454.0,4.0,1
138,True,15,Apartamento,3,Moderado,9.2,46.0,5.0,1
122,False,9,Casa,2,Eficiente,13.555555555555555,61.0,4.5,0
286,True,10,Casa,11,Moderado,28.6,26.0,0.9090909090909092,1
375,False,3,Apartamento,10,Moderado,125.0,37.5,0.3,0
197,False,15,Apartamento,6,Eficiente,13.133333333333333,32.833333333333336,2.5,0
611,True,6,Apartamento,11,Ineficiente,101.83333333333331,55.54545454545455,0.5454545454545454,1
301,True,13,Apartamento,6,Moderado,23.153846153846157,50.16666666666666,2.1666666666666665,1
245,False,6,Casa,10,Eficiente,40.833333333333336,24.5,0.6,0
235,False,15,Comércio,1,Eficiente,15.666666666666666,235.0,15.0,0
263,True,7,Apartamento,6,Eficiente,37.57142857142857,43.833333333333336,1.1666666666666667,1
169,False,16,Casa,10,Moderado,10.5625,16.9,1.6,0
173,False,14,Comércio,2,Eficiente,12.357142857142858,86.5,7.0,0
92,True,14,Casa,11,Moderado,6.571428571428571,8.363636363636363,1.2727272727272727,1
517,False,6,Apartamento,4,Moderado,86.16666666666667,129.25,1.5,0
617,True,11,Apartamento,6,Ineficiente,56.09090909090909,102.83333333333331,1.8333333333333333,1
666,True,9,Casa,3,Ineficiente,74.0,222.0,3.0,1
229,False,15,Apartamento,3,Eficiente,15.266666666666667,76.33333333333333,5.0,0
87,False,4,Apartamento,3,Eficiente,21.75,29.0,1.3333333333333333,0
108,True,3,Casa,4,Eficiente,36.0,27.0,0.75,1
375,True,11,Casa,9,Ineficiente,34.09090909090909,41.66666666666666,1.2222222222222223,1
419,False,3,Comércio,4,Eficiente,139.66666666666666,104.75,0.75,0
518,False,8,Casa,4,Moderado,64.75,129.5,2.0,0
223,False,17,Comércio,4,Eficiente,13.117647058823527,55.75,4.25,0
598,False,17,Casa,7,Ineficiente,35.1764705882353,85.42857142857143,2.4285714285714284,0
124,False,4,Apartamento,5,Eficiente,31.0,24.8,0.8,0
318,True,6,Comércio,2,Moderado,53.0,159.0,3.0,1
234,True,8,Casa,7,Moderado,29.25,33.42857142857143,1.1428571428571428,1
260,True,7,Apartamento,3,Eficiente,37.142857142857146,86.66666666666667,2.333333333333333,1
294,False,13,Apartamento,11,Moderado,22.615384615384617,26.727272727272727,1.181818181818182,0
167,False,8,Apartamento,1,Eficiente,20.875,167.0,8.0,0
335,True,5,Apartamento,9,Moderado,67.0,37.22222222222222,0.5555555555555556,1
590,True,7,Apartamento,5,Ineficiente,84.28571428571429,118.0,1.4,1
152,True,4,Apartamento,10,Moderado,38.0,15.2,0.4,1
258,True,9,Apartamento,1,Eficiente,28.666666666666668,258.0,9.0,1
291,True,5,Apartamento,11,Moderado,58.2,26.454545454545453,0.4545454545454545,1
313,True,3,Casa,1,Moderado,104.33333333333331,313.0,3.0,1
544,True,16,Comércio,1,Ineficiente,34.0,544.0,16.0,1
302,True,10,Casa,9,Moderado,30.2,33.55555555555556,1.1111111111111112,1
343,False,10,Casa,8,Moderado,34.3,42.875,1.25,0
286,True,5,Casa,11,Moderado,57.2,26.0,0.4545454545454545,1
686,False,15,Casa,6,Ineficiente,45.73333333333333,114.33333333333331,2.5,0
445,False,9,Casa,10,Moderado,49.44444444444444,44.5,0.9,0
355,False,11,Casa,6,Moderado,32.27272727272727,59.16666666666666,1.8333333333333333,0
459,False,10,Casa,6,Moderado,45.9,76.5,1.6666666666666667,0
388,True,5,Apartamento,4,Moderado,77.6,97.0,1.25,1
347,True,17,Casa,5,Moderado,20.41176470588235,69.4,3.4,1
143,False,15,Casa,10,Moderado,9.533333333333331,14.3,1.5,0
429,False,4,Casa,3,Eficiente,107.25,143.0,1.3333333333333333,0
573,False,15,Casa,3,Ineficiente,38.2,191.0,5.0,0
602,False,12,Casa,10,Ineficiente,50.16666666666666,60.2,1.2,0
177,True,9,Apartamento,7,Moderado,19.666666666666668,25.285714285714285,1.2857142857142858,1
150,True,9,Comércio,5,Eficiente,16.666666666666668,30.0,1.8,1
443,False,11,Comércio,8,Ineficiente,40.27272727272727,55.375,1.375,0
649,True,7,Comércio,5,Ineficiente,92.71428571428572,129.8,1.4,1
355,True,6,Casa,4,Moderado,59.16666666666666,88.75,1.5,1
129,False,10,Casa,3,Eficiente,12.9,43.0,3.333333333333333,0
437,True,16,Casa,2,Moderado,27.3125,218.5,8.0,1
643,True,6,Apartamento,3,Ineficiente,107.16666666666669,214.33333333333331,2.0,1
564,False,6,Casa,7,Ineficiente,94.0,80.57142857142857,0.8571428571428571,0
163,False,14,Apartamento,8,Moderado,11.642857142857142,20.375,1.75,0
663,True,16,Casa,5,Ineficiente,41.4375,132.6,3.2,1
375,False,14,Casa,11,Moderado,26.785714285714285,34.09090909090909,1.2727272727272727,0
315,False,4,Comércio,1,Eficiente,78.75,315.0,4.0,0
135,True,15,Apartamento,3,Moderado,9.0,45.0,5.0,1
439,True,17,Apartamento,4,Moderado,25.823529411764707,109.75,4.25,1
189,True,3,Apartamento,10,Moderado,63.0,18.9,0.3,1
271,True,6,Comércio,4,Eficiente,45.16666666666666,67.75,1.5,1
172,True,9,Apartamento,1,Eficiente,19.11111111111111,172.0,9.0,1
647,False,14,Comércio,10,Ineficiente,46.21428571428572,64.7,1.4,0
139,False,11,Casa,9,Moderado,12.636363636363637,15.444444444444445,1.2222222222222223,0
118,False,11,Apartamento,10,Moderado,10.727272727272728,11.8,1.1,0
619,False,14,Apartamento,4,Ineficiente,44.21428571428572,154.75,3.5,0
128,False,12,Casa,2,Eficiente,10.666666666666666,64.0,6.0,0
499,True,17,Comércio,9,Ineficiente,29.352941176470587,55.44444444444444,1.8888888888888888,1
92,True,3,Comércio,4,Eficiente,30.666666666666668,23.0,0.75,1
115,False,7,Apartamento,4,Eficiente,16.428571428571427,28.75,1.75,0
180,True,9,Casa,11,Moderado,20.0,16.363636363636363,0.8181818181818182,1
165,True,15,Apartamento,6,Moderado,11.0,27.5,2.5,1
595,False,9,Comércio,8,Ineficiente,66.11111111111111,74.375,1.125,0
302,False,12,Apartamento,5,Moderado,25.166666666666668,60.4,2.4,0
417,True,8,Casa,8,Moderado,52.125,52.125,1.0,1
245,False,13,Apartamento,1,Eficiente,18.846153846153847,245.0,13.0,0
462,True,12,Casa,4,Ineficiente,38.5,115.5,3.0,1
455,False,6,Apartamento,1,Moderado,75.83333333333333,455.0,6.0,0
550,True,5,Casa,3,Ineficiente,110.0,183.33333333333331,1.6666666666666667,1
110,False,14,Apartamento,11,Moderado,7.857142857142857,10.0,1.2727272727272727,0
454,True,15,Apartamento,7,Ineficiente,30.266666666666666,64.85714285714286,2.142857142857143,1
90,False,11,Casa,1,Eficiente,8.181818181818182,90.0,11.0,0
381,True,17,Casa,5,Moderado,22.41176470588235,76.2,3.4,1
175,True,14,Casa,1,Moderado,12.5,175.0,14.0,1
269,True,15,Casa,6,Moderado,17.933333333333334,44.833333333333336,2.5,1
532,True,12,Casa,9,Ineficiente,44.333333333333336,59.11111111111112,1.3333333333333333,1
271,True,6,Comércio,3,Eficiente,45.16666666666666,90.33333333333331,2.0,1
565,True,10,Apartamento,11,Ineficiente,56.5,51.36363636363637,0.9090909090909092,1
345,False,15,Comércio,11,Ineficiente,23.0,31.363636363636363,1.3636363636363635,0
503,False,3,Comércio,6,Moderado,167.66666666666666,83.83333333333333,0.5,0
207,True,9,Casa,4,Eficiente,23.0,51.75,2.25,1
317,False,14,Casa,6,Moderado,22.642857142857142,52.833333333333336,2.333333333333333,0
434,True,8,Casa,2,Moderado,54.25,217.0,4.0,1
191,True,15,Apartamento,4,Moderado,12.733333333333333,47.75,3.75,1
525,True,14,Apartamento,7,Ineficiente,37.5,75.0,2.0,1
422,False,3,Casa,11,Moderado,140.66666666666666,38.36363636363637,0.2727272727272727,0
224,True,17,Casa,6,Moderado,13.176470588235292,37.333333333333336,2.833333333333333,1
144,False,6,Apartamento,9,Eficiente,24.0,16.0,0.6666666666666666,0
326,True,14,Apartamento,11,Ineficiente,23.285714285714285,29.63636363636364,1.2727272727272727,1
569,True,17,Comércio,7,Ineficiente,33.47058823529412,81.28571428571429,2.4285714285714284,1
518,True,16,Casa,1,Ineficiente,32.375,518.0,16.0,1
185,False,7,Comércio,6,Eficiente,26.428571428571427,30.83333333333333,1.1666666666666667,0
260,False,13,Casa,11,Moderado,20.0,23.63636363636364,1.181818181818182,0
263,False,10,Apartamento,3,Eficiente,26.3,87.66666666666667,3.333333333333333,0
305,False,17,Comércio,8,Ineficiente,17.941176470588236,38.125,2.125,0
168,False,6,Comércio,1,Eficiente,28.0,168.0,6.0,0
609,False,5,Casa,10,Ineficiente,121.8,60.9,0.5,0
450,True,4,Casa,2,Moderado,112.5,225.0,2.0,1
478,False,6,Apartamento,3,Moderado,79.66666666666667,159.33333333333334,2.0,0
185,True,13,Casa,3,Moderado,14.23076923076923,61.66666666666666,4.333333333333333,1
350,False,12,Apartamento,7,Moderado,29.166666666666668,50.0,1.7142857142857142,0
582,False,16,Comércio,8,Ineficiente,36.375,72.75,2.0,0
604,False,15,Casa,9,Ineficiente,40.266666666666666,67.11111111111111,1.6666666666666667,0
111,True,6,Apartamento,7,Moderado,18.5,15.857142857142858,0.8571428571428571,1
472,False,15,Casa,8,Ineficiente,31.466666666666665,59.0,1.875,0
119,False,12,Comércio,11,Moderado,9.916666666666666,10.818181818181818,1.0909090909090908,0
297,True,7,Comércio,6,Eficiente,42.42857142857143,49.5,1.1666666666666667,1
161,True,15,Apartamento,2,Moderado,10.733333333333333,80.5,7.5,1
280,False,9,Casa,1,Eficiente,31.11111111111111,280.0,9.0,0
526,False,11,Apartamento,3,Ineficiente,47.81818181818182,175.33333333333334,3.6666666666666665,0
507,True,4,Apartamento,9,Ineficiente,126.75,56.333333333333336,0.4444444444444444,1
117,True,7,Casa,7,Moderado,16.714285714285715,16.714285714285715,1.0,1
290,True,13,Comércio,2,Moderado,22.307692307692307,145.0,6.5,1
523,True,12,Comércio,1,Ineficiente,43.583333333333336,523.0,12.0,1
406,False,11,Apartamento,2,Moderado,36.90909090909091,203.0,5.5,0
306,False,14,Apartamento,3,Moderado,21.857142857142858,102.0,4.666666666666667,0
127,False,16,Casa,6,Eficiente,7.9375,21.166666666666668,2.6666666666666665,0
97,True,15,Apartamento,9,Moderado,6.466666666666667,10.77777777777778,1.6666666666666667,1
518,False,5,Casa,8,Ineficiente,103.6,64.75,0.625,0
266,True,3,Casa,10,Moderado,88.66666666666667,26.6,0.3,1
424,True,4,Casa,9,Moderado,106.0,47.11111111111112,0.4444444444444444,1
303,True,16,Casa,11,Ineficiente,18.9375,27.545454545454547,1.4545454545454546,1
567,True,8,Casa,11,Ineficiente,70.875,51.54545454545455,0.7272727272727273,1
308,True,7,Apartamento,8,Moderado,44.0,38.5,0.875,1
469,True,3,Apartamento,7,Ineficiente,156.33333333333334,67.0,0.4285714285714285,1
668,True,3,Apartamento,6,Ineficiente,222.66666666666663,111.33333333333331,0.5,1
267,True,13,Casa,8,Moderado,20.53846153846154,33.375,1.625,1
349,False,6,Casa,6,Eficiente,58.16666666666666,58.16666666666666,1.0,0
686,True,14,Apartamento,2,Ineficiente,49.0,343.0,7.0,1
389,False,17,Apartamento,9,Moderado,22.88235294117647,43.22222222222222,1.8888888888888888,0
211,True,6,Comércio,9,Moderado,35.166666666666664,23.444444444444443,0.6666666666666666,1
630,False,17,Casa,3,Ineficiente,37.05882352941177,210.0,5.666666666666667,0
151,False,8,Apartamento,9,Eficiente,18.875,16.77777777777778,0.8888888888888888,0
266,False,8,Casa,2,Eficiente,33.25,133.0,4.0,0
565,False,12,Apartamento,3,Ineficiente,47.083333333333336,188.33333333333331,4.0,0
270,True,16,Comércio,6,Moderado,16.875,45.0,2.6666666666666665,1
501,True,8,Comércio,4,Ineficiente,62.625,125.25,2.0,1
199,True,3,Comércio,8,Moderado,66.33333333333333,24.875,0.375,1
299,True,12,Casa,1,Moderado,24.916666666666668,299.0,12.0,1
132,True,11,Apartamento,6,Moderado,12.0,22.0,1.8333333333333333,1
530,False,13,Apartamento,2,Ineficiente,40.76923076923077,265.0,6.5,0
491,False,9,Apartamento,6,Moderado,54.55555555555556,81.83333333333333,1.5,0
316,False,9,Casa,1,Eficiente,35.111111111111114,316.0,9.0,0
485,False,13,Comércio,2,Ineficiente,37.30769230769231,242.5,6.5,0
687,False,9,Comércio,9,Ineficiente,76.33333333333333,76.33333333333333,1.0,0
501,False,4,Casa,6,Moderado,125.25,83.5,0.6666666666666666,0
326,False,4,Casa,8,Moderado,81.5,40.75,0.5,0
151,True,8,Casa,7,Moderado,18.875,21.571428571428573,1.1428571428571428,1
264,True,9,Apartamento,9,Moderado,29.33333333333333,29.33333333333333,1.0,1
85,False,5,Casa,9,Eficiente,17.0,9.444444444444445,0.5555555555555556,0
285,False,15,Comércio,11,Moderado,19.0,25.90909090909091,1.3636363636363635,0
623,False,6,Apartamento,4,Moderado,103.83333333333331,155.75,1.5,0
690,True,16,Apartamento,7,Ineficiente,43.125,98.57142857142856,2.2857142857142856,1
466,False,14,Apartamento,5,Ineficiente,33.285714285714285,93.2,2.8,0
155,True,5,Casa,7,Moderado,31.0,22.142857142857142,0.7142857142857143,1
256,True,9,Comércio,4,Eficiente,28.444444444444443,64.0,2.25,1
428,True,9,Apartamento,10,Moderado,47.55555555555556,42.8,0.9,1
334,True,6,Comércio,11,Ineficiente,55.66666666666666,30.363636363636363,0.5454545454545454,1
387,True,15,Apartamento,11,Ineficiente,25.8,35.18181818181818,1.3636363636363635,1
424,True,9,Apartamento,1,Moderado,47.11111111111112,424.0,9.0,1
206,True,7,Casa,4,Eficiente,29.428571428571427,51.5,1.75,1
366,True,3,Apartamento,10,Moderado,122.0,36.6,0.3,1
675,False,12,Apartamento,3,Ineficiente,56.25,225.0,4.0,0
566,False,6,Apartamento,9,Ineficiente,94.33333333333331,62.888888888888886,0.6666666666666666,0
462,True,9,Apartamento,5,Ineficiente,51.333333333333336,92.4,1.8,1
485,True,15,Casa,4,Ineficiente,32.333333333333336,121.25,3.75,1
467,False,17,Comércio,8,Ineficiente,27.47058823529412,58.375,2.125,0
604,True,4,Comércio,5,Ineficiente,151.0,120.8,0.8,1
636,True,4,Casa,3,Ineficiente,159.0,212.0,1.3333333333333333,1
355,False,3,Comércio,2,Eficiente,118.33333333333331,177.5,1.5,0
579,False,4,Casa,8,Ineficiente,144.75,72.375,0.5,0
416,True,12,Apartamento,2,Moderado,34.666666666666664,208.0,6.0,1
560,True,16,Casa,8,Ineficiente,35.0,70.0,2.0,1
352,True,10,Comércio,5,Moderado,35.2,70.4,2.0,1
137,False,13,Casa,8,Moderado,10.538461538461538,17.125,1.625,0
407,True,10,Apartamento,5,Moderado,40.7,81.4,2.0,1
188,True,10,Casa,1,Eficiente,18.8,188.0,10.0,1
358,True,17,Casa,11,Ineficiente,21.058823529411764,32.54545454545455,1.5454545454545454,1
407,False,3,Apartamento,11,Moderado,135.66666666666666,37.0,0.2727272727272727,0
394,False,3,Casa,2,Eficiente,131.33333333333334,197.0,1.5,0
553,False,14,Apartamento,6,Ineficiente,39.5,92.16666666666669,2.333333333333333,0
190,False,12,Comércio,3,Eficiente,15.833333333333334,63.333333333333336,4.0,0
308,True,6,Apartamento,8,Moderado,51.333333333333336,38.5,0.75,1
576,False,8,Comércio,5,Moderado,72.0,115.2,1.6,0
235,False,10,Casa,3,Eficiente,23.5,78.33333333333333,3.333333333333333,0
552,True,15,Casa,10,Ineficiente,36.8,55.2,1.5,1
351,False,4,Apartamento,7,Moderado,87.75,50.142857142857146,0.5714285714285714,0
81,False,15,Casa,8,Moderado,5.4,10.125,1.875,0
590,False,5,Comércio,4,Moderado,118.0,147.5,1.25,0
365,True,8,Casa,11,Moderado,45.625,33.18181818181818,0.7272727272727273,1
92,False,12,Comércio,9,Moderado,7.666666666666667,10.22222222222222,1.3333333333333333,0
687,False,6,Casa,6,Moderado,114.5,114.5,1.0,0
577,True,14,Apartamento,1,Ineficiente,41.21428571428572,577.0,14.0,1
317,True,4,Casa,5,Moderado,79.25,63.4,0.8,1
173,True,9,Casa,5,Eficiente,19.22222222222222,34.6,1.8,1
417,False,6,Apartamento,7,Moderado,69.5,59.57142857142857,0.8571428571428571,0
250,False,10,Casa,7,Eficiente,25.0,35.714285714285715,1.4285714285714286,0
685,True,10,Apartamento,6,Ineficiente,68.5,114.16666666666669,1.6666666666666667,1
646,True,9,Apartamento,8,Ineficiente,71.77777777777777,80.75,1.125,1
546,True,12,Casa,2,Ineficiente,45.5,273.0,6.0,1
222,False,11,Comércio,7,Moderado,20.181818181818183,31.714285714285715,1.5714285714285714,0
280,True,6,Apartamento,10,Moderado,46.66666666666666,28.0,0.6,1
259,False,9,Apartamento,7,Eficiente,28.77777777777778,37.0,1.2857142857142858,0
443,False,12,Apartamento,4,Moderado,36.91666666666666,110.75,3.0,0
558,False,12,Apartamento,10,Ineficiente,46.5,55.8,1.2,0
644,True,17,Casa,2,Ineficiente,37.88235294117647,322.0,8.5,1
550,True,14,Casa,4,Ineficiente,39.285714285714285,137.5,3.5,1
463,True,3,Apartamento,4,Ineficiente,154.33333333333334,115.75,0.75,1
496,True,6,Casa,6,Ineficiente,82.66666666666667,82.66666666666667,1.0,1
387,True,4,Casa,7,Moderado,96.75,55.285714285714285,0.5714285714285714,1
446,False,11,Apartamento,3,Moderado,40.54545454545455,148.66666666666666,3.6666666666666665,0
80,True,7,Apartamento,10,Moderado,11.428571428571429,8.0,0.7,1
123,True,5,Casa,1,Eficiente,24.6,123.0,5.0,1
177,True,6,Casa,3,Eficiente,29.5,59.0,2.0,1
344,True,8,Casa,9,Moderado,43.0,38.22222222222222,0.8888888888888888,1
219,False,12,Casa,1,Eficiente,18.25,219.0,12.0,0
560,True,3,Casa,8,Ineficiente,186.66666666666663,70.0,0.375,1
316,True,9,Casa,2,Moderado,35.111111111111114,158.0,4.5,1
151,False,10,Comércio,6,Eficiente,15.1,25.166666666666668,1.6666666666666667,0
269,True,9,Apartamento,3,Eficiente,29.88888888888889,89.66666666666667,3.0,1
347,True,9,Casa,7,Moderado,38.55555555555556,49.57142857142857,1.2857142857142858,1
400,True,11,Casa,2,Moderado,36.36363636363637,200.0,5.5,1
186,True,15,Apartamento,4,Moderado,12.4,46.5,3.75,1
311,True,6,Casa,10,Moderado,51.833333333333336,31.1,0.6,1
121,True,16,Apartamento,9,Moderado,7.5625,13.444444444444445,1.7777777777777777,1
218,False,9,Comércio,6,Eficiente,24.22222222222222,36.333333333333336,1.5,0
694,True,11,Apartamento,4,Ineficiente,63.09090909090909,173.5,2.75,1
352,False,17,Casa,2,Moderado,20.705882352941178,176.0,8.5,0
560,False,7,Apartamento,10,Ineficiente,80.0,56.0,0.7,0
495,True,4,Comércio,9,Ineficiente,123.75,55.0,0.4444444444444444,1
585,True,17,Apartamento,4,Ineficiente,34.411764705882355,146.25,4.25,1
503,True,7,Apartamento,9,Ineficiente,71.85714285714286,55.888888888888886,0.7777777777777778,1
486,False,6,Casa,2,Moderado,81.0,243.0,3.0,0
647,False,10,Casa,7,Ineficiente,64.7,92.42857142857144,1.4285714285714286,0
469,False,17,Apartamento,11,Ineficiente,27.58823529411765,42.63636363636363,1.5454545454545454,0
421,True,7,Comércio,11,Ineficiente,60.142857142857146,38.27272727272727,0.6363636363636364,1
693,False,11,Apartamento,5,Ineficiente,63.0,138.6,2.2,0
572,True,11,Apartamento,8,Ineficiente,52.0,71.5,1.375,1
271,True,5,Casa,11,Moderado,54.2,24.63636363636364,0.4545454545454545,1
578,True,15,Casa,8,Ineficiente,38.53333333333333,72.25,1.875,1
312,True,12,Apartamento,4,Moderado,26.0,78.0,3.0,1
306,True,17,Casa,4,Moderado,18.0,76.5,4.25,1
450,False,8,Apartamento,8,Moderado,56.25,56.25,1.0,0
218,False,8,Casa,3,Eficiente,27.25,72.66666666666667,2.6666666666666665,0
228,False,6,Apartamento,7,Eficiente,38.0,32.57142857142857,0.8571428571428571,0
194,True,13,Apartamento,8,Moderado,14.923076923076923,24.25,1.625,1
529,False,15,Apartamento,8,Ineficiente,35.266666666666666,66.125,1.875,0
142,True,12,Casa,11,Moderado,11.833333333333334,12.909090909090908,1.0909090909090908,1
183,True,5,Apartamento,10,Moderado,36.6,18.3,0.5,1
352,True,3,Comércio,4,Moderado,117.33333333333331,88.0,0.75,1
85,True,14,Apartamento,9,Moderado,6.071428571428571,9.444444444444445,1.5555555555555556,1
226,True,9,Casa,10,Moderado,25.11111111111111,22.6,0.9,1
263,True,17,Casa,4,Moderado,15.470588235294118,65.75,4.25,1
107,False,17,Casa,8,Moderado,6.294117647058823,13.375,2.125,0
629,False,7,Casa,6,Moderado,89.85714285714286,104.83333333333331,1.1666666666666667,0
198,True,16,Apartamento,5,Moderado,12.375,39.6,3.2,1
372,False,12,Apartamento,4,Moderado,31.0,93.0,3.0,0
450,False,17,Casa,5,Moderado,26.47058823529412,90.0,3.4,0
323,True,9,Casa,11,Moderado,35.888888888888886,29.363636363636363,0.8181818181818182,1
659,False,3,Casa,1,Moderado,219.66666666666663,659.0,3.0,0
297,True,10,Comércio,7,Moderado,29.7,42.42857142857143,1.4285714285714286,1
256,False,5,Apartamento,8,Eficiente,51.2,32.0,0.625,0
378,False,9,Apartamento,9,Moderado,42.0,42.0,1.0,0
137,False,14,Casa,3,Eficiente,9.785714285714286,45.66666666666666,4.666666666666667,0
348,False,5,Apartamento,9,Moderado,69.6,38.66666666666666,0.5555555555555556,0
387,False,16,Casa,10,Moderado,24.1875,38.7,1.6,0
649,False,5,Casa,5,Moderado,129.8,129.8,1.0,0
367,True,12,Apartamento,10,Ineficiente,30.58333333333333,36.7,1.2,1
184,True,11,Apartamento,6,Moderado,16.727272727272727,30.666666666666668,1.8333333333333333,1
307,True,15,Casa,1,Moderado,20.466666666666665,307.0,15.0,1
326,True,4,Casa,9,Moderado,81.5,36.22222222222222,0.4444444444444444,1
573,True,16,Casa,9,Ineficiente,35.8125,63.66666666666666,1.7777777777777777,1
162,False,6,Casa,6,Eficiente,27.0,27.0,1.0,0
265,True,8,Apartamento,8,Moderado,33.125,33.125,1.0,1
331,False,16,Comércio,4,Moderado,20.6875,82.75,4.0,0
434,False,5,Casa,5,Eficiente,86.8,86.8,1.0,0
289,False,14,Casa,5,Eficiente,20.642857142857142,57.8,2.8,0
688,False,12,Casa,7,Ineficiente,57.333333333333336,98.28571428571428,1.7142857142857142,0
526,True,16,Apartamento,7,Ineficiente,32.875,75.14285714285714,2.2857142857142856,1
539,False,12,Casa,7,Ineficiente,44.91666666666666,77.0,1.7142857142857142,0
551,True,9,Apartamento,5,Ineficiente,61.22222222222222,110.2,1.8,1
449,True,9,Casa,4,Moderado,49.888888888888886,112.25,2.25,1
571,True,17,Apartamento,8,Ineficiente,33.588235294117645,71.375,2.125,1
216,True,7,Comércio,1,Eficiente,30.857142857142858,216.0,7.0,1
446,False,5,Comércio,1,Eficiente,89.2,446.0,5.0,0
263,True,4,Comércio,6,Eficiente,65.75,43.833333333333336,0.6666666666666666,1
667,True,17,Apartamento,2,Ineficiente,39.23529411764706,333.5,8.5,1
366,False,17,Comércio,3,Moderado,21.529411764705884,122.0,5.666666666666667,0
551,False,6,Casa,4,Moderado,91.83333333333331,137.75,1.5,0
454,True,16,Casa,2,Ineficiente,28.375,227.0,8.0,1
616,False,17,Casa,10,Ineficiente,36.23529411764706,61.6,1.7,0
590,False,15,Apartamento,7,Ineficiente,39.333333333333336,84.28571428571429,2.142857142857143,0
658,False,6,Comércio,10,Ineficiente,109.66666666666669,65.8,0.6,0
329,True,13,Casa,1,Moderado,25.307692307692307,329.0,13.0,1
589,True,10,Apartamento,3,Ineficiente,58.9,196.33333333333331,3.333333333333333,1
152,True,10,Apartamento,2,Eficiente,15.2,76.0,5.0,1
361,True,15,Comércio,9,Ineficiente,24.066666666666663,40.11111111111112,1.6666666666666667,1
439,False,7,Apartamento,8,Moderado,62.71428571428572,54.875,0.875,0
89,True,15,Comércio,3,Moderado,5.933333333333334,29.666666666666668,5.0,1
290,False,8,Casa,5,Eficiente,36.25,58.0,1.6,0
231,True,10,Casa,3,Eficiente,23.1,77.0,3.333333333333333,1
84,False,17,Apartamento,11,Moderado,4.941176470588236,7.636363636363637,1.5454545454545454,0
274,True,3,Casa,11,Moderado,91.33333333333331,24.90909090909091,0.2727272727272727,1
362,False,7,Casa,11,Moderado,51.71428571428572,32.90909090909091,0.6363636363636364,0
543,False,6,Apartamento,6,Moderado,90.5,90.5,1.0,0
192,False,6,Apartamento,5,Eficiente,32.0,38.4,1.2,0
350,True,13,Apartamento,11,Ineficiente,26.923076923076923,31.818181818181817,1.181818181818182,1
242,True,4,Casa,2,Eficiente,60.5,121.0,2.0,1
539,False,12,Apartamento,10,Ineficiente,44.91666666666666,53.9,1.2,0
184,True,3,Casa,8,Moderado,61.333333333333336,23.0,0.375,1
635,True,16,Casa,6,Ineficiente,39.6875,105.83333333333331,2.6666666666666665,1
361,True,17,Apartamento,3,Moderado,21.235294117647054,120.33333333333331,5.666666666666667,1
241,True,8,Casa,1,Eficiente,30.125,241.0,8.0,1
430,True,9,Casa,5,Moderado,47.77777777777778,86.0,1.8,1
513,True,7,Apartamento,11,Ineficiente,73.28571428571429,46.63636363636363,0.6363636363636364,1
219,True,17,Casa,2,Moderado,12.882352941176473,109.5,8.5,1
550,True,10,Comércio,2,Ineficiente,55.0,275.0,5.0,1
211,False,11,Apartamento,9,Moderado,19.181818181818183,23.444444444444443,1.2222222222222223,0
166,True,13,Comércio,11,Ineficiente,12.76923076923077,15.090909090909092,1.181818181818182,1
262,True,13,Casa,10,Moderado,20.153846153846157,26.2,1.3,1
447,False,4,Apartamento,7,Moderado,111.75,63.85714285714285,0.5714285714285714,0
208,False,13,Casa,6,Eficiente,16.0,34.666666666666664,2.1666666666666665,0
325,False,15,Apartamento,1,Moderado,21.666666666666668,325.0,15.0,0
680,False,6,Casa,10,Ineficiente,113.33333333333331,68.0,0.6,0
657,True,13,Casa,2,Ineficiente,50.53846153846154,328.5,6.5,1
457,False,11,Comércio,11,Ineficiente,41.54545454545455,41.54545454545455,1.0,0
228,True,7,Casa,7,Moderado,32.57142857142857,32.57142857142857,1.0,1
512,False,5,Casa,3,Moderado,102.4,170.66666666666666,1.6666666666666667,0
548,True,8,Casa,2,Ineficiente,68.5,274.0,4.0,1
525,False,17,Apartamento,6,Ineficiente,30.88235294117647,87.5,2.833333333333333,0
560,True,5,Casa,8,Ineficiente,112.0,70.0,0.625,1
373,True,16,Casa,8,Ineficiente,23.3125,46.625,2.0,1
222,False,7,Casa,11,Eficiente,31.714285714285715,20.181818181818183,0.6363636363636364,0
329,True,5,Apartamento,2,Moderado,65.8,164.5,2.5,1
381,True,8,Apartamento,6,Moderado,47.625,63.5,1.3333333333333333,1
104,True,14,Casa,5,Moderado,7.428571428571429,20.8,2.8,1
149,True,12,Casa,7,Moderado,12.416666666666666,21.285714285714285,1.7142857142857142,1
191,True,7,Casa,4,Eficiente,27.285714285714285,47.75,1.75,1
443,False,16,Casa,2,Moderado,27.6875,221.5,8.0,0
382,True,11,Casa,10,Ineficiente,34.72727272727273,38.2,1.1,1
550,True,5,Apartamento,3,Ineficiente,110.0,183.33333333333331,1.6666666666666667,1
170,True,8,Apartamento,9,Moderado,21.25,18.88888888888889,0.8888888888888888,1
609,False,10,Comércio,10,Ineficiente,60.9,60.9,1.0,0
271,False,9,Casa,8,Eficiente,30.11111111111111,33.875,1.125,0
631,False,8,Apartamento,9,Ineficiente,78.875,70.11111111111111,0.8888888888888888,0
321,False,16,Apartamento,5,Moderado,20.0625,64.2,3.2,0
217,False,17,Apartamento,5,Eficiente,12.764705882352942,43.4,3.4,0
424,False,4,Comércio,7,Moderado,106.0,60.57142857142857,0.5714285714285714,0
259,False,17,Casa,7,Moderado,15.235294117647058,37.0,2.4285714285714284,0
582,True,9,Casa,1,Ineficiente,64.66666666666667,582.0,9.0,1
282,False,10,Apartamento,5,Eficiente,28.2,56.4,2.0,0
652,True,3,Casa,8,Ineficiente,217.33333333333331,81.5,0.375,1
271,False,17,Casa,7,Moderado,15.941176470588236,38.71428571428572,2.4285714285714284,0
84,False,11,Casa,11,Moderado,7.636363636363637,7.636363636363637,1.0,0
316,False,6,Casa,2,Eficiente,52.66666666666666,158.0,3.0,0
390,False,10,Apartamento,8,Moderado,39.0,48.75,1.25,0
628,True,17,Casa,2,Ineficiente,36.94117647058823,314.0,8.5,1
135,True,12,Casa,10,Moderado,11.25,13.5,1.2,1
522,True,9,Apartamento,1,Ineficiente,58.0,522.0,9.0,1
316,False,16,Apartamento,11,Moderado,19.75,28.727272727272727,1.4545454545454546,0
276,False,15,Comércio,11,Moderado,18.4,25.09090909090909,1.3636363636363635,0
664,False,12,Casa,11,Ineficiente,55.333333333333336,60.36363636363637,1.0909090909090908,0
650,False,9,Comércio,3,Moderado,72.22222222222223,216.66666666666663,3.0,0
593,False,4,Apartamento,3,Moderado,148.25,197.66666666666663,1.3333333333333333,0
528,False,3,Apartamento,6,Moderado,176.0,88.0,0.5,0
439,False,6,Casa,3,Eficiente,73.16666666666667,146.33333333333334,2.0,0
109,False,14,Apartamento,7,Moderado,7.785714285714286,15.571428571428571,2.0,0
187,False,4,Comércio,8,Eficiente,46.75,23.375,0.5,0
681,True,10,Comércio,3,Ineficiente,68.1,227.0,3.333333333333333,1
524,False,12,Casa,9,Ineficiente,43.66666666666666,58.22222222222222,1.3333333333333333,0
517,True,9,Casa,1,Ineficiente,57.44444444444444,517.0,9.0,1
685,True,10,Apartamento,3,Ineficiente,68.5,228.33333333333331,3.333333333333333,1
536,False,13,Comércio,3,Ineficiente,41.23076923076923,178.66666666666666,4.333333333333333,0
694,True,8,Casa,7,Ineficiente,86.75,99.14285714285714,1.1428571428571428,1
574,False,3,Apartamento,11,Ineficiente,191.33333333333331,52.18181818181818,0.2727272727272727,0
326,True,16,Apartamento,11,Ineficiente,20.375,29.63636363636364,1.4545454545454546,1
622,True,15,Apartamento,5,Ineficiente,41.46666666666667,124.4,3.0,1
643,True,15,Apartamento,4,Ineficiente,42.86666666666667,160.75,3.75,1
667,True,14,Casa,2,Ineficiente,47.642857142857146,333.5,7.0,1
518,True,11,Comércio,7,Ineficiente,47.09090909090909,74.0,1.5714285714285714,1
357,True,8,Apartamento,3,Moderado,44.625,119.0,2.6666666666666665,1
631,True,14,Apartamento,7,Ineficiente,45.07142857142857,90.14285714285714,2.0,1
692,True,15,Casa,10,Ineficiente,46.13333333333333,69.2,1.5,1
190,True,12,Apartamento,7,Moderado,15.833333333333334,27.142857142857142,1.7142857142857142,1
464,False,3,Casa,11,Ineficiente,154.66666666666666,42.18181818181818,0.2727272727272727,0
270,True,3,Casa,2,Eficiente,90.0,135.0,1.5,1
569,False,10,Apartamento,7,Ineficiente,56.9,81.28571428571429,1.4285714285714286,0
505,False,8,Apartamento,6,Moderado,63.125,84.16666666666667,1.3333333333333333,0
484,True,10,Apartamento,10,Ineficiente,48.4,48.4,1.0,1
414,False,10,Casa,4,Eficiente,41.4,103.5,2.5,0
288,False,17,Apartamento,11,Moderado,16.941176470588236,26.181818181818183,1.5454545454545454,0
101,False,13,Casa,5,Eficiente,7.769230769230769,20.2,2.6,0
690,True,16,Apartamento,8,Ineficiente,43.125,86.25,2.0,1
287,False,10,Casa,5,Eficiente,28.7,57.4,2.0,0
87,False,12,Apartamento,3,Eficiente,7.25,29.0,4.0,0
608,True,17,Apartamento,2,Ineficiente,35.76470588235294,304.0,8.5,1
681,True,9,Casa,6,Ineficiente,75.66666666666667,113.5,1.5,1
245,True,9,Casa,6,Eficiente,27.22222222222222,40.833333333333336,1.5,1
575,False,12,Apartamento,7,Ineficiente,47.91666666666666,82.14285714285714,1.7142857142857142,0
669,True,6,Apartamento,8,Ineficiente,111.5,83.625,0.75,1
508,False,11,Apartamento,4,Ineficiente,46.18181818181818,127.0,2.75,0
242,True,14,Apartamento,8,Moderado,17.285714285714285,30.25,1.75,1
445,False,4,Casa,1,Eficiente,111.25,445.0,4.0,0
605,True,13,Casa,6,Ineficiente,46.53846153846154,100.83333333333331,2.1666666666666665,1
318,True,11,Casa,6,Moderado,28.90909090909091,53.0,1.8333333333333333,1
151,False,12,Casa,3,Eficiente,12.583333333333334,50.333333333333336,4.0,0
524,True,5,Apartamento,9,Ineficiente,104.8,58.22222222222222,0.5555555555555556,1
588,True,16,Casa,5,Ineficiente,36.75,117.6,3.2,1
348,True,15,Comércio,1,Ineficiente,23.2,348.0,15.0,1
494,True,17,Apartamento,7,Ineficiente,29.058823529411764,70.57142857142857,2.4285714285714284,1
324,False,4,Comércio,10,Moderado,81.0,32.4,0.4,0
139,False,15,Comércio,3,Eficiente,9.266666666666667,46.333333333333336,5.0,0
85,True,6,Casa,10,Moderado,14.166666666666666,8.5,0.6,1
649,True,7,Apartamento,10,Ineficiente,92.71428571428572,64.9,0.7,1
486,True,4,Casa,11,Ineficiente,121.5,44.18181818181818,0.3636363636363636,1
296,False,15,Casa,4,Eficiente,19.73333333333333,74.0,3.75,0
105,True,17,Apartamento,6,Moderado,6.176470588235294,17.5,2.833333333333333,1
84,True,3,Casa,8,Moderado,28.0,10.5,0.375,1
611,True,12,Comércio,4,Ineficiente,50.91666666666666,152.75,3.0,1
469,False,13,Apartamento,9,Ineficiente,36.07692307692308,52.11111111111112,1.4444444444444444,0
650,True,7,Apartamento,8,Ineficiente,92.85714285714286,81.25,0.875,1
527,False,11,Casa,10,Ineficiente,47.90909090909091,52.7,1.1,0
225,True,17,Apartamento,10,Moderado,13.235294117647058,22.5,1.7,1
467,True,14,Casa,6,Ineficiente,33.357142857142854,77.83333333333333,2.333333333333333,1
328,True,14,Apartamento,7,Ineficiente,23.428571428571427,46.85714285714285,2.0,1
605,True,17,Casa,8,Ineficiente,35.588235294117645,75.625,2.125,1
541,True,7,Apartamento,2,Ineficiente,77.28571428571429,270.5,3.5,1
92,True,14,Casa,5,Moderado,6.571428571428571,18.4,2.8,1
463,True,13,Casa,7,Ineficiente,35.61538461538461,66.14285714285714,1.8571428571428568,1
635,True,12,Apartamento,8,Ineficiente,52.91666666666666,79.375,1.5,1
478,True,11,Casa,5,Ineficiente,43.45454545454545,95.6,2.2,1
98,False,16,Apartamento,3,Eficiente,6.125,32.666666666666664,5.333333333333333,0
654,True,15,Casa,6,Ineficiente,43.6,109.0,2.5,1
570,False,14,Casa,5,Ineficiente,40.71428571428572,114.0,2.8,0
498,True,12,Apartamento,8,Ineficiente,41.5,62.25,1.5,1
416,True,8,Casa,9,Moderado,52.0,46.22222222222222,0.8888888888888888,1
498,True,5,Casa,9,Ineficiente,99.6,55.333333333333336,0.5555555555555556,1
691,True,6,Apartamento,6,Ineficiente,115.16666666666669,115.16666666666669,1.0,1
201,True,6,Casa,4,Eficiente,33.5,50.25,1.5,1
511,True,3,Casa,4,Ineficiente,170.33333333333334,127.75,0.75,1
123,False,5,Casa,9,Eficiente,24.6,13.666666666666666,0.5555555555555556,0
396,True,5,Casa,4,Moderado,79.2,99.0,1.25,1
460,True,15,Apartamento,8,Ineficiente,30.666666666666668,57.5,1.875,1
224,True,16,Casa,9,Moderado,14.0,24.88888888888889,1.7777777777777777,1
406,False,3,Apartamento,5,Eficiente,135.33333333333334,81.2,0.6,0
442,False,15,Casa,6,Moderado,29.466666666666665,73.66666666666667,2.5,0
129,True,11,Casa,3,Moderado,11.727272727272728,43.0,3.6666666666666665,1
144,True,13,Casa,5,Moderado,11.076923076923077,28.8,2.6,1
434,True,3,Apartamento,5,Moderado,144.66666666666666,86.8,0.6,1
243,True,11,Comércio,2,Moderado,22.09090909090909,121.5,5.5,1
220,False,3,Apartamento,10,Eficiente,73.33333333333333,22.0,0.3,0
207,False,4,Comércio,6,Eficiente,51.75,34.5,0.6666666666666666,0
477,True,4,Casa,9,Ineficiente,119.25,53.0,0.4444444444444444,1
542,True,16,Casa,11,Ineficiente,33.875,49.27272727272727,1.4545454545454546,1
266,False,8,Casa,7,Eficiente,33.25,38.0,1.1428571428571428,0
269,True,9,Casa,8,Moderado,29.88888888888889,33.625,1.125,1
467,True,13,Casa,2,Ineficiente,35.92307692307692,233.5,6.5,1
508,False,3,Casa,11,Ineficiente,169.33333333333334,46.18181818181818,0.2727272727272727,0
363,True,5,Casa,9,Moderado,72.6,40.333333333333336,0.5555555555555556,1
316,True,4,Casa,3,Moderado,79.0,105.33333333333331,1.3333333333333333,1
273,True,10,Casa,10,Moderado,27.3,27.3,1.0,1
366,False,11,Casa,5,Moderado,33.27272727272727,73.2,2.2,0
215,True,15,Comércio,7,Ineficiente,14.333333333333334,30.714285714285715,2.142857142857143,1
250,False,4,Casa,4,Eficiente,62.5,62.5,1.0,0
238,False,4,Apartamento,7,Eficiente,59.5,34.0,0.5714285714285714,0
280,True,12,Apartamento,8,Moderado,23.33333333333333,35.0,1.5,1
566,True,17,Casa,10,Ineficiente,33.294117647058826,56.6,1.7,1
636,True,11,Casa,10,Ineficiente,57.81818181818182,63.6,1.1,1
662,True,16,Casa,4,Ineficiente,41.375,165.5,4.0,1
583,False,6,Apartamento,5,Moderado,97.16666666666669,116.6,1.2,0
450,False,7,Casa,11,Moderado,64.28571428571429,40.90909090909091,0.6363636363636364,0
182,True,15,Casa,3,Moderado,12.133333333333333,60.66666666666666,5.0,1
204,False,13,Casa,5,Eficiente,15.692307692307692,40.8,2.6,0
392,True,11,Comércio,8,Ineficiente,35.63636363636363,49.0,1.375,1
537,False,8,Casa,3,Moderado,67.125,179.0,2.6666666666666665,0
309,False,12,Apartamento,5,Moderado,25.75,61.8,2.4,0
276,True,14,Apartamento,10,Moderado,19.714285714285715,27.6,1.4,1
502,True,11,Comércio,1,Ineficiente,45.63636363636363,502.0,11.0,1
651,False,11,Apartamento,2,Ineficiente,59.18181818181818,325.5,5.5,0
689,False,9,Apartamento,3,Moderado,76.55555555555556,229.66666666666663,3.0,0
250,True,16,Comércio,1,Moderado,15.625,250.0,16.0,1
461,True,14,Apartamento,11,Ineficiente,32.92857142857143,41.90909090909091,1.2727272727272727,1
252,False,12,Casa,11,Moderado,21.0,22.90909090909091,1.0909090909090908,0
532,True,11,Casa,9,Ineficiente,48.36363636363637,59.11111111111112,1.2222222222222223,1
429,True,7,Apartamento,9,Moderado,61.285714285714285,47.66666666666666,0.7777777777777778,1
573,True,7,Apartamento,5,Ineficiente,81.85714285714286,114.6,1.4,1
699,True,14,Apartamento,4,Ineficiente,49.92857142857143,174.75,3.5,1
83,True,10,Apartamento,5,Eficiente,8.3,16.6,2.0,1
172,False,12,Apartamento,4,Eficiente,14.333333333333334,43.0,3.0,0
85,False,6,Casa,5,Eficiente,14.166666666666666,17.0,1.2,0
367,True,11,Apartamento,7,Ineficiente,33.36363636363637,52.42857142857143,1.5714285714285714,1
697,True,9,Casa,11,Ineficiente,77.44444444444444,63.36363636363637,0.8181818181818182,1
225,True,9,Comércio,8,Moderado,25.0,28.125,1.125,1
503,True,15,Apartamento,2,Ineficiente,33.53333333333333,251.5,7.5,1
687,False,17,Apartamento,4,Ineficiente,40.41176470588236,171.75,4.25,0
536,True,5,Casa,8,Ineficiente,107.2,67.0,0.625,1
281,False,6,Casa,7,Eficiente,46.833333333333336,40.142857142857146,0.8571428571428571,0
291,True,9,Casa,9,Moderado,32.333333333333336,32.333333333333336,1.0,1
85,False,13,Apartamento,5,Eficiente,6.538461538461538,17.0,2.6,0
455,True,13,Apartamento,6,Ineficiente,35.0,75.83333333333333,2.1666666666666665,1
526,True,16,Casa,11,Ineficiente,32.875,47.81818181818182,1.4545454545454546,1
185,True,7,Apartamento,8,Moderado,26.428571428571427,23.125,0.875,1
480,False,14,Apartamento,11,Ineficiente,34.285714285714285,43.63636363636363,1.2727272727272727,0
175,False,5,Casa,5,Eficiente,35.0,35.0,1.0,0
467,False,3,Apartamento,9,Ineficiente,155.66666666666666,51.888888888888886,0.3333333333333333,0
531,False,9,Apartamento,4,Moderado,59.0,132.75,2.25,0
495,False,8,Apartamento,8,Ineficiente,61.875,61.875,1.0,0
583,True,12,Apartamento,3,Ineficiente,48.583333333333336,194.33333333333331,4.0,1
533,True,17,Apartamento,5,Ineficiente,31.352941176470587,106.6,3.4,1
370,False,9,Comércio,8,Moderado,41.11111111111112,46.25,1.125,0
613,False,17,Casa,10,Ineficiente,36.05882352941177,61.3,1.7,0
272,False,16,Apartamento,7,Moderado,17.0,38.85714285714285,2.2857142857142856,0
229,True,4,Casa,1,Eficiente,57.25,229.0,4.0,1
594,True,15,Casa,4,Ineficiente,39.6,148.5,3.75,1
472,False,14,Casa,2,Ineficiente,33.714285714285715,236.0,7.0,0
395,False,6,Casa,2,Eficiente,65.83333333333333,197.5,3.0,0
155,True,4,Comércio,7,Moderado,38.75,22.142857142857142,0.5714285714285714,1
678,False,10,Comércio,3,Moderado,67.8,226.0,3.333333333333333,0
349,False,9,Casa,3,Eficiente,38.77777777777778,116.33333333333331,3.0,0
304,True,3,Apartamento,6,Moderado,101.33333333333331,50.66666666666666,0.5,1
609,False,4,Apartamento,6,Moderado,152.25,101.5,0.6666666666666666,0
192,False,4,Apartamento,1,Eficiente,48.0,192.0,4.0,0
330,False,6,Apartamento,1,Eficiente,55.0,330.0,6.0,0
312,False,5,Casa,11,Moderado,62.4,28.363636363636363,0.4545454545454545,0
162,True,3,Apartamento,6,Eficiente,54.0,27.0,0.5,1
204,True,14,Apartamento,7,Moderado,14.571428571428571,29.142857142857142,2.0,1
254,True,16,Apartamento,9,Moderado,15.875,28.22222222222222,1.7777777777777777,1
148,True,4,Comércio,4,Eficiente,37.0,37.0,1.0,1
126,True,13,Comércio,10,Ineficiente,9.692307692307692,12.6,1.3,1
335,True,11,Apartamento,6,Moderado,30.454545454545453,55.833333333333336,1.8333333333333333,1
109,True,15,Apartamento,3,Moderado,7.266666666666667,36.333333333333336,5.0,1
360,True,3,Comércio,11,Ineficiente,120.0,32.72727272727273,0.2727272727272727,1
316,True,11,Casa,4,Moderado,28.727272727272727,79.0,2.75,1
327,False,9,Casa,9,Moderado,36.333333333333336,36.333333333333336,1.0,0
447,True,4,Casa,1,Moderado,111.75,447.0,4.0,1
574,False,4,Comércio,5,Moderado,143.5,114.8,0.8,0
104,True,7,Apartamento,11,Moderado,14.857142857142858,9.454545454545457,0.6363636363636364,1
665,True,15,Casa,7,Ineficiente,44.333333333333336,95.0,2.142857142857143,1
569,False,7,Comércio,3,Moderado,81.28571428571429,189.66666666666663,2.333333333333333,0
573,True,6,Apartamento,2,Ineficiente,95.5,286.5,3.0,1
393,True,14,Comércio,11,Ineficiente,28.071428571428573,35.72727272727273,1.2727272727272727,1
685,True,12,Casa,2,Ineficiente,57.083333333333336,342.5,6.0,1
454,True,12,Apartamento,1,Ineficiente,37.833333333333336,454.0,12.0,1
104,True,15,Apartamento,5,Moderado,6.933333333333334,20.8,3.0,1
413,True,14,Apartamento,3,Moderado,29.5,137.66666666666666,4.666666666666667,1
434,True,5,Apartamento,11,Moderado,86.8,39.45454545454545,0.4545454545454545,1
195,False,6,Apartamento,7,Eficiente,32.5,27.857142857142858,0.8571428571428571,0
127,False,12,Casa,1,Eficiente,10.583333333333334,127.0,12.0,0
178,True,6,Apartamento,9,Moderado,29.666666666666668,19.77777777777778,0.6666666666666666,1
538,True,4,Casa,2,Ineficiente,134.5,269.0,2.0,1
602,True,7,Casa,8,Ineficiente,86.0,75.25,0.875,1
676,True,17,Casa,10,Ineficiente,39.76470588235294,67.6,1.7,1
484,True,7,Casa,4,Ineficiente,69.14285714285714,121.0,1.75,1
293,False,7,Casa,6,Eficiente,41.85714285714285,48.833333333333336,1.1666666666666667,0
582,True,13,Apartamento,9,Ineficiente,44.76923076923077,64.66666666666667,1.4444444444444444,1
527,False,17,Apartamento,7,Ineficiente,31.0,75.28571428571429,2.4285714285714284,0
655,True,13,Casa,8,Ineficiente,50.38461538461539,81.875,1.625,1
337,False,12,Apartamento,7,Moderado,28.08333333333333,48.142857142857146,1.7142857142857142,0
200,False,3,Casa,2,Eficiente,66.66666666666667,100.0,1.5,0
133,False,8,Casa,9,Eficiente,16.625,14.77777777777778,0.8888888888888888,0
410,True,13,Apartamento,1,Moderado,31.53846153846154,410.0,13.0,1
320,False,4,Apartamento,2,Eficiente,80.0,160.0,2.0,0
609,False,9,Apartamento,3,Moderado,67.66666666666667,203.0,3.0,0
562,False,6,Casa,3,Moderado,93.66666666666669,187.33333333333331,2.0,0
266,True,17,Apartamento,10,Moderado,15.647058823529411,26.6,1.7,1
341,False,7,Apartamento,4,Eficiente,48.71428571428572,85.25,1.75,0
443,True,7,Comércio,5,Moderado,63.285714285714285,88.6,1.4,1
570,False,7,Casa,6,Moderado,81.42857142857143,95.0,1.1666666666666667,0
510,False,4,Apartamento,1,Moderado,127.5,510.0,4.0,0
318,True,7,Apartamento,8,Moderado,45.42857142857143,39.75,0.875,1
383,True,5,Comércio,6,Moderado,76.6,63.833333333333336,0.8333333333333334,1
377,True,6,Casa,10,Moderado,62.833333333333336,37.7,0.6,1
155,False,15,Apartamento,9,Moderado,10.333333333333334,17.22222222222222,1.6666666666666667,0
412,True,4,Casa,5,Moderado,103.0,82.4,0.8,1
553,True,6,Apartamento,7,Ineficiente,92.16666666666669,79.0,0.8571428571428571,1
362,True,15,Casa,11,Ineficiente,24.133333333333333,32.90909090909091,1.3636363636363635,1
670,False,11,Casa,4,Ineficiente,60.90909090909091,167.5,2.75,0
151,True,10,Apartamento,6,Eficiente,15.1,25.166666666666668,1.6666666666666667,1
342,False,15,Casa,6,Moderado,22.8,57.0,2.5,0
654,True,16,Casa,4,Ineficiente,40.875,163.5,4.0,1
91,False,17,Casa,6,Eficiente,5.352941176470588,15.166666666666666,2.833333333333333,0
220,False,13,Casa,8,Moderado,16.923076923076923,27.5,1.625,0
634,True,14,Comércio,11,Ineficiente,45.285714285714285,57.63636363636363,1.2727272727272727,1
96,True,5,Apartamento,5,Eficiente,19.2,19.2,1.0,1
142,False,3,Apartamento,2,Eficiente,47.333333333333336,71.0,1.5,0
332,True,3,Casa,9,Moderado,110.66666666666669,36.888888888888886,0.3333333333333333,1
544,True,8,Comércio,11,Ineficiente,68.0,49.45454545454545,0.7272727272727273,1
455,False,5,Apartamento,4,Moderado,91.0,113.75,1.25,0
599,False,6,Apartamento,4,Moderado,99.83333333333331,149.75,1.5,0
169,False,3,Apartamento,11,Eficiente,56.333333333333336,15.363636363636363,0.2727272727272727,0
254,True,10,Apartamento,7,Moderado,25.4,36.285714285714285,1.4285714285714286,1
155,True,3,Apartamento,10,Moderado,51.66666666666666,15.5,0.3,1
692,True,7,Casa,10,Ineficiente,98.85714285714286,69.2,0.7,1
479,False,8,Casa,6,Moderado,59.875,79.83333333333333,1.3333333333333333,0
150,False,17,Apartamento,4,Eficiente,8.823529411764707,37.5,4.25,0
259,False,4,Apartamento,6,Eficiente,64.75,43.16666666666666,0.6666666666666666,0
203,True,9,Casa,3,Eficiente,22.55555555555556,67.66666666666667,3.0,1
460,False,9,Casa,7,Ineficiente,51.11111111111112,65.71428571428571,1.2857142857142858,0
372,True,3,Apartamento,6,Moderado,124.0,62.0,0.5,1
274,True,6,Apartamento,3,Eficiente,45.66666666666666,91.33333333333331,2.0,1
307,False,14,Casa,1,Moderado,21.928571428571427,307.0,14.0,0
510,True,15,Casa,10,Ineficiente,34.0,51.0,1.5,1
515,False,6,Apartamento,5,Moderado,85.83333333333333,103.0,1.2,0
540,False,7,Apartamento,10,Ineficiente,77.14285714285714,54.0,0.7,0
697,False,3,Casa,2,Moderado,232.33333333333331,348.5,1.5,0
100,False,3,Apartamento,7,Eficiente,33.333333333333336,14.285714285714286,0.4285714285714285,0
143,False,9,Apartamento,7,Eficiente,15.88888888888889,20.428571428571427,1.2857142857142858,0
244,True,11,Apartamento,4,Moderado,22.181818181818183,61.0,2.75,1
106,True,3,Comércio,6,Eficiente,35.333333333333336,17.666666666666668,0.5,1
390,True,4,Comércio,1,Moderado,97.5,390.0,4.0,1
364,True,8,Casa,2,Moderado,45.5,182.0,4.0,1
360,False,17,Casa,6,Moderado,21.176470588235293,60.0,2.833333333333333,0
243,False,17,Casa,2,Eficiente,14.294117647058824,121.5,8.5,0
303,True,8,Casa,11,Moderado,37.875,27.545454545454547,0.7272727272727273,1
225,True,4,Casa,4,Eficiente,56.25,56.25,1.0,1
109,True,11,Casa,4,Moderado,9.909090909090908,27.25,2.75,1
124,False,6,Comércio,10,Eficiente,20.666666666666668,12.4,0.6,0
550,False,15,Comércio,9,Ineficiente,36.66666666666666,61.11111111111112,1.6666666666666667,0
113,False,9,Apartamento,10,Eficiente,12.555555555555555,11.3,0.9,0
506,True,8,Apartamento,7,Ineficiente,63.25,72.28571428571429,1.1428571428571428,1
300,True,13,Casa,7,Moderado,23.07692307692308,42.85714285714285,1.8571428571428568,1
613,False,15,Casa,11,Ineficiente,40.86666666666667,55.72727272727273,1.3636363636363635,0
446,False,13,Casa,1,Moderado,34.30769230769231,446.0,13.0,0
629,True,5,Apartamento,11,Ineficiente,125.8,57.18181818181818,0.4545454545454545,1
661,False,10,Casa,5,Moderado,66.1,132.2,2.0,0
195,True,9,Comércio,3,Eficiente,21.666666666666668,65.0,3.0,1
318,False,11,Apartamento,3,Moderado,28.90909090909091,106.0,3.6666666666666665,0
414,False,5,Casa,6,Eficiente,82.8,69.0,0.8333333333333334,0
520,False,3,Casa,4,Moderado,173.33333333333334,130.0,0.75,0
227,True,4,Apartamento,8,Moderado,56.75,28.375,0.5,1
88,True,14,Comércio,4,Moderado,6.285714285714286,22.0,3.5,1
367,False,13,Apartamento,8,Moderado,28.23076923076923,45.875,1.625,0
467,False,17,Casa,4,Ineficiente,27.47058823529412,116.75,4.25,0
129,False,14,Apartamento,3,Eficiente,9.214285714285714,43.0,4.666666666666667,0
596,False,3,Casa,5,Moderado,198.66666666666663,119.2,0.6,0
666,True,13,Comércio,5,Ineficiente,51.23076923076923,133.2,2.6,1
357,False,7,Apartamento,10,Moderado,51.0,35.7,0.7,0
379,False,17,Apartamento,10,Moderado,22.294117647058822,37.9,1.7,0
668,True,12,Casa,1,Ineficiente,55.66666666666666,668.0,12.0,1
697,False,16,Apartamento,8,Ineficiente,43.5625,87.125,2.0,0
686,True,4,Casa,8,Ineficiente,171.5,85.75,0.5,1
214,True,5,Casa,8,Moderado,42.8,26.75,0.625,1
659,True,10,Casa,10,Ineficiente,65.9,65.9,1.0,1
226,False,17,Comércio,4,Eficiente,13.294117647058824,56.5,4.25,0
569,False,12,Apartamento,9,Ineficiente,47.41666666666666,63.22222222222222,1.3333333333333333,0
557,False,16,Casa,10,Ineficiente,34.8125,55.7,1.6,0
238,True,7,Comércio,3,Eficiente,34.0,79.33333333333333,2.333333333333333,1
463,True,6,Casa,7,Ineficiente,77.16666666666667,66.14285714285714,0.8571428571428571,1
242,True,7,Casa,6,Eficiente,34.57142857142857,40.333333333333336,1.1666666666666667,1
520,True,12,Casa,9,Ineficiente,43.333333333333336,57.77777777777778,1.3333333333333333,1
268,False,8,Apartamento,4,Eficiente,33.5,67.0,2.0,0
494,False,14,Apartamento,4,Ineficiente,35.285714285714285,123.5,3.5,0
418,True,9,Apartamento,6,Moderado,46.44444444444444,69.66666666666667,1.5,1
686,False,16,Apartamento,8,Ineficiente,42.875,85.75,2.0,0
260,False,15,Casa,3,Eficiente,17.333333333333332,86.66666666666667,5.0,0
367,True,11,Apartamento,11,Ineficiente,33.36363636363637,33.36363636363637,1.0,1
266,False,3,Casa,8,Eficiente,88.66666666666667,33.25,0.375,0
217,False,6,Apartamento,8,Eficiente,36.16666666666666,27.125,0.75,0
209,False,14,Apartamento,7,Moderado,14.928571428571429,29.857142857142858,2.0,0
273,True,14,Apartamento,7,Moderado,19.5,39.0,2.0,1
395,False,11,Apartamento,5,Moderado,35.90909090909091,79.0,2.2,0
223,False,7,Apartamento,2,Eficiente,31.857142857142858,111.5,3.5,0
95,True,10,Casa,2,Eficiente,9.5,47.5,5.0,1
381,True,14,Comércio,10,Ineficiente,27.214285714285715,38.1,1.4,1
502,True,3,Casa,8,Ineficiente,167.33333333333334,62.75,0.375,1
324,False,6,Casa,11,Moderado,54.0,29.454545454545453,0.5454545454545454,0
186,True,14,Apartamento,6,Moderado,13.285714285714286,31.0,2.333333333333333,1
167,False,16,Apartamento,8,Moderado,10.4375,20.875,2.0,0
208,True,14,Casa,3,Moderado,14.857142857142858,69.33333333333333,4.666666666666667,1
420,True,11,Comércio,1,Ineficiente,38.18181818181818,420.0,11.0,1
83,True,15,Comércio,6,Moderado,5.533333333333333,13.833333333333334,2.5,1
406,True,3,Apartamento,2,Moderado,135.33333333333334,203.0,1.5,1
489,True,3,Apartamento,9,Ineficiente,163.0,54.333333333333336,0.3333333333333333,1
385,False,6,Apartamento,5,Eficiente,64.16666666666667,77.0,1.2,0
686,True,16,Casa,5,Ineficiente,42.875,137.2,3.2,1
304,True,5,Apartamento,10,Moderado,60.8,30.4,0.5,1
427,True,9,Comércio,8,Ineficiente,47.44444444444444,53.375,1.125,1
400,False,13,Comércio,6,Moderado,30.76923076923077,66.66666666666667,2.1666666666666665,0
638,False,5,Comércio,3,Moderado,127.6,212.66666666666663,1.6666666666666667,0
260,False,3,Casa,9,Eficiente,86.66666666666667,28.88888888888889,0.3333333333333333,0
697,False,14,Casa,10,Ineficiente,49.785714285714285,69.7,1.4,0
465,True,17,Casa,4,Ineficiente,27.352941176470587,116.25,4.25,1
697,True,13,Casa,10,Ineficiente,53.61538461538461,69.7,1.3,1
187,True,12,Casa,4,Moderado,15.583333333333334,46.75,3.0,1
610,True,4,Casa,2,Ineficiente,152.5,305.0,2.0,1
489,False,12,Apartamento,3,Ineficiente,40.75,163.0,4.0,0
375,True,15,Apartamento,4,Moderado,25.0,93.75,3.75,1
250,True,6,Apartamento,7,Moderado,41.66666666666666,35.714285714285715,0.8571428571428571,1
410,True,3,Apartamento,3,Moderado,136.66666666666666,136.66666666666666,1.0,1
572,False,3,Casa,8,Ineficiente,190.66666666666663,71.5,0.375,0
274,False,14,Casa,8,Moderado,19.571428571428573,34.25,1.75,0
91,True,16,Apartamento,10,Moderado,5.6875,9.1,1.6,1
274,True,10,Apartamento,11,Moderado,27.4,24.90909090909091,0.9090909090909092,1
569,False,9,Apartamento,2,Moderado,63.22222222222222,284.5,4.5,0
261,False,16,Casa,4,Eficiente,16.3125,65.25,4.0,0
395,True,10,Casa,8,Moderado,39.5,49.375,1.25,1
109,True,15,Apartamento,1,Moderado,7.266666666666667,109.0,15.0,1
675,False,6,Comércio,1,Moderado,112.5,675.0,6.0,0
175,False,8,Comércio,4,Eficiente,21.875,43.75,2.0,0
460,True,17,Apartamento,11,Ineficiente,27.058823529411764,41.81818181818182,1.5454545454545454,1
523,False,15,Apartamento,2,Ineficiente,34.86666666666667,261.5,7.5,0
377,False,5,Apartamento,1,Eficiente,75.4,377.0,5.0,0
440,False,13,Apartamento,8,Moderado,33.84615384615385,55.0,1.625,0
453,False,15,Apartamento,2,Ineficiente,30.2,226.5,7.5,0
633,False,10,Comércio,4,Moderado,63.3,158.25,2.5,0
382,True,6,Apartamento,3,Moderado,63.66666666666666,127.33333333333331,2.0,1
500,False,5,Comércio,2,Moderado,100.0,250.0,2.5,0
325,True,6,Casa,8,Moderado,54.16666666666666,40.625,0.75,1
316,False,8,Apartamento,3,Eficiente,39.5,105.33333333333331,2.6666666666666665,0
613,True,13,Apartamento,9,Ineficiente,47.15384615384615,68.11111111111111,1.4444444444444444,1
264,False,9,Casa,10,Eficiente,29.33333333333333,26.4,0.9,0
547,True,9,Apartamento,5,Ineficiente,60.77777777777778,109.4,1.8,1
442,True,16,Casa,9,Ineficiente,27.625,49.11111111111112,1.7777777777777777,1
362,True,17,Apartamento,3,Moderado,21.294117647058822,120.66666666666669,5.666666666666667,1
632,False,14,Apartamento,5,Ineficiente,45.142857142857146,126.4,2.8,0
415,False,6,Casa,10,Moderado,69.16666666666667,41.5,0.6,0
241,False,10,Apartamento,6,Eficiente,24.1,40.16666666666666,1.6666666666666667,0
239,True,9,Apartamento,9,Moderado,26.55555555555556,26.55555555555556,1.0,1
553,True,4,Apartamento,8,Ineficiente,138.25,69.125,0.5,1
680,False,15,Casa,2,Ineficiente,45.333333333333336,340.0,7.5,0
401,False,10,Comércio,2,Eficiente,40.1,200.5,5.0,0
91,False,11,Apartamento,5,Eficiente,8.272727272727273,18.2,2.2,0
503,False,7,Apartamento,5,Moderado,71.85714285714286,100.6,1.4,0
152,False,17,Casa,5,Eficiente,8.941176470588236,30.4,3.4,0
667,True,6,Comércio,4,Ineficiente,111.16666666666669,166.75,1.5,1
280,False,6,Casa,8,Eficiente,46.66666666666666,35.0,0.75,0
601,False,15,Apartamento,11,Ineficiente,40.06666666666667,54.63636363636363,1.3636363636363635,0
584,False,6,Apartamento,5,Moderado,97.33333333333331,116.8,1.2,0
118,False,8,Casa,1,Eficiente,14.75,118.0,8.0,0
139,True,13,Apartamento,10,Moderado,10.692307692307692,13.9,1.3,1
657,True,6,Casa,5,Ineficiente,109.5,131.4,1.2,1
400,True,9,Apartamento,1,Moderado,44.44444444444444,400.0,9.0,1
514,True,9,Apartamento,4,Ineficiente,57.11111111111112,128.5,2.25,1
487,False,7,Comércio,1,Moderado,69.57142857142857,487.0,7.0,0
465,False,15,Comércio,6,Ineficiente,31.0,77.5,2.5,0
648,True,7,Apartamento,6,Ineficiente,92.57142857142856,108.0,1.1666666666666667,1
157,True,17,Apartamento,1,Moderado,9.235294117647058,157.0,17.0,1
273,False,12,Apartamento,8,Moderado,22.75,34.125,1.5,0
364,False,10,Casa,4,Eficiente,36.4,91.0,2.5,0
606,True,9,Apartamento,2,Ineficiente,67.33333333333333,303.0,4.5,1
603,False,16,Comércio,1,Ineficiente,37.6875,603.0,16.0,0
692,True,9,Casa,11,Ineficiente,76.88888888888889,62.90909090909091,0.8181818181818182,1
235,True,8,Casa,3,Eficiente,29.375,78.33333333333333,2.6666666666666665,1
419,True,9,Casa,7,Moderado,46.55555555555556,59.85714285714285,1.2857142857142858,1
204,True,9,Casa,10,Moderado,22.666666666666668,20.4,0.9,1
359,True,12,Casa,11,Ineficiente,29.916666666666668,32.63636363636363,1.0909090909090908,1
207,False,16,Apartamento,10,Moderado,12.9375,20.7,1.6,0
393,False,4,Apartamento,8,Moderado,98.25,49.125,0.5,0
411,True,16,Apartamento,5,Moderado,25.6875,82.2,3.2,1
229,True,12,Casa,7,Moderado,19.08333333333333,32.714285714285715,1.7142857142857142,1
533,True,4,Apartamento,2,Ineficiente,133.25,266.5,2.0,1
115,False,16,Comércio,4,Eficiente,7.1875,28.75,4.0,0
499,False,12,Comércio,6,Ineficiente,41.583333333333336,83.16666666666667,2.0,0
101,True,9,Apartamento,5,Eficiente,11.22222222222222,20.2,1.8,1
285,True,16,Casa,6,Moderado,17.8125,47.5,2.6666666666666665,1
435,False,12,Comércio,2,Moderado,36.25,217.5,6.0,0
519,False,9,Apartamento,7,Ineficiente,57.66666666666666,74.14285714285714,1.2857142857142858,0
175,True,9,Casa,8,Moderado,19.444444444444443,21.875,1.125,1
243,False,7,Casa,11,Eficiente,34.714285714285715,22.09090909090909,0.6363636363636364,0
227,False,3,Casa,9,Eficiente,75.66666666666667,25.22222222222222,0.3333333333333333,0
609,True,16,Casa,6,Ineficiente,38.0625,101.5,2.6666666666666665,1
373,True,4,Casa,7,Moderado,93.25,53.285714285714285,0.5714285714285714,1
274,True,15,Comércio,1,Moderado,18.266666666666666,274.0,15.0,1
559,False,11,Apartamento,9,Ineficiente,50.81818181818182,62.11111111111112,1.2222222222222223,0
202,False,10,Apartamento,6,Eficiente,20.2,33.666666666666664,1.6666666666666667,0
479,False,10,Apartamento,4,Moderado,47.9,119.75,2.5,0
531,False,12,Apartamento,10,Ineficiente,44.25,53.1,1.2,0
183,False,3,Comércio,9,Eficiente,61.0,20.33333333333333,0.3333333333333333,0
541,False,8,Comércio,1,Moderado,67.625,541.0,8.0,0
475,False,17,Casa,2,Ineficiente,27.94117647058824,237.5,8.5,0
416,True,17,Comércio,3,Ineficiente,24.47058823529412,138.66666666666666,5.666666666666667,1
678,True,11,Apartamento,1,Ineficiente,61.63636363636363,678.0,11.0,1
221,False,17,Casa,2,Eficiente,13.0,110.5,8.5,0
396,False,10,Apartamento,2,Eficiente,39.6,198.0,5.0,0
637,True,5,Apartamento,7,Ineficiente,127.4,91.0,0.7142857142857143,1
606,False,6,Comércio,10,Ineficiente,101.0,60.6,0.6,0
635,False,17,Casa,6,Ineficiente,37.35294117647059,105.83333333333331,2.833333333333333,0
480,True,5,Apartamento,9,Ineficiente,96.0,53.333333333333336,0.5555555555555556,1
389,False,8,Casa,5,Eficiente,48.625,77.8,1.6,0
574,True,16,Casa,9,Ineficiente,35.875,63.77777777777778,1.7777777777777777,1
635,False,11,Casa,10,Ineficiente,57.72727272727273,63.5,1.1,0
689,True,17,Apartamento,9,Ineficiente,40.52941176470589,76.55555555555556,1.8888888888888888,1
188,False,10,Apartamento,2,Eficiente,18.8,94.0,5.0,0
451,True,17,Casa,9,Ineficiente,26.529411764705884,50.11111111111112,1.8888888888888888,1
695,True,17,Apartamento,3,Ineficiente,40.88235294117647,231.66666666666663,5.666666666666667,1
285,False,15,Casa,11,Moderado,19.0,25.90909090909091,1.3636363636363635,0
122,True,12,Casa,3,Moderado,10.166666666666666,40.66666666666666,4.0,1
324,True,6,Apartamento,11,Moderado,54.0,29.454545454545453,0.5454545454545454,1
366,True,17,Casa,9,Ineficiente,21.529411764705884,40.66666666666666,1.8888888888888888,1
434,False,4,Apartamento,7,Moderado,108.5,62.0,0.5714285714285714,0
555,False,15,Casa,11,Ineficiente,37.0,50.45454545454545,1.3636363636363635,0
162,True,10,Casa,8,Moderado,16.2,20.25,1.25,1
189,False,10,Apartamento,7,Eficiente,18.9,27.0,1.4285714285714286,0
269,False,16,Apartamento,9,Moderado,16.8125,29.88888888888889,1.7777777777777777,0
330,False,14,Casa,8,Moderado,23.571428571428573,41.25,1.75,0
370,True,13,Apartamento,4,Moderado,28.46153846153846,92.5,3.25,1
280,False,8,Apartamento,2,Eficiente,35.0,140.0,4.0,0
405,True,16,Apartamento,11,Ineficiente,25.3125,36.81818181818182,1.4545454545454546,1
590,True,10,Casa,5,Ineficiente,59.0,118.0,2.0,1
488,True,11,Apartamento,2,Ineficiente,44.36363636363637,244.0,5.5,1
686,False,15,Apartamento,4,Ineficiente,45.73333333333333,171.5,3.75,0
587,True,3,Casa,2,Ineficiente,195.66666666666663,293.5,1.5,1
680,False,11,Comércio,5,Ineficiente,61.81818181818182,136.0,2.2,0
151,True,4,Comércio,6,Eficiente,37.75,25.166666666666668,0.6666666666666666,1
326,True,16,Comércio,11,Ineficiente,20.375,29.63636363636364,1.4545454545454546,1
687,True,15,Apartamento,1,Ineficiente,45.8,687.0,15.0,1
666,True,3,Apartamento,8,Ineficiente,222.0,83.25,0.375,1
645,True,10,Apartamento,2,Ineficiente,64.5,322.5,5.0,1
423,True,10,Apartamento,5,Moderado,42.3,84.6,2.0,1
133,True,13,Apartamento,11,Moderado,10.23076923076923,12.090909090909092,1.181818181818182,1
607,True,6,Apartamento,8,Ineficiente,101.16666666666669,75.875,0.75,1
690,True,10,Casa,5,Ineficiente,69.0,138.0,2.0,1
611,True,9,Casa,3,Ineficiente,67.88888888888889,203.66666666666663,3.0,1
637,False,15,Comércio,6,Ineficiente,42.46666666666667,106.16666666666669,2.5,0
272,False,4,Casa,1,Eficiente,68.0,272.0,4.0,0
137,False,7,Apartamento,1,Eficiente,19.571428571428573,137.0,7.0,0
516,True,16,Comércio,8,Ineficiente,32.25,64.5,2.0,1
190,False,12,Apartamento,7,Moderado,15.833333333333334,27.142857142857142,1.7142857142857142,0
208,False,6,Comércio,10,Eficiente,34.666666666666664,20.8,0.6,0
405,True,5,Apartamento,10,Moderado,81.0,40.5,0.5,1
87,True,3,Casa,11,Moderado,29.0,7.909090909090909,0.2727272727272727,1
108,True,7,Apartamento,11,Moderado,15.428571428571429,9.818181818181818,0.6363636363636364,1
191,True,12,Casa,3,Moderado,15.916666666666666,63.66666666666666,4.0,1
210,True,10,Casa,8,Moderado,21.0,26.25,1.25,1
267,False,14,Casa,11,Moderado,19.071428571428573,24.272727272727277,1.2727272727272727,0
554,True,11,Casa,8,Ineficiente,50.36363636363637,69.25,1.375,1
443,False,9,Casa,1,Eficiente,49.22222222222222,443.0,9.0,0
283,True,14,Casa,10,Moderado,20.214285714285715,28.3,1.4,1
291,True,13,Apartamento,7,Moderado,22.384615384615383,41.57142857142857,1.8571428571428568,1
355,False,3,Apartamento,2,Eficiente,118.33333333333331,177.5,1.5,0
152,False,3,Casa,2,Eficiente,50.66666666666666,76.0,1.5,0
322,True,17,Casa,2,Moderado,18.94117647058824,161.0,8.5,1
181,False,3,Apartamento,5,Eficiente,60.333333333333336,36.2,0.6,0
250,False,4,Apartamento,7,Eficiente,62.5,35.714285714285715,0.5714285714285714,0
267,True,3,Comércio,4,Eficiente,89.0,66.75,0.75,1
520,True,6,Casa,11,Ineficiente,86.66666666666667,47.27272727272727,0.5454545454545454,1
165,False,12,Comércio,4,Eficiente,13.75,41.25,3.0,0
555,True,11,Apartamento,9,Ineficiente,50.45454545454545,61.66666666666666,1.2222222222222223,1
131,True,14,Apartamento,10,Moderado,9.357142857142858,13.1,1.4,1
190,True,6,Casa,9,Moderado,31.666666666666668,21.11111111111111,0.6666666666666666,1
122,True,15,Casa,7,Moderado,8.133333333333333,17.428571428571427,2.142857142857143,1
290,False,6,Casa,10,Eficiente,48.333333333333336,29.0,0.6,0
279,True,9,Casa,4,Eficiente,31.0,69.75,2.25,1
105,False,16,Apartamento,8,Moderado,6.5625,13.125,2.0,0
378,True,13,Apartamento,10,Ineficiente,29.07692307692308,37.8,1.3,1
156,True,11,Apartamento,3,Moderado,14.181818181818182,52.0,3.6666666666666665,1
216,True,9,Apartamento,3,Eficiente,24.0,72.0,3.0,1
99,False,3,Apartamento,7,Eficiente,33.0,14.142857142857142,0.4285714285714285,0
519,False,3,Casa,11,Ineficiente,173.0,47.18181818181818,0.2727272727272727,0
290,True,6,Comércio,9,Moderado,48.333333333333336,32.22222222222222,0.6666666666666666,1
